Peptide,Protein,Protein Description,Peptide Modified Sequence,Begin Pos,End Pos,Average Measured Retention Time,Peptide Note,29_G1F1K_Tryp-R_2-F6_01_4274 Normalized Area,30_G1F2K_Tryp-R_1-A7_01_4280 Normalized Area,31_G1F3K_Tryp-R_1-B8_01_4286 Normalized Area,32_G1F4K_Tryp-R_1-D1_01_4291 Normalized Area,32_G1F5K_Tryp-R_1-D7_01_4294 Normalized Area,33_G1F6K_Tryp-R_1-E3_01_4297 Normalized Area,29_G2F1K_Tryp-R_2-F7_01_4276 Normalized Area,30_G2F2K_Tryp-R_1-A8_01_4282 Normalized Area,31_G2F3K_Tryp-R_1-C1_01_4288 Normalized Area,32_G2F4K_Tryp-R_1-D2_01_4292 Normalized Area,32_G2F5K_Tryp-R_1-D8_01_4295 Normalized Area,33_G2F6K_Tryp-R_1-E4_01_4298 Normalized Area,29_CnF1K_Tryp-R_2-F8_01_4278 Normalized Area,30_CnF2K_Tryp-R_1-B1_01_4284 Normalized Area,31_CnF3K_Tryp-R_1-C2_01_4290 Normalized Area,32_CnF4K_Tryp-R_1-D3_01_4293 Normalized Area,32_CnF5K_Tryp-R_1-E2_01_4296 Normalized Area,33_CnF6K_Tryp-R_1-E5_01_4299 Normalized Area
GKTGGKAR,XP_003448939.1,NA,G[+56]K[+56]TGGK[+56]AR,#N/A,#N/A,24.88,NA,4.0994E+7,2.1954E+7,1.4131E+7,1.5708E+7,2.7269E+7,6.5452E+7,1.1170E+8,4.9486E+7,1.0158E+8,4.9906E+7,2.4870E+7,8.2667E+7,3.3976E+7,3.9074E+7,6.3767E+7,1.0064E+8,1.4021E+8,1.4832E+8
GKTGGKAR,XP_003448939.1,NA,G[+43]K[+56]TGGK[+56]AR,#N/A,#N/A,21.27,NA,1.3039E+6,6.5469E+5,4.2816E+5,3.0328E+5,2.2241E+6,1.2612E+7,3.8184E+6,1.9653E+6,3.5327E+6,6.7998E+6,4.0114E+6,3.6718E+6,1.1625E+6,1.7601E+6,2.5617E+6,1.0940E+7,8.8173E+6,7.2902E+6
SSRAGLQFPVGR,XP_003448939.1,NA,S[+56]S[+114]RAGLQFPVGR,#N/A,#N/A,38.05,NA,1.6020E+4,0.0000E+0,3.9713E+2,4.0293E+2,1.0874E+5,3.1828E+5,3.7632E+4,5.7034E+4,1.7518E+5,3.8731E+5,1.5689E+5,3.8859E+5,2.8958E+4,1.8148E+4,2.3694E+4,5.7070E+5,3.3829E+5,4.3042E+5
SSRAGLQFPVGR,XP_003448939.1,NA,S[+114]S[+56]RAGLQFPVGR,#N/A,#N/A,37.99,NA,4.2342E+5,3.5506E+4,3.6617E+4,1.0078E+4,1.4467E+6,3.0642E+6,5.1436E+5,8.8593E+5,1.8262E+6,3.3825E+6,1.5487E+6,3.4537E+6,5.1781E+5,5.1478E+5,5.3700E+5,5.1782E+6,3.2323E+6,3.6431E+6
SSRAGLQFPVGR,XP_003448939.1,NA,S[-18]S[+114]RAGLQFPVGR,#N/A,#N/A,37.97,NA,5.0388E+5,4.8107E+4,4.4995E+4,1.4299E+4,9.8010E+5,2.9643E+6,4.9740E+5,8.2133E+5,1.7114E+6,5.1572E+6,1.3645E+6,3.2709E+6,6.3602E+5,5.3988E+5,4.2316E+5,5.7850E+6,2.4557E+6,2.5777E+6
SSRAGLQFPVGR,XP_003448939.1,NA,S[+226.1]SR[+1]AGLQFPVGR,#N/A,#N/A,38.08,NA,2.0646E+6,1.1115E+6,1.4562E+6,9.1271E+5,3.1627E+7,2.6382E+7,4.7006E+6,4.6307E+6,7.4507E+6,4.4848E+7,2.4138E+7,2.3587E+7,2.3816E+6,4.4712E+6,4.9952E+6,3.8220E+7,3.6095E+7,3.2421E+7
SSRAGLQFPVGR,XP_003448939.1,NA,S[+42]S[+56]RAGLQFPVGR,#N/A,#N/A,57.19,NA,1.3476E+6,9.0060E+4,7.8769E+5,6.6525E+5,2.3835E+6,1.7840E+7,3.7452E+6,2.2231E+6,2.3024E+7,2.1824E+7,1.6546E+6,9.3987E+6,6.3802E+5,1.3216E+6,5.6728E+6,3.7020E+7,1.4003E+7,1.8504E+7
SSRAGLQFPVGR,XP_003448939.1,NA,S[+57]S[+56]RAGLQFPVGR,#N/A,#N/A,37.97,NA,4.6584E+5,4.8294E+4,4.4615E+4,1.4508E+4,8.7866E+5,2.4942E+6,4.7591E+5,7.5990E+5,1.4921E+6,4.3283E+6,1.1705E+6,2.7271E+6,5.7173E+5,5.0986E+5,4.0460E+5,4.8743E+6,2.1591E+6,2.3145E+6
SSRAGLQFPVGR,XP_003448939.1,NA,SS[+114]R[+14]AGLQFPVGR,#N/A,#N/A,37.97,NA,4.9581E+7,3.1719E+7,3.1167E+7,1.4158E+7,1.6502E+8,2.7171E+8,5.3169E+7,1.4168E+8,1.4328E+8,2.5264E+8,1.8626E+8,2.7438E+8,9.6227E+7,1.0559E+8,1.1049E+8,3.2863E+8,2.1270E+8,1.8666E+8
SSRAGLQFPVGR,XP_003448939.1,NA,S[+56]S[+114]R[+1]AGLQFPVGR,#N/A,#N/A,38,NA,5.2717E+5,4.2059E+4,4.4661E+4,1.1748E+4,1.9143E+6,4.1496E+6,6.6127E+5,1.0923E+6,2.4253E+6,4.6349E+6,1.9852E+6,4.6025E+6,6.7100E+5,6.1036E+5,6.7214E+5,6.8075E+6,4.2830E+6,4.9919E+6
SSRAGLQFPVGR,XP_003448939.1,NA,S[+226.1]S[-18]RAGLQ[+1]FPVGR,#N/A,#N/A,49.89,NA,1.0182E+6,6.0461E+5,7.6417E+5,1.7743E+5,1.1551E+7,2.1461E+7,1.8807E+6,3.0717E+6,3.8577E+6,1.6376E+7,1.1306E+7,5.2808E+6,1.3144E+6,2.8731E+6,4.0627E+6,1.9885E+7,7.8534E+6,6.2168E+6
SSRAGLQFPVGR,XP_003448939.1,NA,S[+57]S[+114]R[+42]AGLQFPVGR,#N/A,#N/A,38.1,NA,3.0490E+5,2.1688E+4,3.7314E+4,7.6440E+3,1.2635E+6,2.6417E+6,4.0276E+5,6.4741E+5,1.1988E+6,2.7567E+6,1.3419E+6,2.5487E+6,3.8437E+5,3.4102E+5,3.2307E+5,3.4848E+6,1.8710E+6,2.3405E+6
AGLQFPVGR,XP_003448939.1,NA,AGLQFPVGR,#N/A,#N/A,37.97,NA,5.5597E+7,3.4633E+7,3.4370E+7,1.5947E+7,1.8319E+8,3.0124E+8,5.8567E+7,1.5333E+8,1.5946E+8,2.7999E+8,2.0379E+8,2.9838E+8,1.0268E+8,1.1628E+8,1.2201E+8,3.6281E+8,2.3583E+8,2.0448E+8
AGLQFPVGR,XP_003448939.1,NA,A[+56]GLQFPVGR,#N/A,#N/A,57.04,NA,5.8889E+7,2.8247E+7,5.0356E+7,2.4199E+7,1.3329E+8,1.6248E+8,1.4832E+8,1.0858E+8,1.9097E+8,1.3976E+8,9.3982E+7,1.6098E+8,5.8805E+7,9.6551E+7,1.3369E+8,1.9283E+8,1.8358E+8,2.1207E+8
AGLQFPVGR,XP_003448939.1,NA,A[+43]GLQFPVGR,#N/A,#N/A,49.9,NA,2.1141E+6,1.2560E+6,1.6129E+6,3.3866E+5,2.5869E+7,4.7613E+7,3.7155E+6,6.1514E+6,7.6717E+6,3.6767E+7,2.3565E+7,1.0746E+7,2.9122E+6,6.3286E+6,8.2146E+6,4.5472E+7,1.7218E+7,1.3670E+7
AGLQFPVGR,XP_003448939.1,NA,A[+57]GLQFPVGR,#N/A,#N/A,38.08,NA,2.2230E+6,1.2128E+6,1.6256E+6,1.0141E+6,3.5462E+7,2.8910E+7,4.9801E+6,4.9194E+6,7.6663E+6,5.0309E+7,2.7156E+7,2.6079E+7,2.6641E+6,4.8672E+6,5.4454E+6,4.4319E+7,3.8811E+7,3.5079E+7
AGLQFPVGR,XP_003448939.1,NA,AGLQ[+1]FPVGR,#N/A,#N/A,39.85,NA,9.3211E+5,4.5624E+5,4.4729E+5,2.3611E+5,3.6629E+6,6.9640E+6,1.2861E+6,3.5357E+6,3.4159E+6,6.7512E+6,4.0129E+6,6.1620E+6,1.8821E+6,2.4918E+6,2.1750E+6,1.0011E+7,9.9225E+6,3.9826E+6
AGLQFPVGR,XP_003448939.1,NA,AGLQFPVGR[-1],#N/A,#N/A,33.48,NA,6.8267E+4,2.8753E+4,4.5732E+4,1.6513E+4,1.9334E+5,2.9188E+5,1.0069E+5,3.8142E+5,3.7262E+5,3.4166E+5,2.0702E+5,1.0935E+6,1.2715E+5,1.8841E+5,2.1588E+5,5.8808E+5,6.3389E+5,6.2015E+5
AGLQFPVGR,XP_003448939.1,NA,A[+56]GLQ[+1]FPVGR,#N/A,#N/A,59.25,NA,9.2680E+5,3.0812E+5,6.5631E+5,2.8163E+5,1.8865E+6,2.8929E+6,3.6769E+6,2.0232E+6,4.8364E+6,2.0862E+6,1.2926E+6,2.8728E+6,7.4388E+5,1.5622E+6,2.7892E+6,3.9490E+6,3.6854E+6,4.6873E+6
AGLQFPVGR,XP_003448939.1,NA,A[+56]GLQFPVGR[-1],#N/A,#N/A,53.2,NA,9.1381E+4,2.7376E+4,7.1132E+4,4.2383E+4,1.8374E+5,3.1308E+5,3.3532E+5,2.4990E+5,6.0391E+5,2.0316E+5,1.1667E+5,4.8386E+5,8.4923E+4,1.4293E+5,3.1281E+5,3.6439E+5,5.8109E+5,8.3464E+5
AGLQFPVGR,XP_003448939.1,NA,A[+43]GLQ[+1]FPVGR,#N/A,#N/A,52.64,NA,1.7603E+5,5.7010E+4,9.7038E+4,4.9399E+4,3.9483E+5,7.0320E+5,5.5430E+5,2.9745E+5,8.3004E+5,4.8554E+5,2.5706E+5,5.8236E+5,1.7431E+5,2.3002E+5,4.3128E+5,9.4307E+5,7.2643E+5,8.6846E+5
AGLQFPVGR,XP_003448939.1,NA,A[+57]GLQ[+1]FPVGR,#N/A,#N/A,38.08,NA,1.1142E+6,5.9628E+5,7.7285E+5,5.1344E+5,1.4345E+7,1.3206E+7,2.5692E+6,2.7368E+6,3.8598E+6,2.2138E+7,1.1936E+7,1.1270E+7,1.3102E+6,2.3095E+6,2.8552E+6,1.8756E+7,1.7410E+7,1.5432E+7
LLRKGNYAER,XP_003448939.1,NA,L[+56]LR[+28]K[+28]GNYAER,#N/A,#N/A,16.63,NA,1.8636E+5,1.1619E+5,9.5449E+4,4.7409E+4,3.3190E+5,9.8281E+5,2.5939E+5,2.5510E+5,8.4931E+5,9.2359E+5,2.7771E+5,9.7674E+5,7.3205E+5,6.0732E+5,4.4828E+5,1.4002E+6,1.0346E+6,1.4049E+6
KGNYAER,XP_003448939.1,NA,K[+56]GNYAER,#N/A,#N/A,16.62,NA,3.2182E+6,2.1253E+6,1.6306E+6,7.2529E+5,3.8618E+6,1.0289E+7,3.8424E+6,3.8559E+6,9.7878E+6,1.0226E+7,3.2102E+6,1.0096E+7,9.0776E+6,8.1727E+6,6.2219E+6,1.4582E+7,1.1192E+7,1.4222E+7
KGNYAER,XP_003448939.1,NA,K[+112.1]GNYAER,#N/A,#N/A,30.33,NA,2.3086E+7,1.2564E+7,1.0106E+7,7.1452E+6,2.4471E+7,6.1402E+7,6.8820E+7,2.9672E+7,7.6858E+7,3.8858E+7,2.5024E+7,5.4386E+7,1.6919E+7,2.3213E+7,3.9811E+7,9.3602E+7,9.9857E+7,1.2063E+8
IIPRHLQLAVR,XP_003448939.1,NA,IIP[+16]RHLQLAVR,#N/A,#N/A,35.43,NA,1.2417E+7,1.1065E+6,1.2263E+7,2.1307E+6,3.8062E+7,2.9346E+7,4.1951E+7,1.6266E+7,5.2886E+7,2.3772E+7,1.8000E+7,4.3672E+7,2.2439E+7,2.5709E+7,3.9665E+7,4.6541E+7,5.4314E+7,4.5609E+7
IIPRHLQLAVR,XP_003448939.1,NA,IIP[+16]R[+1]HLQLAVR,#N/A,#N/A,35.43,NA,1.2686E+7,1.1191E+6,1.2114E+7,1.9821E+6,3.6904E+7,3.0835E+7,3.9881E+7,1.3621E+7,4.9722E+7,2.3974E+7,1.7738E+7,3.8835E+7,2.0700E+7,2.4779E+7,3.9171E+7,4.5410E+7,4.5903E+7,4.1830E+7
HLQLAVR,XP_003448939.1,NA,HLQLAVR,#N/A,#N/A,18.71,NA,3.4639E+7,4.5074E+6,1.2420E+7,7.9377E+5,8.8620E+7,1.7136E+8,1.0714E+7,8.2665E+7,8.5760E+7,1.9817E+8,1.4540E+8,1.8507E+8,6.3469E+7,5.5599E+7,4.4384E+7,2.4881E+8,1.2353E+8,9.3826E+7
HLQLAVR,XP_003448939.1,NA,H[+56]LQLAVR,#N/A,#N/A,35.43,NA,4.2042E+7,4.8933E+6,4.4024E+7,8.0114E+6,1.2189E+8,1.0208E+8,1.4517E+8,5.2686E+7,1.6845E+8,8.1859E+7,6.3439E+7,1.3613E+8,7.3561E+7,8.1799E+7,1.3676E+8,1.4686E+8,1.7180E+8,1.4549E+8
HLQLAVR,XP_003448939.1,NA,H[+43]LQLAVR,#N/A,#N/A,29.37,NA,3.6364E+6,6.3215E+5,2.0201E+6,2.3156E+5,3.0083E+7,6.2023E+7,6.6809E+6,6.8818E+6,7.5573E+6,4.3194E+7,2.8957E+7,1.4115E+7,4.5944E+6,6.8449E+6,9.0701E+6,5.4596E+7,1.9037E+7,1.1646E+7
HLQLAVR,XP_003448939.1,NA,HLQLAVR[+14],#N/A,#N/A,21.99,NA,1.7421E+6,6.8098E+4,5.5292E+5,1.2859E+4,1.1112E+7,2.7368E+7,6.0121E+5,6.1804E+6,9.5206E+6,3.5287E+7,2.2502E+7,2.5070E+7,7.2940E+6,4.0764E+6,3.8570E+6,4.6604E+7,1.3516E+7,7.8706E+6
IAAEASR,XP_003451196.1,NA,I[+56]AAEASR,#N/A,#N/A,29.71,NA,4.6677E+6,2.9234E+6,6.1988E+6,2.9193E+6,2.3313E+7,4.2129E+7,1.7940E+7,1.4921E+7,3.0473E+7,3.8393E+7,1.8010E+7,2.1537E+7,4.7349E+6,8.5077E+6,1.0126E+7,3.8547E+7,2.8631E+7,3.8519E+7
LAHYNKR,XP_003451196.1,NA,L[+56]AHYNK[+56]R,#N/A,#N/A,31.79,NA,1.0008E+7,3.5278E+6,6.5215E+6,1.3882E+6,7.0893E+7,8.0155E+7,3.4186E+7,1.2775E+7,4.2045E+7,8.0934E+7,4.0485E+7,3.7167E+7,1.0640E+7,1.8487E+7,3.3635E+7,7.9187E+7,5.3955E+7,5.6339E+7
EIQTAVR,XP_003451196.1,NA,E[+56]IQTAVR,#N/A,#N/A,34.1,NA,1.8735E+7,9.5544E+6,1.2961E+7,8.0582E+6,4.4357E+7,5.7076E+7,4.9705E+7,2.7480E+7,4.9823E+7,4.9229E+7,3.3223E+7,4.2610E+7,1.3647E+7,1.8455E+7,2.6918E+7,6.4378E+7,5.0539E+7,6.6320E+7
LLLPGELAKHAVSEGTKAVTKYTSSK,XP_003451196.1,NA,LLLPGELAK[+56]HAVSEGTK[+56]AVTK[+56]YTSSK,#N/A,#N/A,68.82,NA,4.2521E+4,7.7074E+2,1.0830E+3,1.1532E+3,1.0978E+6,1.9124E+6,5.0225E+4,3.3004E+4,7.3101E+4,1.9853E+6,1.4903E+6,5.3491E+5,3.3993E+4,6.9055E+4,4.1191E+3,1.5029E+6,6.1129E+5,1.5654E+5
SQRAGLQFPVGR,XP_005464230.1,NA,S[+114]QRAGLQFPVGR,#N/A,#N/A,37.99,NA,5.1903E+5,4.2704E+4,4.3348E+4,1.1748E+4,1.8791E+6,4.0449E+6,6.7267E+5,1.0939E+6,2.3938E+6,4.4275E+6,1.9476E+6,4.5118E+6,6.4968E+5,6.0270E+5,6.6801E+5,6.7112E+6,4.1836E+6,4.8715E+6
SQRAGLQFPVGR,XP_005464230.1,NA,S[+56]QR[+42]AGLQFPVGR,#N/A,#N/A,37.97,NA,4.5281E+7,2.9649E+7,2.9220E+7,1.3121E+7,1.5540E+8,2.5884E+8,4.9014E+7,1.3208E+8,1.3432E+8,2.4001E+8,1.7416E+8,2.5606E+8,8.8004E+7,9.9382E+7,1.0305E+8,3.1551E+8,2.0049E+8,1.7474E+8
SQRAGLQFPVGR,XP_005464230.1,NA,S[+114]QR[+14]AGLQFPVGR,#N/A,#N/A,38,NA,5.6197E+5,4.2148E+4,4.6633E+4,1.2950E+4,2.0437E+6,4.4271E+6,7.0198E+5,1.2010E+6,2.5883E+6,5.0389E+6,2.1199E+6,4.9281E+6,7.1045E+5,6.7928E+5,7.0755E+5,7.4230E+6,4.6147E+6,5.3820E+6
SQRAGLQFPVGR,XP_005464230.1,NA,S[+114]QR[+42]AGLQFPVGR,#N/A,#N/A,41.64,NA,3.3731E+5,1.2599E+5,2.2547E+5,1.1277E+5,4.5925E+5,4.5262E+5,8.5142E+5,1.1096E+6,2.7176E+6,9.1580E+5,5.3766E+5,2.7622E+6,7.7397E+5,7.7230E+5,1.1378E+6,1.2966E+6,1.6534E+6,2.3705E+6
SQRAGLQFPVGR,XP_005464230.1,NA,S[-18]QR[+32]AGLQFPVGR,#N/A,#N/A,37.98,NA,4.9011E+5,4.3745E+4,4.7657E+4,2.6737E+4,8.4495E+5,2.1177E+6,5.4974E+5,6.4183E+5,1.0820E+6,3.0334E+6,1.0754E+6,2.0998E+6,4.6846E+5,4.1135E+5,4.4359E+5,3.3787E+6,1.7566E+6,1.7230E+6
SQRAGLQFPVGR,XP_005464230.1,NA,S[+42]QR[+28]AGLQFPVGR,#N/A,#N/A,37.97,NA,4.8036E+5,4.9022E+4,4.6491E+4,1.4273E+4,9.6731E+5,2.8729E+6,5.0770E+5,8.0308E+5,1.6964E+6,5.0111E+6,1.3600E+6,3.3334E+6,6.2619E+5,5.3979E+5,4.2248E+5,5.5990E+6,2.3948E+6,2.6506E+6
IHRHLKSR,XP_005464230.1,NA,I[+43]HRHLK[+14]S[+56]R,#N/A,#N/A,16.43,NA,6.7217E+2,1.3344E+2,0.0000E+0,1.5537E+2,4.9348E+4,3.2914E+5,2.6619E+3,2.1702E+4,1.8663E+3,1.1788E+5,2.3040E+5,2.0046E+5,7.8627E+3,2.7333E+3,7.4665E+3,1.7821E+5,7.7178E+4,1.0494E+4
ITPRHLQLAIR,XP_005464230.1,NA,ITPR[+32]HLQLAIR,#N/A,#N/A,40.8,NA,4.2053E+6,9.5375E+4,2.8617E+6,1.4367E+5,1.7826E+7,2.2240E+7,1.4514E+7,3.3150E+6,2.9735E+7,2.1488E+7,1.0069E+7,1.7711E+7,7.4718E+6,7.6008E+6,1.2417E+7,3.3536E+7,2.3257E+7,2.0281E+7
ITPRHLQLAIR,XP_005464230.1,NA,ITP[+16]R[+16]HLQLAIR,#N/A,#N/A,40.8,NA,4.2302E+6,9.5524E+4,2.7610E+6,1.4896E+5,1.7838E+7,2.2240E+7,1.4496E+7,3.4064E+6,2.9735E+7,2.1407E+7,1.0179E+7,1.7773E+7,7.4718E+6,7.6008E+6,1.2404E+7,3.3536E+7,2.2471E+7,2.0281E+7
HLQLAIR,XP_005464230.1,NA,HLQLAIR,#N/A,#N/A,21.99,NA,1.7698E+6,6.8476E+4,5.5144E+5,1.3180E+4,1.1112E+7,2.6113E+7,6.0328E+5,6.1804E+6,9.5376E+6,3.5287E+7,2.2502E+7,2.5114E+7,7.2940E+6,4.0764E+6,3.8570E+6,4.6435E+7,1.3516E+7,7.8706E+6
HLQLAIR,XP_005464230.1,NA,H[+56]LQLAIR,#N/A,#N/A,40.8,NA,5.0681E+6,1.1814E+5,3.5418E+6,1.7588E+5,2.1911E+7,2.8620E+7,1.8270E+7,3.9671E+6,3.9036E+7,2.7500E+7,1.2687E+7,2.2540E+7,9.2668E+6,9.4154E+6,1.5632E+7,4.2040E+7,3.0089E+7,2.6031E+7
SGVSAAALKKALAAGGYDVDKNKAR,XP_019209842.1,NA,SGVSAAALK[+114]KALAAGGYDVDK[+56]NKAR,#N/A,#N/A,61.15,NA,1.2663E+4,7.2055E+2,1.0538E+3,1.8928E+3,2.1077E+5,5.1849E+5,3.1777E+4,2.3351E+4,8.9643E+4,4.9823E+5,2.7836E+5,1.7903E+5,3.9496E+4,3.5422E+4,7.4087E+3,6.3004E+5,2.4525E+5,8.0872E+4
NA,NA,NA,NA,NA,NA,NA,NA,NA,NA,NA,NA,NA,NA,NA,NA,NA,NA,NA,NA,NA,NA,NA,NA,NA,NA
NA,NA,NA,NA,NA,NA,NA,NA,NA,NA,NA,NA,NA,NA,NA,NA,NA,NA,NA,NA,NA,NA,NA,NA,NA,NA
AMSIMNSFVNDLFER,XP_003438147.1,NA,AMSIMNSFVNDLFER,#N/A,#N/A,68.94,NA,1.9824E+4,0.0000E+0,1.9943E+3,1.2612E+3,2.2265E+6,3.6507E+6,1.0182E+5,1.9833E+5,3.0116E+5,2.5288E+6,3.1699E+6,2.6296E+6,1.9409E+5,2.9160E+5,3.4275E+3,2.0271E+6,9.6243E+5,7.9414E+5
AMSIMNSFVNDLFER,XP_003438147.1,NA,AM[+16]SIMNSFVNDLFER,#N/A,#N/A,68.8,NA,1.1673E+4,2.3880E+2,1.2081E+3,2.7824E+2,5.4740E+5,7.7874E+5,5.2780E+4,9.0610E+4,1.3552E+5,5.5922E+5,5.7866E+5,4.4559E+5,9.3585E+4,1.4608E+5,1.2145E+3,8.5263E+5,2.0889E+5,1.7893E+5
NA,NA,NA,NA,NA,NA,NA,NA,NA,NA,NA,NA,NA,NA,NA,NA,NA,NA,NA,NA,NA,NA,NA,NA,NA,NA
AMSIMNSFVNDLFER,XP_003438147.1,NA,AMSIM[+16]NSFVNDLFER,#N/A,#N/A,59.54,NA,9.6904E+4,4.6894E+2,3.7314E+3,1.8697E+3,8.3958E+5,6.1109E+5,6.5579E+4,1.9472E+5,2.7615E+5,4.7686E+5,4.0267E+5,3.4433E+5,3.1445E+5,1.2354E+5,1.7087E+4,6.9807E+5,1.6631E+5,1.5463E+5
AMSIMNSFVNDLFER,XP_003438147.1,NA,AMSIMN[+1]SFVNDLFER,#N/A,#N/A,68.92,NA,2.8035E+4,9.3290E+1,9.5325E+2,1.0053E+3,9.3517E+5,1.6474E+6,4.0942E+4,9.1367E+4,1.3235E+5,1.0839E+6,1.2864E+6,1.1187E+6,5.6277E+4,1.3917E+5,5.9663E+3,8.2791E+5,3.8044E+5,3.0974E+5
AMSIMNSFVNDLFER,XP_003438147.1,NA,AMSIMNS[+56]FVNDLFER,#N/A,#N/A,52.93,NA,7.1039E+2,4.7145E+2,6.9140E+2,1.2044E+3,7.9677E+4,1.6330E+5,1.4802E+3,2.5344E+3,1.4191E+4,1.1767E+5,1.2175E+5,4.9270E+4,3.3311E+3,3.5918E+3,3.2588E+2,7.3845E+4,2.2819E+4,3.6152E+3
AMSIMNSFVNDLFER,XP_003438147.1,NA,AMSIMNSFVN[+1]DLFER,#N/A,#N/A,68.9,NA,6.2433E+3,5.5446E+2,1.1160E+3,2.2198E+3,5.8445E+5,1.0017E+6,2.2826E+4,5.1716E+4,7.7590E+4,5.9429E+5,9.2610E+5,7.2258E+5,5.0137E+4,6.8334E+4,4.1708E+3,4.2016E+5,2.0003E+5,2.3908E+5
AMSIMNSFVNDLFER,XP_003438147.1,NA,A[+56]M[+16]SIMNSFVNDLFER,#N/A,#N/A,70,NA,8.1553E+3,7.0478E+2,4.7518E+3,1.7407E+3,3.0001E+5,3.6507E+5,1.5380E+5,1.7276E+4,4.4373E+4,2.0407E+5,2.6369E+5,1.5442E+5,5.8431E+3,6.3025E+4,1.3356E+3,4.5598E+5,1.3193E+5,2.3913E+5
AMSIMNSFVNDLFER,XP_003438147.1,NA,A[+56]MSIMN[+1]SFVNDLFER,#N/A,#N/A,69.96,NA,2.1153E+4,1.3014E+3,6.6588E+3,4.1373E+3,6.0715E+5,8.2454E+5,2.9761E+5,1.6346E+5,2.0816E+5,4.4955E+5,5.1513E+5,4.8536E+5,2.6423E+4,9.5669E+4,9.3223E+3,8.2074E+5,3.5336E+5,8.1535E+5
AMSIMNSFVNDLFER,XP_003438147.1,NA,A[+57]MSIMN[+1]SFVNDLFER,#N/A,#N/A,52.98,NA,1.0110E+4,1.0061E+3,1.6899E+3,1.2305E+3,4.4676E+6,9.3395E+6,4.0637E+4,1.2561E+5,8.6006E+5,8.0904E+6,7.0853E+6,2.8677E+6,2.0016E+5,1.4532E+5,1.5671E+4,4.5863E+6,1.6005E+6,3.6496E+5
AMSIMNSFVNDLFER,XP_003438147.1,NA,AM[+16]S[+56]IMNSFVNDLFER,#N/A,#N/A,70.04,NA,5.1210E+3,7.6060E+2,2.3153E+3,1.8328E+3,1.1434E+5,1.6228E+5,6.5083E+4,1.3309E+4,2.0122E+4,8.9642E+4,1.0130E+5,8.7195E+4,2.6925E+3,2.6018E+4,2.4470E+3,1.6519E+5,6.4067E+4,1.4035E+5
AMSIMNSFVNDLFER,XP_003438147.1,NA,AM[+16]SIM[+16]NSFVNDLFER,#N/A,#N/A,68.75,NA,1.3249E+4,4.0631E+2,2.7000E+3,7.6319E+2,8.0776E+5,9.8336E+5,6.1270E+4,1.2316E+5,1.6205E+5,8.5437E+5,7.8800E+5,5.5874E+5,1.2194E+5,1.7730E+5,3.3218E+3,1.0927E+6,2.8520E+5,2.2588E+5
AMSIMNSFVNDLFER,XP_003438147.1,NA,AM[+16]SIMN[+1]SFVNDLFER,#N/A,#N/A,68.79,NA,7.3836E+3,2.3906E+2,1.1598E+3,3.4327E+2,4.6171E+5,6.4913E+5,4.0209E+4,7.7593E+4,1.0956E+5,4.7294E+5,4.8509E+5,4.0359E+5,7.6905E+4,1.2845E+5,3.5997E+2,7.1477E+5,1.5537E+5,1.3683E+5
NA,NA,NA,NA,NA,NA,NA,NA,NA,NA,NA,NA,NA,NA,NA,NA,NA,NA,NA,NA,NA,NA,NA,NA,NA,NA
AMSIMNSFVNDLFER,XP_003438147.1,NA,AMSIM[+16]NSFVN[+1]DLFER,#N/A,#N/A,64.28,NA,6.9547E+3,0.0000E+0,1.3230E+3,1.0826E+3,2.1528E+5,5.2596E+5,2.5734E+4,8.1946E+4,1.1233E+5,3.5461E+5,4.1555E+5,3.1744E+5,3.6755E+4,4.1681E+4,2.9597E+3,5.2168E+5,9.4058E+4,9.9328E+4
AMSIMNSFVNDLFER,XP_003438147.1,NA,A[+56]M[+16]SIM[+16]NSFVNDLFER,#N/A,#N/A,58.19,NA,9.7370E+3,0.0000E+0,0.0000E+0,8.8027E+2,1.8705E+4,5.4822E+4,8.5556E+3,7.9875E+3,2.0341E+4,6.5337E+4,4.0895E+4,3.0665E+4,1.0669E+4,4.1870E+3,4.0224E+3,3.9606E+4,1.9425E+4,2.5859E+4
NA,NA,NA,NA,NA,NA,NA,NA,NA,NA,NA,NA,NA,NA,NA,NA,NA,NA,NA,NA,NA,NA,NA,NA,NA,NA
AMSIMNSFVNDLFER,XP_003438147.1,NA,AM[+16]S[+56]IMNS[+42]FVNDLFER,#N/A,#N/A,67.99,NA,5.7025E+3,0.0000E+0,1.3132E+3,1.2089E+3,4.9383E+5,#N/A,3.8048E+4,1.7787E+4,1.5636E+5,5.4622E+5,4.6473E+5,2.8401E+5,3.2051E+3,1.8834E+4,2.9593E+3,4.4558E+5,2.4931E+5,3.7461E+5
NA,NA,NA,NA,NA,NA,NA,NA,NA,NA,NA,NA,NA,NA,NA,NA,NA,NA,NA,NA,NA,NA,NA,NA,NA,NA
AMSIMNSFVNDLFER,XP_003438147.1,NA,AMS[+56]IM[+16]NS[-18]FVNDLFER,#N/A,#N/A,52.99,NA,7.9026E+3,1.7147E+3,2.6461E+3,1.3508E+3,2.6425E+6,6.0565E+6,2.4071E+4,5.8611E+4,4.6741E+5,4.8396E+6,4.4406E+6,1.7547E+6,1.0899E+5,7.6777E+4,8.6678E+3,2.7848E+6,9.3751E+5,1.9958E+5
AMSIMNSFVNDLFER,XP_003438147.1,NA,AMS[-18]IM[+16]NS[-18]FVNDLFER,#N/A,#N/A,69.29,NA,7.8611E+4,2.6128E+3,3.1830E+4,1.3057E+4,3.9707E+5,2.7308E+5,2.5565E+5,5.1151E+5,4.2248E+5,2.5549E+5,1.8013E+5,3.7827E+5,8.6525E+4,2.3672E+5,5.9905E+4,2.6069E+5,3.7787E+5,4.4914E+5
AMSIMNSFVNDLFER,XP_003438147.1,NA,AMS[+42]IM[+16]NS[+56]FVNDLFER,#N/A,#N/A,68.01,NA,2.3370E+4,0.0000E+0,5.5200E+3,2.5348E+3,1.4101E+6,2.3824E+6,9.1787E+4,3.9136E+4,4.0883E+5,1.5660E+6,1.3101E+6,7.3224E+5,3.4494E+4,5.5462E+4,2.4177E+4,1.3953E+6,7.4792E+5,1.0112E+6
AGVIFPVGR,XP_003455046.1,NA,AGVIFPVGR,#N/A,#N/A,38.47,NA,7.3459E+4,3.9941E+4,1.8936E+4,6.6453E+3,4.5513E+5,1.4135E+6,7.2626E+4,2.7181E+5,3.4466E+5,1.2015E+6,1.3577E+6,1.1557E+6,2.8337E+5,1.9803E+5,2.7241E+5,1.6631E+6,5.6383E+5,6.3061E+5
AGVIFPVGR,XP_003455046.1,NA,A[+57]GVIFPVGR,#N/A,#N/A,40.92,NA,4.8552E+5,1.9762E+5,2.5947E+5,1.4829E+5,6.2214E+5,5.3267E+5,1.7244E+6,1.3418E+6,3.2843E+6,1.0893E+6,6.0602E+5,3.3839E+6,9.6750E+5,9.1018E+5,1.3839E+6,1.7989E+6,2.3486E+6,2.8983E+6
VKVDSQASVTDKQEER,XP_003455046.1,NA,V[+56]KVDSQASVTDK[+56]QEER,#N/A,#N/A,30.78,NA,4.0401E+3,0.0000E+0,0.0000E+0,0.0000E+0,2.8874E+3,1.4560E+4,0.0000E+0,4.3601E+3,4.2215E+3,1.1080E+4,5.1591E+3,1.9443E+4,2.6998E+3,0.0000E+0,3.2063E+3,1.6113E+4,1.4841E+4,8.8781E+3
NA,NA,NA,NA,NA,NA,NA,NA,NA,NA,NA,NA,NA,NA,NA,NA,NA,NA,NA,NA,NA,NA,NA,NA,NA,NA
VTVFPRDIQLAR,XP_003439548.1,NA,VTVFPR[+28]DIQLAR,#N/A,#N/A,50.32,NA,3.2263E+5,1.1411E+4,2.1549E+4,1.0921E+5,5.1084E+5,6.6726E+5,4.3611E+5,3.5180E+5,5.1156E+5,5.6941E+5,4.2713E+5,8.4217E+5,8.0511E+4,1.6603E+5,2.6859E+5,6.7753E+5,6.5681E+5,7.4151E+5
VTVFPRDIQLAR,XP_003439548.1,NA,VTVFPR[+14]DIQLAR,#N/A,#N/A,51.55,NA,5.9460E+5,2.3275E+4,5.6009E+5,1.2020E+5,4.8688E+6,7.8069E+6,7.3503E+5,9.3572E+6,6.8709E+6,1.1046E+7,6.0842E+6,7.6314E+6,3.6707E+6,4.2293E+6,3.7889E+6,1.0741E+7,6.2927E+6,4.0503E+6
VTVFPRDIQLAR,XP_003439548.1,NA,VT[+114]VFPR[+14]DIQLAR,#N/A,#N/A,42.44,NA,3.4826E+6,2.9965E+6,4.4890E+6,1.2397E+6,2.0820E+7,2.7313E+7,1.4309E+7,1.7378E+7,2.7190E+7,1.8288E+7,1.2422E+7,2.3353E+7,6.2005E+6,7.1933E+6,9.6124E+6,3.0754E+7,2.3485E+7,3.5942E+7
VTVFPRDIQLAR,XP_003439548.1,NA,VT[-18]VFPR[+28]DIQLAR,#N/A,#N/A,51.55,NA,8.0918E+5,3.2113E+4,7.3579E+5,1.8193E+5,6.9441E+6,1.1929E+7,1.0366E+6,1.4132E+7,1.0127E+7,1.6455E+7,9.1080E+6,1.1917E+7,5.1764E+6,6.1825E+6,5.4168E+6,1.5995E+7,9.4526E+6,5.9218E+6
VTVFPRDIQLAR,XP_003439548.1,NA,VT[+80]VFPR[+28]DIQLAR,#N/A,#N/A,69.11,NA,1.8194E+5,1.3995E+3,#N/A,2.0503E+4,8.1200E+5,5.3780E+5,1.0099E+6,1.0392E+6,1.0941E+6,3.6123E+5,3.9848E+5,8.4001E+5,5.6565E+5,8.7541E+5,4.0484E+5,5.0082E+5,1.0355E+6,9.1304E+5
VTVFPRDIQLAR,XP_003439548.1,NA,VT[+80]VFPR[+42]DIQLAR,#N/A,#N/A,#N/A,NA,#N/A,#N/A,#N/A,#N/A,#N/A,#N/A,#N/A,#N/A,#N/A,#N/A,#N/A,#N/A,#N/A,#N/A,#N/A,#N/A,#N/A,#N/A
VTVFPRDIQLAR,XP_003439548.1,NA,VT[+42]VFP[+32]RDIQLAR,#N/A,#N/A,36.87,NA,1.6759E+6,3.0939E+5,8.4988E+5,1.6302E+5,2.0302E+7,3.7260E+7,2.7323E+6,8.2306E+6,6.8545E+6,3.9914E+7,2.4358E+7,2.1778E+7,4.8161E+6,5.4157E+6,5.1246E+6,3.8085E+7,2.2695E+7,1.0323E+7
VTVFPRDIQLAR,XP_003439548.1,NA,VT[+42]VFPR[+28]DIQLAR,#N/A,#N/A,66.2,NA,7.6923E+4,1.1477E+3,4.5355E+3,2.3354E+3,3.2505E+6,8.1836E+6,4.3827E+5,9.0925E+5,1.0472E+6,5.2600E+6,3.4124E+6,1.4814E+6,2.4898E+5,4.9294E+5,1.8336E+5,6.8259E+6,2.7484E+6,2.0313E+6
VTVFPRDIQLAR,XP_003439548.1,NA,VT[+42]VFPR[+42]DIQLAR,#N/A,#N/A,36.87,NA,1.6484E+6,3.0204E+5,8.3471E+5,1.6649E+5,1.9952E+7,3.6521E+7,2.7108E+6,8.0613E+6,6.7594E+6,3.9117E+7,2.3834E+7,2.1383E+7,4.7360E+6,5.3703E+6,5.0548E+6,3.7282E+7,2.2208E+7,1.0174E+7
VTVFPRDIQLAR,XP_003439548.1,NA,VT[+56]VFPR[+28]DIQLAR,#N/A,#N/A,69.12,NA,4.0481E+6,2.0155E+4,6.1405E+5,4.5563E+5,1.2468E+7,1.3661E+7,1.8710E+7,1.9820E+7,2.2875E+7,1.1110E+7,8.0879E+6,1.6379E+7,8.6129E+6,1.3291E+7,6.0005E+6,1.5517E+7,2.1086E+7,2.2125E+7
VTVFPRDIQLAR,XP_003439548.1,NA,VTVFP[+32]R[+42]DIQLAR,#N/A,#N/A,36.87,NA,1.6931E+6,3.3847E+5,8.7673E+5,1.9198E+5,2.0131E+7,3.6563E+7,2.8463E+6,8.1777E+6,6.9659E+6,3.9081E+7,2.3658E+7,2.1567E+7,4.7375E+6,5.4017E+6,5.1338E+6,3.7771E+7,2.2126E+7,1.0445E+7
VTVFPRDIQLAR,XP_003439548.1,NA,VTVFP[+16]R[+28]DIQLAR,#N/A,#N/A,45.27,NA,3.5139E+6,1.0758E+5,4.5705E+5,2.4426E+5,3.6110E+6,5.2477E+6,1.4961E+6,3.5952E+6,2.6251E+6,5.5462E+6,3.3029E+6,4.7938E+6,4.0294E+6,3.2612E+6,2.0108E+6,9.6498E+6,3.3649E+6,2.0155E+6
VTVFPRDIQLAR,XP_003439548.1,NA,VTVFP[+16]R[+14]DIQLAR,#N/A,#N/A,51.53,NA,1.1103E+6,2.1664E+4,5.3957E+5,1.0614E+5,7.2971E+6,1.4465E+7,1.6300E+6,1.1123E+7,8.2656E+6,1.4013E+7,1.0183E+7,1.4665E+7,5.9674E+6,5.5122E+6,5.6011E+6,1.6233E+7,1.1485E+7,7.9249E+6
VTVFPRDIQLAR,XP_003439548.1,NA,VT[-18]VFP[+32]R[+28]DIQLAR,#N/A,#N/A,59.18,NA,1.1462E+3,0.0000E+0,1.1355E+2,0.0000E+0,6.4284E+3,1.6099E+4,7.6510E+3,1.1548E+3,6.1963E+3,9.0632E+3,1.1404E+4,1.3500E+4,3.1370E+3,2.4370E+3,3.6008E+3,1.1142E+4,7.9912E+3,1.1047E+4
VTVFPRDIQLAR,XP_003439548.1,NA,VT[-18]VFP[+32]R[+14]DIQLAR,#N/A,#N/A,51.55,NA,6.0187E+5,2.8555E+4,5.7966E+5,1.2875E+5,4.9274E+6,7.9653E+6,7.6143E+5,9.6251E+6,6.8379E+6,1.0875E+7,6.1962E+6,7.9585E+6,3.7065E+6,4.3240E+6,3.7716E+6,1.0747E+7,6.5228E+6,4.1654E+6
VTVFPRDIQLAR,XP_003439548.1,NA,VT[+56]VFP[+32]R[+28]DIQLAR,#N/A,#N/A,64,NA,4.0764E+5,9.8407E+2,2.8384E+4,1.9016E+4,3.7829E+5,3.7525E+5,1.1405E+6,2.9781E+5,5.1960E+5,2.2656E+5,1.5194E+5,3.0565E+5,2.8565E+5,2.8780E+5,1.8699E+5,6.4157E+5,4.5458E+5,4.5612E+5
VTVFPRDIQLAR,XP_003439548.1,NA,VT[+56]VFP[+32]R[+14]DIQLAR,#N/A,#N/A,69.11,NA,1.1636E+5,1.5573E+3,2.3945E+4,2.0059E+4,4.4537E+5,3.1637E+5,5.8596E+5,7.1095E+5,6.6694E+5,2.1209E+5,2.3509E+5,4.4739E+5,3.2704E+5,5.4945E+5,2.6023E+5,2.9098E+5,5.7455E+5,5.3810E+5
VTVFPRDIQLAR,XP_003439548.1,NA,VT[+56]VFP[+32]R[+32]DIQLAR,#N/A,#N/A,48.73,NA,3.9612E+4,1.3319E+3,3.0771E+3,3.5558E+3,6.9114E+5,1.6036E+6,6.7182E+4,7.3779E+4,9.4670E+4,1.1874E+6,6.5895E+5,2.0414E+5,8.2521E+4,4.5842E+4,6.3981E+4,1.2739E+6,3.6591E+5,2.0903E+5
VTVFPRDIQLAR,XP_003439548.1,NA,VT[+56]VFP[+32]R[+16]DIQLAR,#N/A,#N/A,69.11,NA,9.7798E+3,0.0000E+0,2.8109E+3,1.7905E+3,4.0805E+4,2.4208E+4,6.0534E+4,5.9569E+4,5.4399E+4,3.1072E+4,4.0334E+4,4.5990E+4,2.2863E+4,5.1204E+4,2.5951E+4,4.0535E+4,5.4848E+4,5.1976E+4
VTVFPRDIQLAR,XP_003439548.1,NA,VT[+56]VFP[+16]R[+28]DIQLAR,#N/A,#N/A,64.01,NA,6.4485E+6,1.8242E+4,6.1519E+5,4.4280E+5,5.0847E+6,5.3101E+6,1.5752E+7,4.5820E+6,8.5112E+6,4.0297E+6,2.0818E+6,4.9309E+6,4.0418E+6,4.6935E+6,3.0122E+6,9.8637E+6,6.2140E+6,6.2443E+6
VTVFPRDIQLAR,XP_003439548.1,NA,VT[+56]VFP[+16]R[+14]DIQLAR,#N/A,#N/A,36.87,NA,1.5682E+6,2.9373E+5,8.0041E+5,1.6583E+5,1.8390E+7,3.3551E+7,2.6470E+6,7.5438E+6,6.3272E+6,3.5868E+7,2.1866E+7,1.9606E+7,4.3841E+6,5.0023E+6,4.7324E+6,3.4117E+7,2.0453E+7,9.5296E+6
VTVFPRDIQLAR,XP_003439548.1,NA,VT[+56]VFP[+16]R[+32]DIQLAR,#N/A,#N/A,69.11,NA,8.7588E+3,0.0000E+0,2.0566E+3,2.5205E+3,4.7737E+4,4.1467E+4,6.4626E+4,8.4263E+4,8.0490E+4,2.5957E+4,2.7683E+4,4.4962E+4,4.1517E+4,5.5416E+4,2.4530E+4,3.6118E+4,5.5800E+4,5.3618E+4
KVVLDNIQGITKPAIR,XP_025766521.1,NA,KVVLDNIQGITKPAIR,#N/A,#N/A,27.03,NA,1.9762E+6,1.6739E+6,2.8380E+6,2.6809E+5,2.6618E+7,5.5658E+7,2.2543E+6,1.7802E+7,2.1646E+7,5.2328E+7,3.2671E+7,5.4535E+7,1.2551E+7,9.7655E+6,8.8149E+6,5.4543E+7,2.2258E+7,2.2135E+7
KVVLDNIQGITKPAIR,XP_025766521.1,NA,K[+56]VVLDNIQGITK[+56]PAIR,#N/A,#N/A,43,NA,1.5289E+5,1.4244E+3,3.7662E+3,1.1369E+4,4.0101E+5,1.8398E+6,2.5425E+5,2.9872E+5,6.3011E+5,1.9878E+6,6.9018E+5,1.8332E+6,2.0399E+5,1.2059E+5,1.5998E+5,2.9817E+6,1.5228E+6,1.2035E+6
KVVLDNIQGITKPAIR,XP_025766521.1,NA,KVVLDN[+1]IQGITK[+56]PAIR,#N/A,#N/A,43.03,NA,2.3904E+5,1.4881E+4,2.9202E+4,1.2504E+4,1.8392E+6,5.8668E+6,6.2078E+5,1.3080E+6,2.3136E+6,4.7741E+6,1.4931E+6,6.0330E+6,5.0892E+5,3.9096E+5,5.6543E+5,7.2883E+6,3.5206E+6,4.1232E+6
KVVLDNIQGITKPAIR,XP_025766521.1,NA,K[+14]VVLD[-18]NIQGITK[+56]PAIR,#N/A,#N/A,43.03,NA,2.3640E+5,1.4881E+4,2.8307E+4,1.2505E+4,1.8717E+6,5.9165E+6,6.3624E+5,1.3151E+6,2.3459E+6,4.8070E+6,1.4948E+6,6.1416E+6,5.0262E+5,3.8920E+5,5.6488E+5,7.5348E+6,3.5274E+6,4.1189E+6
RGGVKRISGLIYEETR,XP_025766521.1,NA,R[+28]GGVKRISGLIYEETR,#N/A,#N/A,68.55,NA,9.1853E+6,7.2194E+4,2.5150E+6,1.4740E+6,4.5653E+7,5.0864E+7,2.8212E+7,1.9035E+7,2.5745E+7,3.8035E+7,2.7915E+7,2.3636E+7,6.2322E+6,1.5752E+7,8.4642E+6,3.3446E+7,3.6327E+7,3.7232E+7
RGGVKRISGLIYEETR,XP_025766521.1,NA,R[+71]GGVK[+71]RISGLIYEETR,#N/A,#N/A,35.68,NA,2.1630E+4,1.0048E+3,1.8885E+3,9.0247E+2,2.9692E+5,1.6041E+6,2.5573E+4,8.5171E+4,9.9624E+4,2.6052E+6,6.6507E+5,5.7531E+5,2.2624E+4,1.2149E+4,1.2398E+4,1.5429E+6,2.6225E+5,2.2497E+5
GGVKRISGLIYEETR,XP_025766521.1,NA,GGVK[+32]RISGLIYEETR,#N/A,#N/A,35.77,NA,1.0106E+5,4.1029E+2,7.0614E+3,1.5852E+3,1.1437E+6,3.6226E+6,6.2916E+4,2.9710E+5,3.2484E+5,4.8839E+6,1.5713E+6,1.2104E+6,9.7451E+4,9.3798E+4,5.8442E+4,3.3519E+6,7.7930E+5,5.9468E+5
GGVKRISGLIYEETR,XP_025766521.1,NA,G[+43]GVK[+42]RISGLIYEETR,#N/A,#N/A,35.83,NA,6.6067E+6,7.6107E+5,3.4744E+6,1.3486E+6,6.1997E+7,6.8132E+7,4.9848E+6,2.2513E+7,1.4916E+7,6.0419E+7,5.7047E+7,4.3142E+7,1.3192E+7,1.7429E+7,1.3687E+7,4.2946E+7,2.8753E+7,2.2263E+7
GGVKRISGLIYEETR,XP_025766521.1,NA,G[+57]GVK[+28]RISGLIYEETR,#N/A,#N/A,35.82,NA,7.3018E+6,8.3399E+5,3.7806E+6,1.4522E+6,7.0438E+7,7.5994E+7,5.2516E+6,2.5069E+7,1.6643E+7,6.9966E+7,6.4247E+7,4.8172E+7,1.4221E+7,1.9178E+7,1.5161E+7,4.7708E+7,3.1817E+7,2.4684E+7
GGVKRISGLIYEETR,XP_025766521.1,NA,GGVK[+71]R[+14]ISGLIYEETR,#N/A,#N/A,35.82,NA,2.9533E+6,3.0730E+5,1.4776E+6,5.6579E+5,2.9112E+7,3.1700E+7,2.2224E+6,1.0556E+7,6.8624E+6,2.9705E+7,2.6842E+7,2.0572E+7,6.0483E+6,7.9484E+6,6.2439E+6,2.0169E+7,1.3461E+7,1.0401E+7
GGVKRISGLIYEETR,XP_025766521.1,NA,G[+56]GVK[+32]R[+28]ISGLIYEETR,#N/A,#N/A,35.8,NA,4.1368E+4,5.5017E+2,1.7888E+3,1.8349E+2,1.6603E+5,7.0350E+5,1.4661E+4,7.1074E+4,1.0588E+5,1.5041E+6,2.9408E+5,2.5919E+5,2.1169E+4,1.9341E+4,6.5018E+3,1.0876E+6,1.7519E+5,1.5470E+5
GGVKRISGLIYEETR,XP_025766521.1,NA,GGVK[+71]R[+32]IS[-18]GLIYEETR,#N/A,#N/A,35.83,NA,5.8888E+6,7.1669E+5,3.1785E+6,1.2391E+6,5.8048E+7,6.2653E+7,4.5487E+6,2.0717E+7,1.3721E+7,5.8752E+7,5.3667E+7,3.9887E+7,1.2145E+7,1.5873E+7,1.2581E+7,3.9409E+7,2.6934E+7,2.0481E+7
ISGLIYEETR,XP_025766521.1,NA,ISGLIYEETR,#N/A,#N/A,35.83,NA,9.0477E+6,1.0963E+6,4.5061E+6,1.9227E+6,8.4886E+7,8.6769E+7,6.6696E+6,3.0557E+7,1.9997E+7,8.5893E+7,7.7408E+7,5.5714E+7,1.7958E+7,2.3465E+7,1.8410E+7,5.7609E+7,3.8850E+7,2.9484E+7
ISGLIYEETR,XP_025766521.1,NA,I[+56]SGLIYEETR,#N/A,#N/A,68.55,NA,2.3363E+6,1.5295E+4,6.3502E+5,3.5382E+5,1.2211E+7,1.3364E+7,7.6855E+6,4.9392E+6,6.7396E+6,1.0031E+7,7.3785E+6,6.2221E+6,1.6455E+6,4.2048E+6,2.1986E+6,8.7923E+6,9.8326E+6,9.8594E+6
ISGLIYEETR,XP_025766521.1,NA,I[+43]SGLIYEETR,#N/A,#N/A,64.25,NA,2.9962E+5,2.6912E+3,3.9190E+4,7.5616E+3,1.8788E+7,3.3887E+7,6.6626E+5,9.7201E+5,1.0628E+6,2.9072E+7,1.5926E+7,2.0139E+6,2.4078E+5,9.4988E+5,2.5900E+5,1.7975E+7,3.8684E+6,2.6149E+6
ISGLIYEETR,XP_025766521.1,NA,I[+57]SGLIYEETR,#N/A,#N/A,68.55,NA,1.2033E+7,9.9106E+4,3.3301E+6,1.9405E+6,6.0114E+7,6.6531E+7,3.8316E+7,2.5203E+7,3.3837E+7,4.9846E+7,3.6590E+7,3.1024E+7,8.3350E+6,2.1170E+7,1.1117E+7,4.2756E+7,4.8754E+7,4.8516E+7
ISGLIYEETR,XP_025766521.1,NA,IS[+56]GLIYEETR,#N/A,#N/A,68.54,NA,2.2491E+5,1.1356E+3,5.9084E+4,3.6892E+4,1.0229E+6,1.1120E+6,7.1082E+5,4.2641E+5,6.1335E+5,8.5657E+5,6.4055E+5,5.2439E+5,1.3896E+5,3.6132E+5,2.0171E+5,7.5180E+5,8.3903E+5,8.3310E+5
ISGLIYEETR,XP_025766521.1,NA,IS[+42]GLIYEETR,#N/A,#N/A,64.26,NA,1.6981E+5,1.2588E+3,2.0405E+4,3.0121E+3,1.1520E+7,2.1234E+7,3.8017E+5,5.8686E+5,6.7264E+5,1.7897E+7,9.7724E+6,1.2537E+6,1.4245E+5,5.6138E+5,1.4779E+5,1.1005E+7,2.3711E+6,1.6143E+6
ISGLIYEETR,XP_025766521.1,NA,ISGLIYEETR[-1],#N/A,#N/A,33.65,NA,5.1282E+4,2.4158E+3,1.0535E+4,4.3781E+3,5.2866E+5,7.6447E+5,5.1367E+4,7.7125E+4,8.7244E+4,9.8369E+5,5.4960E+5,3.4894E+5,8.1158E+4,6.4189E+4,7.6918E+4,5.7992E+5,2.8987E+5,1.4126E+5
ISGLIYEETR,XP_025766521.1,NA,I[+57]S[-18]GLIYEETR,#N/A,#N/A,64.26,NA,1.7609E+5,1.2589E+3,2.2343E+4,6.2425E+3,1.1825E+7,2.1834E+7,4.0702E+5,6.1969E+5,6.9731E+5,1.8657E+7,1.0269E+7,1.3266E+6,1.4411E+5,5.9263E+5,1.5645E+5,1.1374E+7,2.4447E+6,1.6534E+6
NA,NA,NA,NA,NA,NA,NA,NA,NA,NA,NA,NA,NA,NA,NA,NA,NA,NA,NA,NA,NA,NA,NA,NA,NA,NA
ISGLIYEETR,XP_025766521.1,NA,ISGLIYEET[-18]R[+14],#N/A,#N/A,35.82,NA,1.9110E+6,2.6923E+5,1.0902E+6,4.8061E+5,1.7403E+7,1.8218E+7,1.3475E+6,5.9819E+6,4.0236E+6,1.7079E+7,1.5261E+7,1.1382E+7,3.6982E+6,4.7424E+6,3.7570E+6,1.1644E+7,7.9316E+6,6.0343E+6
NA,NA,NA,NA,NA,NA,NA,NA,NA,NA,NA,NA,NA,NA,NA,NA,NA,NA,NA,NA,NA,NA,NA,NA,NA,NA
GVLKVFLENVIR,XP_025766521.1,NA,G[+56]VLKVFLENVIR,#N/A,#N/A,69.27,NA,2.6249E+3,2.0146E+3,2.2503E+3,1.9640E+3,3.6411E+5,6.4086E+5,4.2956E+3,2.0094E+4,2.3121E+4,9.0573E+5,7.6829E+5,5.4689E+4,1.0852E+4,5.1317E+3,1.1517E+4,2.7523E+5,4.3606E+4,1.1289E+4
GVLKVFLENVIR,XP_025766521.1,NA,GVLK[+56]VFLENVIR,#N/A,#N/A,69.25,NA,1.9398E+4,5.5455E+2,3.9135E+3,2.3688E+3,3.1091E+6,6.1231E+6,4.2437E+4,5.3345E+4,8.5465E+4,5.7591E+6,6.1239E+6,4.7543E+5,2.9159E+4,2.9555E+4,9.6592E+3,3.1062E+6,4.4708E+5,6.9557E+4
GVLKVFLENVIR,XP_025766521.1,NA,GVLK[+114]VFLENVIR,#N/A,#N/A,71.57,NA,1.0748E+4,1.5998E+3,2.5208E+4,1.2333E+4,1.6695E+6,1.6182E+6,3.0352E+5,8.8920E+3,1.9866E+4,2.8624E+6,1.3757E+6,3.6330E+5,4.5078E+3,1.8205E+4,1.2010E+3,2.3778E+6,8.7756E+5,1.2681E+5
GVLKVFLENVIR,XP_025766521.1,NA,G[+56]VLK[+56]VFLENVIR,#N/A,#N/A,71.58,NA,2.9381E+4,3.4947E+3,4.5248E+4,2.2994E+4,2.7366E+6,2.6028E+6,4.8485E+5,3.3889E+4,4.4802E+4,4.5207E+6,2.2385E+6,5.9177E+5,9.2954E+3,2.7297E+4,1.1257E+4,3.7974E+6,1.4142E+6,2.3044E+5
GVLKVFLENVIR,XP_025766521.1,NA,G[+43]VLK[+56]VFLENVIR,#N/A,#N/A,70.96,NA,5.2867E+3,6.9165E+2,2.4078E+3,3.1921E+3,5.9153E+5,1.0261E+6,4.6361E+4,3.6762E+4,4.8502E+4,1.4195E+6,8.1225E+5,7.6773E+4,2.0310E+4,1.6432E+4,8.7201E+3,1.1758E+6,1.5410E+5,1.0487E+5
GVLKVFLENVIR,XP_025766521.1,NA,G[+43]VLK[+43]VFLENVIR,#N/A,#N/A,70.9,NA,1.3665E+4,8.9249E+2,2.1479E+3,3.1100E+3,4.6690E+5,8.4884E+5,8.2813E+4,3.6363E+4,3.9676E+4,1.1416E+6,6.3242E+5,7.5244E+4,2.2621E+4,2.3779E+4,9.7346E+3,8.8104E+5,1.4389E+5,1.1019E+5
GVLKVFLENVIR,XP_025766521.1,NA,G[+57]VLK[+56]VFLENVIR,#N/A,#N/A,71.58,NA,1.3481E+4,1.8214E+3,3.2662E+4,1.5941E+4,2.1182E+6,2.0308E+6,3.7961E+5,1.1730E+4,2.6445E+4,3.5469E+6,1.7378E+6,4.2551E+5,8.7565E+3,2.1911E+4,1.8772E+3,3.0809E+6,1.1091E+6,1.5497E+5
DAVTYTEHAKR,XP_025766521.1,NA,DAVTYTEHAK[+56]R,#N/A,#N/A,22.2,NA,4.4840E+5,4.6429E+4,5.4774E+4,1.9859E+4,3.0206E+6,6.8496E+6,3.4512E+5,5.6587E+5,9.3866E+5,1.2582E+7,5.7332E+6,4.0389E+6,5.5730E+5,4.9573E+5,6.7306E+5,8.1626E+6,3.2614E+6,1.6830E+6
DAVTYTEHAKR,XP_025766521.1,NA,DAVTYTEHAK[+43]R,#N/A,#N/A,20.12,NA,1.9855E+3,1.3527E+3,1.4404E+3,1.0881E+3,2.7909E+3,3.1504E+4,6.8508E+3,7.2659E+3,6.4035E+3,1.7724E+4,9.8540E+3,1.9374E+4,1.0244E+4,3.1016E+3,4.0073E+3,1.7808E+4,1.9726E+4,1.8665E+4
DAVTYTEHAKR,XP_025766521.1,NA,D[+56]AVTYTEHAK[+56]R,#N/A,#N/A,35.49,NA,4.5423E+6,4.8368E+5,1.4560E+6,7.8952E+5,2.0953E+7,1.7875E+7,1.3847E+7,3.5449E+6,1.2438E+7,2.5224E+7,1.4382E+7,8.6765E+6,3.1885E+6,5.2743E+6,1.2048E+7,1.9469E+7,1.6073E+7,1.6687E+7
DAVTYTEHAKR,XP_025766521.1,NA,D[+43]AVTYTEHAK[+56]R,#N/A,#N/A,30.98,NA,6.1594E+4,1.2462E+4,1.2924E+4,7.5045E+3,2.1513E+6,2.6521E+6,1.3654E+5,1.1995E+5,1.4440E+5,4.2335E+6,1.9841E+6,3.4615E+5,7.4091E+4,1.0714E+5,1.8776E+5,2.0417E+6,6.5320E+5,2.3989E+5
DAVTYTEHAKR,XP_025766521.1,NA,D[+43]AVTYTEHAK[+43]R,#N/A,#N/A,25.48,NA,7.4827E+2,2.2499E+2,1.2233E+2,1.2465E+3,5.3888E+3,3.1001E+4,3.7052E+3,4.7944E+3,3.0120E+3,2.1267E+4,1.3356E+4,1.9234E+4,3.1117E+3,2.8740E+3,2.2230E+3,2.3772E+4,1.5808E+4,1.6872E+4
DAVTYTEHAKR,XP_025766521.1,NA,D[+57]AVTYTEHAK[+56]R,#N/A,#N/A,35.49,NA,2.7313E+6,2.4601E+5,7.9535E+5,4.0807E+5,1.4199E+7,1.2122E+7,8.8526E+6,2.1296E+6,7.9505E+6,1.6805E+7,9.1259E+6,5.6975E+6,2.0143E+6,3.2925E+6,7.5798E+6,1.2729E+7,1.0368E+7,1.0749E+7
DAVTYTEHAKR,XP_025766521.1,NA,D[-18]AVTYTEHAK[+56]R,#N/A,#N/A,22,NA,9.5222E+2,4.5477E+2,5.5486E+2,0.0000E+0,1.9699E+3,6.8101E+3,7.6313E+2,1.8964E+3,2.1782E+3,1.1350E+4,2.9011E+3,6.1159E+3,1.8529E+3,1.2680E+2,2.0524E+3,6.3392E+3,4.3471E+3,4.7151E+3
DAVTYTEHAKR,XP_025766521.1,NA,DAVT[-18]YTEHAK[+56]R,#N/A,#N/A,22.24,NA,2.4650E+2,1.2888E+3,2.9611E+2,8.4158E+2,2.9092E+3,1.0664E+4,1.7574E+3,1.0102E+4,2.6427E+3,1.7929E+4,1.6423E+4,5.0181E+4,1.7551E+4,1.3526E+3,1.7838E+3,1.5943E+4,1.3017E+4,2.7882E+4
DAVTYTEHAKR,XP_025766521.1,NA,DAVTYTE[+57]HAK[+56]R,#N/A,#N/A,22.36,NA,8.5155E+3,3.6626E+3,1.4066E+3,2.7855E+3,1.5814E+5,5.0039E+5,9.0507E+3,2.7227E+4,1.9158E+4,8.1931E+5,3.4724E+5,1.1430E+5,1.9785E+4,1.1302E+4,9.1824E+3,4.9557E+5,1.7826E+5,6.2771E+4
DAVTYTEHAKR,XP_025766521.1,NA,D[+56]AVTYTE[+57]HAK[+56]R,#N/A,#N/A,35.29,NA,7.4093E+4,7.4398E+3,1.7501E+4,2.4904E+4,2.7262E+6,2.9121E+6,2.6413E+5,7.6893E+4,2.3337E+5,3.3695E+6,1.8823E+6,5.2536E+5,6.7901E+4,1.1246E+5,1.7576E+5,2.2571E+6,1.2262E+6,1.1007E+6
DAVTYTEHAKR,XP_025766521.1,NA,D[+43]AVT[-18]YTEHAK[+56]R,#N/A,#N/A,30.95,NA,5.5040E+4,8.8381E+3,1.1674E+4,4.3134E+3,1.6679E+6,2.0909E+6,1.0540E+5,6.8110E+4,1.3864E+5,3.1918E+6,1.6254E+6,2.4734E+5,7.2559E+4,7.2960E+4,1.4540E+5,1.5184E+6,4.6525E+5,2.3924E+5
DAVTYTEHAKR,XP_025766521.1,NA,D[+43]AVTYTE[+57]HAK[+56]R,#N/A,#N/A,31.92,NA,1.0131E+4,1.2102E+3,2.1988E+3,1.8560E+3,4.2098E+4,7.3633E+4,1.3208E+4,1.3754E+4,3.8886E+4,8.8850E+4,5.2161E+4,5.6351E+4,2.3702E+4,1.0021E+4,1.1772E+4,6.8686E+4,7.5604E+4,7.4694E+4
KGLSLAAIKKDLVAR,XP_003448795.2,NA,K[+42]GLS[+56]LAAIK[+56]KDLVAR,#N/A,#N/A,68.82,NA,5.4374E+4,8.9289E+2,1.5624E+3,2.6757E+3,3.0517E+5,5.3015E+5,9.2822E+4,1.5603E+5,2.4859E+5,4.4829E+5,5.7871E+5,7.0104E+5,2.2152E+5,2.0771E+5,2.0338E+4,6.6002E+5,5.1328E+5,3.6281E+5
GYDVEHNSAHVR,XP_003448795.2,NA,GYDVEHNSAHVR,#N/A,#N/A,16.54,NA,4.9779E+4,2.6692E+3,1.9953E+3,0.0000E+0,7.0585E+4,1.0259E+6,9.0020E+3,2.8278E+5,9.6346E+4,7.5072E+5,8.6300E+5,1.6575E+6,2.7291E+5,6.0359E+4,7.6416E+4,1.3388E+6,3.9498E+5,1.1504E+5
GYDVEHNSAHVR,XP_003448795.2,NA,G[+56]YDVEHNSAHVR,#N/A,#N/A,21.04,NA,9.3374E+5,2.2755E+5,4.2740E+5,7.5239E+4,3.0317E+6,7.2842E+6,4.3321E+6,5.3685E+6,8.2216E+6,4.5450E+6,4.6914E+6,1.2737E+7,3.0269E+6,2.0692E+6,8.7173E+6,1.1159E+7,9.1951E+6,1.2504E+7
GYDVEHNSAHVR,XP_003448795.2,NA,G[+43]YDVEHNSAHVR,#N/A,#N/A,21.04,NA,9.2971E+5,2.2816E+5,4.3446E+5,7.4623E+4,3.0413E+6,7.2667E+6,4.3163E+6,5.1587E+6,8.2998E+6,4.3939E+6,4.8658E+6,1.3252E+7,3.0180E+6,2.0890E+6,8.7279E+6,1.1000E+7,9.3360E+6,1.2508E+7
GYDVEHNSAHVR,XP_003448795.2,NA,G[+57]YDVEHNSAHVR,#N/A,#N/A,16.62,NA,1.4623E+3,3.4125E+2,0.0000E+0,1.9526E+2,2.5237E+4,1.7486E+5,1.9601E+3,6.0073E+3,9.9161E+3,2.2651E+5,1.5504E+5,1.8024E+5,4.2307E+3,1.6737E+3,2.0888E+3,2.5452E+5,1.9400E+5,5.7979E+4
GYDVEHNSAHVR,XP_003448795.2,NA,GYD[+57]VEHNSAHVR,#N/A,#N/A,21.03,NA,2.9334E+4,1.2454E+4,1.9697E+4,5.0165E+3,1.2423E+5,6.5720E+5,1.4085E+5,2.4601E+5,3.7435E+5,3.2536E+5,2.6503E+5,1.1263E+6,1.0504E+5,5.4415E+4,2.8316E+5,9.8696E+5,6.2414E+5,8.3076E+5
GYDVEHNSAHVR,XP_003448795.2,NA,GYDVE[+57]HNSAHVR,#N/A,#N/A,16.68,NA,1.3032E+3,1.0343E+3,2.5780E+2,2.2983E+2,4.4118E+3,1.3486E+4,2.9611E+2,1.7379E+3,2.0968E+3,2.9306E+4,1.9420E+4,1.7159E+4,4.3295E+3,1.2972E+3,1.0589E+3,1.6170E+4,1.1156E+4,1.0344E+4
GYDVEHNSAHVR,XP_003448795.2,NA,GYDVEHN[+1]SAHVR,#N/A,#N/A,16.54,NA,1.8694E+3,0.0000E+0,3.0770E+2,7.8810E+2,7.2635E+2,3.2790E+4,5.2758E+2,4.8685E+3,1.1360E+3,2.1599E+4,1.6451E+4,5.0202E+4,7.3325E+3,2.3418E+3,2.4044E+3,4.0149E+4,1.2544E+4,4.6995E+3
GYDVEHNSAHVR,XP_003448795.2,NA,GYDVEHNS[+56]AHVR,#N/A,#N/A,19.46,NA,6.4468E+2,0.0000E+0,3.2362E+2,1.9655E+2,3.1133E+3,6.0730E+4,2.0714E+2,2.3501E+3,2.1914E+3,3.2284E+4,2.0472E+4,2.6564E+4,3.3409E+3,5.3421E+2,2.4982E+3,3.8059E+4,1.0831E+4,3.1804E+3
GYDVEHNSAHVR,XP_003448795.2,NA,GYDVEHNSAHVR[+1],#N/A,#N/A,16.56,NA,1.4724E+4,8.4397E+2,6.4233E+2,5.4112E+2,1.9487E+4,2.5108E+5,3.4788E+3,7.6578E+4,1.8227E+4,6.5132E+4,2.2030E+5,4.7055E+5,5.7200E+4,1.4140E+4,2.7818E+4,1.2879E+5,8.2054E+4,2.4874E+4
GYDVEHNSAHVR,XP_003448795.2,NA,G[+56]YDVEHN[+1]SAHVR,#N/A,#N/A,21.06,NA,5.0389E+5,1.2714E+5,2.1790E+5,4.7374E+4,1.3554E+6,3.3891E+6,2.0986E+6,2.5328E+6,2.3217E+6,1.5189E+6,2.1596E+6,6.3848E+6,1.3831E+6,9.6473E+5,4.3301E+6,3.0197E+6,3.9311E+6,5.4287E+6
GYDVEHNSAHVR,XP_003448795.2,NA,G[+56]YDVEHNS[+56]AHVR,#N/A,#N/A,29.59,NA,3.9644E+5,2.3346E+4,1.9172E+5,1.2155E+4,1.8619E+6,2.7191E+6,1.5204E+6,1.0468E+6,2.7657E+6,2.3977E+6,1.9900E+6,3.7128E+6,1.1058E+6,1.0099E+6,3.9297E+6,3.6191E+6,3.4259E+6,2.9882E+6
GYDVEHNSAHVR,XP_003448795.2,NA,G[+56]YDVEHNS[+80]AHVR,#N/A,#N/A,24.83,NA,1.5562E+3,1.2322E+3,9.0555E+2,3.9246E+2,1.5628E+3,1.9891E+4,1.8351E+3,2.0589E+3,3.5567E+3,2.2147E+4,2.9102E+3,1.4408E+4,2.2520E+3,1.5870E+3,2.1551E+3,1.2592E+4,1.4555E+4,5.3298E+3
GYDVEHNSAHVR,XP_003448795.2,NA,G[+56]YDVEHNSAHVR[+1],#N/A,#N/A,21.05,NA,1.6177E+4,6.1417E+3,1.0955E+4,1.5154E+3,6.2663E+4,2.4763E+5,6.7797E+4,1.1937E+5,1.8128E+5,1.4975E+5,1.2422E+5,4.6632E+5,5.6646E+4,2.3909E+4,1.5301E+5,3.4291E+5,2.5007E+5,3.1905E+5
GYDVEHNSAHVR,XP_003448795.2,NA,G[+43]YDVEHNS[+56]AHVR,#N/A,#N/A,30.04,NA,1.0894E+4,1.7594E+3,3.5719E+3,1.2226E+3,1.8403E+4,5.9982E+4,1.5508E+4,1.5591E+4,3.0498E+4,7.6276E+4,2.1708E+4,6.3315E+4,5.5833E+3,5.7009E+3,6.0013E+3,1.6077E+4,2.3249E+4,3.1330E+4
GYDVEHNSAHVR,XP_003448795.2,NA,G[+57]YDVEHNS[+56]AHVR,#N/A,#N/A,29.59,NA,4.0646E+5,2.6696E+4,1.9594E+5,1.0507E+4,2.0404E+6,3.0788E+6,1.6272E+6,1.1241E+6,2.9930E+6,2.7147E+6,2.2388E+6,4.0446E+6,1.1768E+6,1.0239E+6,4.3327E+6,4.0265E+6,3.7838E+6,3.2783E+6
QSIQKYVR,XP_003438501.2,NA,Q[-17]SIQK[+56]YVR,#N/A,#N/A,44.18,NA,1.0516E+5,1.7775E+4,2.3331E+4,4.2725E+4,7.7648E+5,1.9284E+6,8.1115E+4,1.5453E+5,3.9165E+5,1.9381E+6,1.9496E+6,5.2672E+5,1.9833E+5,2.8384E+5,1.4651E+6,2.1423E+6,1.2903E+6,3.3409E+5
LVAAGTLR,XP_003438501.2,NA,LVAAGTLR,#N/A,#N/A,20.55,NA,6.7181E+6,3.6606E+6,1.3525E+6,1.3944E+6,1.1545E+7,4.1663E+7,4.1767E+6,2.3173E+7,1.6537E+7,4.8716E+7,3.5642E+7,6.1310E+7,1.5200E+7,9.4792E+6,2.1438E+7,6.4109E+7,3.2333E+7,3.1263E+7
LVAAGTLR,XP_003438501.2,NA,L[+56]VAAGTLR,#N/A,#N/A,52.29,NA,9.4298E+6,5.9251E+6,5.2454E+6,4.6769E+6,2.0729E+7,3.7921E+7,3.1960E+7,2.4160E+7,5.1173E+7,3.5164E+7,2.6325E+7,4.5299E+7,1.3636E+7,1.5443E+7,5.5253E+7,5.4221E+7,3.9489E+7,6.3461E+7
LVAAGTLR,XP_003438501.2,NA,L[+43]VAAGTLR,#N/A,#N/A,44.41,NA,2.7245E+5,1.7213E+5,1.1182E+5,5.6901E+4,2.9300E+6,8.9626E+6,5.2157E+5,8.5796E+5,9.6640E+5,6.8585E+6,5.6844E+6,1.7384E+6,5.0476E+5,5.9399E+5,2.1692E+6,8.3681E+6,2.0101E+6,2.2899E+6
HTKGIGASGSFR,XP_003438501.2,NA,H[+56]TKGIGASGSFR,#N/A,#N/A,21.75,NA,2.2126E+4,3.1432E+2,1.0428E+3,2.0601E+2,1.0365E+5,2.9545E+5,6.3700E+3,1.4947E+5,1.2240E+5,4.4155E+5,3.7043E+5,4.0420E+5,1.1228E+5,7.4084E+4,1.1312E+5,5.5169E+5,1.8476E+5,1.1659E+5
HTKGIGASGSFR,XP_003438501.2,NA,HTK[+56]GIGASGSFR,#N/A,#N/A,21.71,NA,3.5791E+4,8.7369E+2,4.9908E+3,1.5618E+3,7.3387E+4,2.1381E+5,1.3052E+4,1.1174E+5,7.4221E+4,3.0711E+5,2.1764E+5,2.7564E+5,9.5461E+4,5.9037E+4,8.9819E+4,3.8473E+5,1.2498E+5,7.3754E+4
HTKGIGASGSFR,XP_003438501.2,NA,H[+56]TK[+56]GIGASGSFR,#N/A,#N/A,32.74,NA,5.9767E+6,4.8144E+5,1.5946E+6,1.0504E+6,1.2341E+7,1.9819E+7,2.4224E+7,1.2431E+7,2.4546E+7,1.7634E+7,1.3166E+7,2.6701E+7,9.1943E+6,8.9198E+6,3.1768E+7,2.6974E+7,2.6673E+7,3.5136E+7
HTKGIGASGSFR,XP_003438501.2,NA,H[+56]TK[+43]GIGASGSFR,#N/A,#N/A,30.58,NA,1.5562E+4,3.4888E+2,3.2863E+3,5.5333E+3,1.1633E+5,3.5071E+5,3.1431E+4,5.7126E+4,4.0942E+4,3.0577E+5,2.6286E+5,1.7216E+5,5.4060E+4,3.6777E+4,1.0713E+5,4.0558E+5,9.8602E+4,8.0310E+4
HTKGIGASGSFR,XP_003438501.2,NA,H[+43]TK[+56]GIGASGSFR,#N/A,#N/A,30.34,NA,9.3898E+4,7.7973E+3,2.1305E+4,2.0986E+4,8.7958E+5,3.6797E+6,1.6238E+5,2.8030E+5,2.3900E+5,2.7303E+6,1.9444E+6,7.2235E+5,1.3790E+5,1.9607E+5,6.0126E+5,3.4623E+6,8.6327E+5,5.4202E+5
HTKGIGASGSFR,XP_003438501.2,NA,H[+57]TK[+56]GIGASGSFR,#N/A,#N/A,32.74,NA,4.9417E+6,3.6651E+5,1.2986E+6,7.8062E+5,1.0440E+7,1.6916E+7,2.0434E+7,1.0470E+7,2.1128E+7,1.5222E+7,1.1206E+7,2.3181E+7,7.3692E+6,7.1747E+6,2.5947E+7,2.4833E+7,2.2863E+7,2.9927E+7
HTKGIGASGSFR,XP_003438501.2,NA,H[+57]TK[+43]GIGASGSFR,#N/A,#N/A,30.35,NA,8.1836E+4,8.1630E+3,1.6745E+4,1.9978E+4,8.2169E+5,3.9341E+6,2.4035E+5,2.4138E+5,2.9648E+5,2.7182E+6,2.0540E+6,9.1568E+5,1.9358E+5,1.5631E+5,5.2493E+5,3.6982E+6,9.2490E+5,6.5211E+5
NA,NA,NA,NA,NA,NA,NA,NA,NA,NA,NA,NA,NA,NA,NA,NA,NA,NA,NA,NA,NA,NA,NA,NA,NA,NA
HTKGIGASGSFR,XP_003438501.2,NA,H[+56]TK[+56]GIGASGS[+56]FR,#N/A,#N/A,41.58,NA,3.0653E+4,2.1180E+3,3.1308E+3,1.7353E+3,2.5959E+4,7.3547E+4,8.5532E+4,2.4105E+4,8.7850E+4,7.1759E+4,4.4437E+4,1.0562E+5,3.8667E+4,2.4749E+4,9.8420E+4,8.4677E+4,7.7302E+4,1.1218E+5
HTKGIGASGSFR,XP_003438501.2,NA,H[+57]T[-18]K[+56]GIGASGSFR,#N/A,#N/A,32.74,NA,3.2494E+6,2.3765E+5,8.4893E+5,5.3723E+5,7.1151E+6,1.2045E+7,1.4296E+7,6.8570E+6,1.4988E+7,1.0669E+7,7.8103E+6,1.6632E+7,5.2027E+6,4.9292E+6,1.7867E+7,1.8346E+7,1.6472E+7,2.1311E+7
HTKGIGASGSFR,XP_003438501.2,NA,HTK[+56]GIGASGS[-18]FR[+14],#N/A,#N/A,21.68,NA,6.0067E+5,1.1566E+4,8.4349E+4,1.1411E+4,1.7496E+6,4.9326E+6,2.5942E+5,2.3998E+6,1.9458E+6,7.2996E+6,5.9189E+6,6.3894E+6,1.9887E+6,1.1965E+6,1.9532E+6,8.4331E+6,3.1038E+6,1.8326E+6
KSTGGKAPR,XP_005463512.2,NA,K[+56]STGGK[+56]APR,#N/A,#N/A,17.18,NA,5.1179E+6,2.7907E+6,1.5221E+6,1.4935E+6,3.7255E+6,2.1153E+7,8.3988E+6,1.2135E+7,1.3413E+7,1.4456E+7,9.3018E+6,2.3281E+7,8.6483E+6,8.2873E+6,9.1885E+6,1.9942E+7,2.9017E+7,2.4057E+7
KSTGGKAPR,XP_005463512.2,NA,K[+56]STGGK[+42]APR,#N/A,#N/A,16.6,NA,5.6916E+5,4.2578E+5,2.1510E+5,2.2254E+5,5.9853E+5,5.5373E+6,8.0632E+5,2.0716E+6,2.0411E+6,2.8662E+6,2.2332E+6,4.1351E+6,1.4227E+6,1.1813E+6,1.5411E+6,2.9223E+6,4.8599E+6,3.6102E+6
KSTGGKAPR,XP_005463512.2,NA,K[+112.1]STGGK[+56]APR,#N/A,#N/A,29.36,NA,2.2015E+7,1.0479E+7,7.0795E+6,9.4626E+6,1.9616E+7,3.1568E+7,6.6882E+7,2.5134E+7,4.5325E+7,2.3804E+7,1.4580E+7,3.9828E+7,1.3743E+7,1.7696E+7,4.0513E+7,4.5185E+7,7.0787E+7,6.5730E+7
KSTGGKAPR,XP_005463512.2,NA,K[+112.1]STGGK[+42]APR,#N/A,#N/A,26.27,NA,5.6976E+6,2.7020E+6,1.7874E+6,2.2485E+6,5.9800E+6,1.6991E+7,2.2294E+7,8.7389E+6,1.6265E+7,7.7929E+6,6.7267E+6,1.4724E+7,2.9208E+6,3.9252E+6,1.2816E+7,1.6234E+7,2.8095E+7,2.7422E+7
KSTGGKAPR,XP_005463512.2,NA,K[+57]STGGK[+56]APR,#N/A,#N/A,17.18,NA,4.5012E+6,2.7141E+6,1.4835E+6,1.3483E+6,3.4300E+6,1.9768E+7,8.1448E+6,1.0589E+7,1.3041E+7,1.4228E+7,8.7794E+6,2.0607E+7,8.3704E+6,7.6108E+6,8.4471E+6,1.9366E+7,2.6332E+7,2.2865E+7
KSTGGKAPR,XP_005463512.2,NA,K[+57]STGGK[+42]APR,#N/A,#N/A,16.6,NA,5.4254E+5,3.9498E+5,1.8440E+5,2.0987E+5,5.7849E+5,5.5233E+6,7.7504E+5,2.0666E+6,1.8152E+6,2.7673E+6,2.2865E+6,4.2302E+6,1.3987E+6,1.1555E+6,1.5409E+6,3.0213E+6,4.9885E+6,3.6667E+6
KSTGGKAPR,XP_005463512.2,NA,K[+99]STGGK[+56]APR,#N/A,#N/A,23.92,NA,2.4912E+5,1.2313E+5,6.6995E+4,3.8665E+4,8.9283E+5,5.4407E+6,6.3114E+5,5.3119E+5,5.6303E+5,2.3999E+6,1.6362E+6,9.1977E+5,2.9463E+5,3.9785E+5,6.4047E+5,4.3364E+6,2.6959E+6,1.6630E+6
KQLATKAAR,XP_005463512.2,NA,K[+56]QLATK[+56]AAR,#N/A,#N/A,24.14,NA,3.2663E+7,1.3623E+7,7.4003E+6,6.7344E+6,5.6921E+7,1.2379E+8,1.8348E+7,6.5782E+7,5.0510E+7,1.0957E+8,7.4724E+7,1.3593E+8,4.1230E+7,4.4684E+7,5.5825E+7,1.5053E+8,1.2632E+8,7.7443E+7
KQLATKAAR,XP_005463512.2,NA,K[+56]QLATK[+42]AAR,#N/A,#N/A,21.49,NA,5.8632E+6,2.4097E+6,1.3453E+6,1.1314E+6,1.2766E+7,3.4776E+7,3.3186E+6,1.5983E+7,1.2019E+7,3.0222E+7,2.2491E+7,3.6636E+7,6.6781E+6,6.7608E+6,1.1536E+7,3.8151E+7,3.5013E+7,1.9382E+7
KQLATKAAR,XP_005463512.2,NA,K[+114]QLATK[+56]AAR,#N/A,#N/A,24.5,NA,8.2386E+5,3.5201E+5,2.5910E+5,3.2630E+5,1.0428E+7,1.1966E+7,2.2990E+6,1.2819E+6,2.1025E+6,1.7805E+7,8.5437E+6,9.3958E+6,6.5697E+5,1.1377E+6,2.0186E+6,1.6802E+7,2.0046E+7,1.3472E+7
KQLATKAAR,XP_005463512.2,NA,K[+114]QLATK[+42]AAR,#N/A,#N/A,47.84,NA,1.4480E+7,5.5687E+6,1.0789E+7,8.0923E+6,3.6712E+7,4.9070E+7,4.9222E+7,2.3502E+7,4.9294E+7,3.3043E+7,2.3615E+7,3.9294E+7,9.4587E+6,1.9934E+7,4.9535E+7,4.4268E+7,6.4051E+7,6.0448E+7
KQLATKAAR,XP_005463512.2,NA,K[+112.1]QLATK[+56]AAR,#N/A,#N/A,50.95,NA,8.4266E+7,2.8138E+7,5.1423E+7,4.2915E+7,1.4034E+8,1.7632E+8,2.3240E+8,1.1309E+8,2.1951E+8,1.2370E+8,8.6215E+7,1.6454E+8,6.5230E+7,1.1316E+8,2.0827E+8,1.9774E+8,2.5601E+8,2.6145E+8
KQLATKAAR,XP_005463512.2,NA,K[+112.1]QLATK[+42]AAR,#N/A,#N/A,47.84,NA,1.9444E+7,7.5902E+6,1.4945E+7,1.1402E+7,4.8717E+7,6.4733E+7,6.7059E+7,3.0956E+7,6.4453E+7,4.3662E+7,3.1372E+7,5.2574E+7,1.2579E+7,2.6622E+7,6.6905E+7,5.8473E+7,8.5436E+7,8.1421E+7
KQLATKAAR,XP_005463512.2,NA,K[+112.1]QLATK[+43]AAR,#N/A,#N/A,44.81,NA,5.2661E+5,1.4483E+5,1.7506E+5,1.5048E+5,2.0030E+6,2.9602E+6,2.1601E+6,1.5085E+6,2.2548E+6,1.1992E+6,1.0610E+6,1.6500E+6,4.9943E+5,4.1885E+5,1.6845E+6,1.8648E+6,2.8294E+6,3.2596E+6
KQLATKAAR,XP_005463512.2,NA,K[+57]QLATK[+56]AAR,#N/A,#N/A,24.15,NA,2.5693E+7,1.0294E+7,5.4761E+6,4.9888E+6,4.3676E+7,9.6536E+7,1.3877E+7,5.0906E+7,3.8019E+7,8.4966E+7,5.8088E+7,1.0671E+8,3.2768E+7,3.4567E+7,4.3492E+7,1.1435E+8,9.7278E+7,6.0212E+7
KQLATKAAR,XP_005463512.2,NA,K[+99]QLATK[+56]AAR,#N/A,#N/A,39,NA,2.3403E+6,1.0342E+6,9.9221E+5,3.9768E+5,1.7121E+7,3.4690E+7,4.3506E+6,4.1017E+6,3.7769E+6,2.1150E+7,1.5236E+7,5.8251E+6,1.9989E+6,4.5172E+6,8.4879E+6,2.6851E+7,1.3017E+7,7.9481E+6
KQLATKAAR,XP_005463512.2,NA,K[+99]QLATK[+42]AAR,#N/A,#N/A,35.96,NA,3.2853E+5,1.8952E+5,1.8822E+5,7.3226E+4,4.2283E+6,9.4279E+6,9.2008E+5,7.5082E+5,8.4376E+5,4.5488E+6,4.1110E+6,1.6038E+6,3.7264E+5,6.6397E+5,1.8612E+6,5.1921E+6,3.3521E+6,2.0929E+6
KQLATKAAR,XP_005463512.2,NA,K[+99]QLATK[+43]AAR,#N/A,#N/A,35.97,NA,2.0542E+5,1.1768E+5,1.0128E+5,5.0586E+4,2.4157E+6,5.4338E+6,5.3093E+5,5.1538E+5,5.1133E+5,2.5941E+6,2.3625E+6,9.4732E+5,2.8601E+5,3.7343E+5,1.0491E+6,3.0823E+6,2.0049E+6,1.2115E+6
KQLATKAAR,XP_005463512.2,NA,K[+56]Q[+1]LATK[+56]AAR,#N/A,#N/A,26.4,NA,8.2389E+5,1.9230E+5,1.1186E+5,1.2501E+5,1.0762E+6,2.4755E+6,7.6468E+5,1.3345E+6,1.1696E+6,2.5465E+6,1.9181E+6,2.7912E+6,7.9874E+5,9.0514E+5,1.1104E+6,3.5475E+6,3.0008E+6,1.5589E+6
KQLATKAAR,XP_005463512.2,NA,K[+43]QLAT[+80]K[+56]AAR,#N/A,#N/A,50.95,NA,1.3056E+7,4.0667E+6,7.4149E+6,6.5578E+6,2.0117E+7,2.4315E+7,3.0985E+7,1.6903E+7,2.9206E+7,1.8074E+7,1.3121E+7,2.2085E+7,1.0083E+7,1.6876E+7,2.7154E+7,2.6400E+7,3.2912E+7,3.2817E+7
KSAPATGGVKKPHR,XP_005463512.2,NA,KSAPAT[+114]GGVKKPHR,#N/A,#N/A,17.41,NA,3.3175E+4,1.6378E+3,7.6810E+3,1.9775E+3,3.8219E+6,7.0439E+6,2.1115E+5,2.1345E+6,1.6661E+6,8.1279E+6,3.5390E+6,7.0215E+6,7.8083E+5,3.3294E+5,1.4990E+5,9.4940E+6,4.9885E+6,1.3901E+6
KSAPATGGVKKPHR,XP_005463512.2,NA,K[+56]SAPATGGVK[+56]KPHR,#N/A,#N/A,16.83,NA,5.3336E+3,7.0776E+3,1.3258E+4,5.1238E+3,6.2981E+5,8.9969E+5,2.8790E+5,2.6765E+5,4.8786E+5,7.5781E+5,2.5563E+5,6.1871E+5,8.9244E+4,6.5635E+4,2.9996E+4,1.0985E+6,6.0182E+5,4.5215E+5
NA,NA,NA,NA,NA,NA,NA,NA,NA,NA,NA,NA,NA,NA,NA,NA,NA,NA,NA,NA,NA,NA,NA,NA,NA,NA
KSAPATGGVKKPHR,XP_005463512.2,NA,K[+56]SAPATGGVKK[+28]PHR,#N/A,#N/A,9.69,NA,0.0000E+0,0.0000E+0,0.0000E+0,0.0000E+0,9.2074E+2,4.6609E+3,0.0000E+0,3.7562E+2,3.0929E+2,3.7727E+3,0.0000E+0,2.1451E+3,0.0000E+0,0.0000E+0,2.5054E+2,3.3835E+3,2.5463E+2,1.4265E+2
KSAPATGGVKKPHR,XP_005463512.2,NA,K[+56]SAPATGGVKKPHR[+28],#N/A,#N/A,9.65,NA,0.0000E+0,4.3846E+2,4.4622E+2,0.0000E+0,3.5489E+2,6.4285E+2,3.9657E+2,0.0000E+0,5.8590E+2,7.6839E+2,2.3953E+2,1.0023E+3,0.0000E+0,0.0000E+0,2.6868E+2,4.4992E+2,5.7548E+2,7.8340E+2
KSAPATGGVKKPHR,XP_005463512.2,NA,K[+28]SAPAT[+114]GGVKKPHR,#N/A,#N/A,17.52,NA,0.0000E+0,0.0000E+0,0.0000E+0,0.0000E+0,1.2914E+5,2.9885E+5,6.1406E+3,7.1471E+4,3.0757E+4,2.2047E+5,1.1646E+5,2.4912E+5,1.0952E+4,2.1399E+3,3.5111E+3,1.5951E+5,1.7621E+5,4.0997E+4
KSAPATGGVKKPHR,XP_005463512.2,NA,K[+28]SAPATGGVK[+114]KPHR,#N/A,#N/A,17.48,NA,4.1714E+2,0.0000E+0,5.5389E+2,1.3598E+2,2.8296E+5,7.6657E+5,5.6673E+3,1.6602E+5,4.6363E+4,7.1607E+5,3.2012E+5,7.3225E+5,2.3619E+4,5.2457E+3,1.3205E+3,8.8649E+5,4.9093E+5,5.2991E+4
KSAPATGGVKKPHR,XP_005463512.2,NA,K[+28]SAPATGGVKK[+114]PHR,#N/A,#N/A,17.4,NA,1.7859E+5,2.6226E+4,3.1684E+4,9.3375E+3,5.9678E+6,1.2097E+7,9.8042E+5,3.8333E+6,2.9575E+6,1.3269E+7,6.1984E+6,1.1992E+7,2.0444E+6,8.2800E+5,3.7932E+5,1.5364E+7,9.4823E+6,2.3027E+6
KSAPATGGVKKPHR,XP_005463512.2,NA,K[+14]SAPAT[+114]GGVKKPHR,#N/A,#N/A,17.4,NA,4.2133E+4,2.7766E+3,8.9301E+3,2.4517E+3,4.2165E+6,8.0301E+6,2.7587E+5,2.3974E+6,1.7279E+6,8.8726E+6,3.8391E+6,7.5718E+6,8.5746E+5,3.4481E+5,1.5225E+5,1.0354E+7,5.4381E+6,1.5311E+6
KSAPATGGVKKPHR,XP_005463512.2,NA,K[+71]SAPATGGVK[+56]KPHR,#N/A,#N/A,16.82,NA,5.1286E+3,7.4232E+2,1.7213E+3,1.1239E+2,3.1238E+5,6.2916E+5,1.4306E+5,1.3711E+5,2.9958E+5,4.3700E+5,1.3865E+5,3.9907E+5,4.0745E+4,1.9081E+4,1.9225E+4,8.2287E+5,4.0096E+5,2.4493E+5
NA,NA,NA,NA,NA,NA,NA,NA,NA,NA,NA,NA,NA,NA,NA,NA,NA,NA,NA,NA,NA,NA,NA,NA,NA,NA
KSAPATGGVKKPHR,XP_005463512.2,NA,K[+57]SAPATGGVK[+56]KPHR,#N/A,#N/A,16.83,NA,2.1442E+4,7.6734E+3,2.3314E+4,8.9071E+3,2.7308E+6,3.9991E+6,9.3901E+5,1.1671E+6,2.0081E+6,3.0738E+6,1.1098E+6,2.7261E+6,3.3056E+5,1.6749E+5,1.1486E+5,5.0511E+6,2.6693E+6,1.6386E+6
KSAPATGGVKKPHR,XP_005463512.2,NA,K[+57]SAPATGGVKK[+28]PHR,#N/A,#N/A,16.63,NA,8.1274E+2,8.0961E+2,5.3386E+2,1.4828E+2,6.8556E+3,5.7824E+4,2.2048E+2,2.8301E+3,3.6889E+3,4.5829E+4,1.6457E+4,2.2728E+4,6.1009E+2,0.0000E+0,1.5326E+3,6.4290E+4,1.4011E+4,5.2443E+3
KSAPATGGVKKPHR,XP_005463512.2,NA,K[+70]SAPATGGVK[+56]KPHR,#N/A,#N/A,16.82,NA,0.0000E+0,0.0000E+0,2.2485E+2,0.0000E+0,1.1208E+5,1.7234E+5,3.6213E+4,5.0118E+4,8.1402E+4,1.2018E+5,4.2696E+4,1.1243E+5,1.0482E+4,3.4935E+3,2.8544E+3,2.3009E+5,1.0382E+5,5.2632E+4
KSAPATGGVKKPHR,XP_005463512.2,NA,K[+70]SAPATGGVK[+114]KPHR,#N/A,#N/A,21.54,NA,7.2753E+2,0.0000E+0,4.2536E+2,0.0000E+0,1.7780E+4,4.7153E+4,8.6957E+2,9.0145E+3,2.8691E+3,5.0645E+4,3.6150E+4,2.8402E+4,6.9841E+3,2.6802E+3,4.6169E+3,3.9163E+4,2.2094E+4,8.8912E+3
KSAPATGGVKKPHR,XP_005463512.2,NA,K[+70]SAPATGGVK[+28]KPHR,#N/A,#N/A,16.67,NA,3.7439E+2,7.1781E+2,5.3386E+2,1.4828E+2,5.0776E+3,5.0246E+4,2.1897E+2,1.2009E+3,3.4151E+3,3.3848E+4,1.1937E+4,1.8033E+4,2.0952E+3,0.0000E+0,1.1880E+3,4.8924E+4,1.0469E+4,4.6624E+3
KSAPATGGVKKPHR,XP_005463512.2,NA,KS[+56]APATGGVK[+56]KPHR,#N/A,#N/A,16.81,NA,2.7931E+2,0.0000E+0,8.5494E+2,0.0000E+0,1.2543E+5,1.9987E+5,3.3694E+4,4.4423E+4,9.7458E+4,1.4007E+5,4.7857E+4,1.3789E+5,1.4330E+4,4.7009E+3,3.9147E+3,2.5708E+5,1.2843E+5,7.4265E+4
KSAPATGGVKKPHR,XP_005463512.2,NA,KS[+56]APATGGVK[+28]KPHR,#N/A,#N/A,9.72,NA,0.0000E+0,0.0000E+0,0.0000E+0,0.0000E+0,1.5781E+3,3.9585E+3,0.0000E+0,0.0000E+0,5.7534E+2,3.6681E+3,0.0000E+0,1.5915E+3,0.0000E+0,0.0000E+0,0.0000E+0,2.7792E+3,3.4538E+2,4.9146E+2
KSAPATGGVKKPHR,XP_005463512.2,NA,KS[+114]APATGGVKK[+56]PHR,#N/A,#N/A,17.46,NA,9.3002E+4,6.1007E+3,3.1341E+4,1.3711E+4,6.6327E+6,8.5975E+6,2.6062E+6,3.6353E+6,3.7035E+6,1.2778E+7,8.0211E+6,1.1262E+7,2.1475E+6,7.9782E+5,4.2709E+5,1.4777E+7,7.5806E+6,2.6641E+6
KSAPATGGVKKPHR,XP_005463512.2,NA,KSAPATGGVK[+56]K[+56]PHR,#N/A,#N/A,17.4,NA,4.7987E+4,8.7897E+3,9.9626E+3,2.8388E+3,7.8543E+6,1.4791E+7,4.2608E+5,4.4332E+6,3.2538E+6,1.6624E+7,7.3264E+6,1.4391E+7,1.4606E+6,5.3042E+5,2.1571E+5,1.9778E+7,1.0338E+7,2.5741E+6
KSAPATGGVKKPHR,XP_005463512.2,NA,KSAPATGGVK[+28]K[+56]PHR,#N/A,#N/A,9.86,NA,0.0000E+0,0.0000E+0,0.0000E+0,0.0000E+0,1.7711E+4,2.8827E+4,5.3168E+2,3.1608E+3,1.2546E+2,8.7078E+3,0.0000E+0,1.1027E+3,3.2431E+2,4.4570E+2,0.0000E+0,2.9752E+3,1.3301E+4,8.0912E+2
KSAPATGGVKKPHR,XP_005463512.2,NA,K[+56]SAPAT[+114]GGVK[+14]KPHR,#N/A,#N/A,25.63,NA,6.2658E+3,1.0378E+3,1.4671E+3,7.5647E+2,1.6263E+4,8.3741E+4,5.5938E+3,1.3117E+4,1.9437E+4,8.1144E+4,3.4997E+4,9.9640E+4,9.0280E+3,9.0589E+3,4.5728E+3,1.2204E+5,6.1973E+4,3.2093E+4
NA,NA,NA,NA,NA,NA,NA,NA,NA,NA,NA,NA,NA,NA,NA,NA,NA,NA,NA,NA,NA,NA,NA,NA,NA,NA
KSAPATGGVKKPHR,XP_005463512.2,NA,K[+112.1]S[+56]APATGGVKK[+56]PHR,#N/A,#N/A,23.19,NA,6.2360E+5,1.5513E+4,1.1371E+5,1.1548E+4,3.2900E+6,4.8504E+6,5.8197E+6,1.7766E+6,4.3772E+6,4.1464E+6,1.6427E+6,3.5391E+6,6.6856E+5,9.5880E+5,1.6073E+6,6.4645E+6,5.6519E+6,3.9314E+6
KSAPATGGVKKPHR,XP_005463512.2,NA,K[+112.1]SAPATGGVK[+56]K[+56]PHR,#N/A,#N/A,35.91,NA,8.0437E+5,7.3421E+4,2.6396E+5,8.2720E+4,2.4705E+6,4.7091E+6,3.4799E+6,1.0503E+6,4.0813E+6,3.7945E+6,1.2394E+6,2.4282E+6,3.6730E+5,5.9147E+5,9.1831E+5,6.3685E+6,5.4840E+6,3.9625E+6
KSAPATGGVKKPHR,XP_005463512.2,NA,K[+28]S[+56]APATGGVK[+56]KPHR,#N/A,#N/A,16.83,NA,3.5377E+4,1.3049E+4,4.2005E+4,1.0087E+4,4.5069E+6,6.7828E+6,1.6642E+6,2.0169E+6,3.4489E+6,5.1728E+6,2.0564E+6,4.8277E+6,6.0888E+5,2.8726E+5,2.0860E+5,8.6968E+6,4.4525E+6,2.7503E+6
KSAPATGGVKKPHR,XP_005463512.2,NA,K[+28]S[+56]APATGGVK[+114]KPHR,#N/A,#N/A,23.33,NA,1.0378E+7,4.1052E+5,4.2279E+6,7.8513E+5,3.6601E+7,5.0046E+7,6.3138E+7,2.4156E+7,5.2660E+7,4.2448E+7,1.6139E+7,4.2985E+7,9.3557E+6,1.5724E+7,2.0550E+7,6.3230E+7,6.0895E+7,4.4532E+7
KSAPATGGVKKPHR,XP_005463512.2,NA,K[+28]S[+56]APATGGVK[+28]KPHR,#N/A,#N/A,16.83,NA,7.7150E+4,2.7500E+4,5.2420E+4,9.2241E+3,1.1754E+6,1.5511E+6,6.2056E+5,4.9081E+5,8.6882E+5,1.2454E+6,4.5080E+5,1.2046E+6,1.8175E+5,1.6369E+5,1.4574E+5,1.9569E+6,1.1823E+6,9.0628E+5
KSAPATGGVKKPHR,XP_005463512.2,NA,K[+28]S[+80]APATGGVK[+56]KPHR,#N/A,#N/A,16.91,NA,3.2118E+3,2.8366E+2,1.1190E+3,6.5798E+2,1.7559E+6,2.2868E+6,5.1804E+5,5.7414E+5,9.4609E+5,1.8309E+6,9.1761E+5,1.4467E+6,1.4535E+5,4.0999E+4,4.1432E+4,3.0223E+6,1.5462E+6,8.1454E+5
KSAPATGGVKKPHR,XP_005463512.2,NA,K[+28]SAPAT[+114]GGVK[+42]KPHR,#N/A,#N/A,17.47,NA,7.3607E+3,2.2575E+3,3.2812E+3,8.5103E+2,3.8494E+5,5.9240E+5,4.7878E+4,1.3347E+5,9.3106E+4,1.0539E+6,4.7531E+5,3.5831E+5,5.3678E+4,2.3074E+4,3.0282E+4,5.7774E+5,3.4418E+5,9.2180E+4
KSAPATGGVKKPHR,XP_005463512.2,NA,K[+28]SAPAT[-18]GGVK[+114]KPHR,#N/A,#N/A,17.4,NA,6.9398E+4,8.5767E+3,1.1330E+4,2.8006E+3,7.6874E+6,1.4250E+7,5.4695E+5,4.5164E+6,3.3629E+6,1.6114E+7,7.2537E+6,1.3829E+7,1.6951E+6,6.5088E+5,2.7111E+5,1.9415E+7,1.0350E+7,2.5852E+6
KSAPATGGVKKPHR,XP_005463512.2,NA,K[+28]SAPAT[+80]GGVK[+56]KPHR,#N/A,#N/A,17.42,NA,9.3700E+4,2.5110E+3,3.4876E+4,1.3486E+4,6.1099E+6,9.8607E+6,7.6293E+5,4.0291E+6,2.4929E+6,1.2635E+7,6.5043E+6,1.1131E+7,2.1233E+6,8.4466E+5,4.8128E+5,1.4139E+7,8.9254E+6,2.2602E+6
KSAPATGGVKKPHR,XP_005463512.2,NA,K[+72]S[-18]APATGGVK[+56]KPHR,#N/A,#N/A,16.83,NA,2.3310E+4,1.1680E+4,3.5292E+4,1.0724E+4,3.7877E+6,5.5902E+6,1.3356E+6,1.6456E+6,2.7496E+6,4.3085E+6,1.6456E+6,3.9078E+6,5.0300E+5,2.4568E+5,1.6650E+5,6.9508E+6,3.6632E+6,2.2586E+6
KSAPATGGVKKPHR,XP_005463512.2,NA,K[+42]S[+56]APATGGVK[+114]KPHR,#N/A,#N/A,23.29,NA,6.7776E+5,1.5249E+4,2.1629E+5,2.5259E+4,4.3023E+6,5.7687E+6,7.1121E+6,2.5759E+6,6.1119E+6,5.6487E+6,1.9643E+6,4.5376E+6,8.2504E+5,1.5918E+6,2.5652E+6,8.1145E+6,6.9719E+6,4.3553E+6
KSAPATGGVKKPHR,XP_005463512.2,NA,K[+14]S[+56]APATGGVK[+56]KPHR,#N/A,#N/A,16.82,NA,6.1726E+3,4.4048E+3,1.5095E+4,1.8166E+3,1.3923E+6,2.3381E+6,5.4091E+5,6.4551E+5,1.0285E+6,1.6815E+6,6.3689E+5,1.5057E+6,2.1399E+5,9.9262E+4,6.8364E+4,2.6190E+6,1.4344E+6,8.6668E+5
KSAPATGGVKKPHR,XP_005463512.2,NA,K[+16]SAP[+32]ATGGVK[+56]KPHR,#N/A,#N/A,16.83,NA,2.6557E+4,1.2469E+4,3.8535E+4,1.0724E+4,4.0914E+6,6.2230E+6,1.4456E+6,1.7589E+6,2.9474E+6,4.5951E+6,1.7409E+6,4.1873E+6,5.3126E+5,2.6356E+5,1.7787E+5,7.4508E+6,4.0884E+6,2.4341E+6
KSAPATGGVKKPHR,XP_005463512.2,NA,K[+32]S[-18]APAT[+114]GGVKKPHR,#N/A,#N/A,16.83,NA,6.2872E+3,7.0045E+3,1.3401E+4,5.1238E+3,7.0334E+5,1.0168E+6,2.9654E+5,2.9248E+5,5.3106E+5,7.9452E+5,3.1184E+5,6.9142E+5,9.7558E+4,6.8573E+4,3.4735E+4,1.1645E+6,6.6100E+5,4.6103E+5
KSAPATGGVKKPHR,XP_005463512.2,NA,K[+32]S[-18]APATGGVK[+114]KPHR,#N/A,#N/A,17.4,NA,3.3371E+4,6.9270E+3,5.3789E+3,1.9621E+3,3.7418E+6,7.7907E+6,2.1967E+5,2.3346E+6,1.7076E+6,7.7993E+6,3.7418E+6,7.2398E+6,8.0322E+5,3.4408E+5,1.4404E+5,1.0219E+7,5.4236E+6,1.3020E+6
KSAPATGGVKKPHR,XP_005463512.2,NA,K[+32]SAP[+32]ATGGVK[+56]KPHR,#N/A,#N/A,16.83,NA,2.1399E+4,8.1726E+3,2.3387E+4,8.9071E+3,2.8279E+6,3.9894E+6,9.6326E+5,1.1718E+6,2.0067E+6,3.0760E+6,1.1127E+6,2.8178E+6,3.2799E+5,1.6610E+5,1.1417E+5,5.0507E+6,2.6593E+6,1.6673E+6
NA,NA,NA,NA,NA,NA,NA,NA,NA,NA,NA,NA,NA,NA,NA,NA,NA,NA,NA,NA,NA,NA,NA,NA,NA,NA
KSAPATGGVKKPHR,XP_005463512.2,NA,KS[+114]APAT[-18]GGVK[+56]KPHR,#N/A,#N/A,16.81,NA,1.9822E+4,1.9646E+3,1.8440E+4,3.6128E+2,5.0326E+6,7.2368E+6,1.9483E+6,1.8483E+6,2.9873E+6,5.5693E+6,2.7647E+6,4.5465E+6,6.4077E+5,2.3958E+5,2.0967E+5,9.4841E+6,4.5469E+6,2.5410E+6
YRPGTVALR,XP_005463512.2,NA,YRPGTVALR,#N/A,#N/A,19.07,NA,3.2472E+6,4.5444E+5,5.7313E+5,8.3708E+4,2.1214E+7,6.9288E+7,3.3337E+5,1.7137E+7,8.5625E+6,7.5258E+7,3.9948E+7,4.5443E+7,5.8750E+6,5.7297E+6,3.3017E+6,7.8319E+7,2.9022E+7,1.1757E+7
YRPGTVALR,XP_005463512.2,NA,Y[+56]RPGTVALR,#N/A,#N/A,34.13,NA,1.6133E+7,1.0174E+7,1.5775E+7,6.5371E+6,5.2628E+7,6.3529E+7,3.8289E+7,3.3172E+7,4.7024E+7,5.5501E+7,3.6873E+7,5.2902E+7,1.3791E+7,2.5220E+7,2.9752E+7,6.8658E+7,6.1460E+7,5.7996E+7
YRPGTVALR,XP_005463512.2,NA,Y[+43]RPGTVALR,#N/A,#N/A,29.83,NA,1.4402E+6,5.7737E+5,1.0173E+6,7.5060E+4,5.6256E+7,1.1970E+8,3.2203E+6,6.4829E+6,4.9242E+6,7.7075E+7,5.0197E+7,1.1541E+7,1.3292E+6,4.4690E+6,5.6023E+6,8.5324E+7,2.2171E+7,1.2374E+7
YRPGTVALR,XP_005463512.2,NA,Y[+57]RPGTVALR,#N/A,#N/A,34.12,NA,4.0417E+7,2.4210E+7,4.0295E+7,1.6132E+7,1.5220E+8,1.7027E+8,1.0166E+8,8.8829E+7,1.2589E+8,1.4916E+8,9.9959E+7,1.3331E+8,3.4291E+7,6.4498E+7,8.0822E+7,1.8285E+8,1.6440E+8,1.5540E+8
YRPGTVALR,XP_005463512.2,NA,Y[+43]R[+16]PGTVALR,#N/A,#N/A,29.07,NA,5.3600E+4,1.0524E+4,1.3261E+4,9.7205E+3,1.7766E+5,3.4766E+5,1.2938E+5,1.2879E+5,1.5553E+5,3.1777E+5,1.6870E+5,2.8353E+5,8.0233E+4,6.1262E+4,7.7811E+4,4.0189E+5,3.1985E+5,1.6805E+5
YRPGTVALR,XP_005463512.2,NA,Y[-18]R[+42]P[+32]GTVALR,#N/A,#N/A,34.13,NA,6.3336E+6,3.8246E+6,6.0926E+6,2.3526E+6,2.0104E+7,2.3336E+7,1.5009E+7,1.2714E+7,1.8067E+7,2.0636E+7,1.4094E+7,1.9936E+7,5.2815E+6,9.7762E+6,1.1541E+7,2.5207E+7,2.2804E+7,2.1193E+7
YRPGTVALREIR,XP_005463512.2,NA,Y[+43]RPGTVALREIR,#N/A,#N/A,33.68,NA,9.9570E+3,9.2672E+3,1.2072E+3,4.6984E+3,1.2929E+5,1.5103E+5,1.2417E+4,3.3682E+4,2.7704E+4,8.5492E+4,6.9588E+4,6.4670E+4,2.8781E+4,1.1461E+4,1.4988E+4,6.7004E+4,7.4892E+4,5.7082E+4
RYQKSTELLIR,XP_005463512.2,NA,R[+56]YQKSTELLIR,#N/A,#N/A,34.51,NA,2.1111E+4,1.5869E+3,5.5389E+3,7.8140E+2,3.6105E+5,1.9805E+5,2.8020E+4,3.1874E+4,3.4673E+5,8.6709E+5,5.2712E+5,4.4677E+5,1.0011E+5,4.8766E+4,3.1205E+4,3.8311E+5,3.6610E+5,6.8252E+4
RYQKSTELLIR,XP_005463512.2,NA,R[+57]YQKSTELLIR,#N/A,#N/A,34.55,NA,2.4605E+5,2.5227E+3,6.1181E+4,2.8002E+3,3.2065E+6,1.6076E+6,1.9716E+5,1.6121E+5,2.9415E+6,7.5955E+6,4.5818E+6,3.9187E+6,9.6828E+5,4.8644E+5,2.7657E+5,3.4498E+6,3.2771E+6,4.5852E+5
RYQKSTELLIR,XP_005463512.2,NA,RYQK[+56]STELLIR,#N/A,#N/A,34.52,NA,5.6388E+4,5.7937E+2,1.3382E+4,4.4402E+2,6.0255E+5,3.2177E+5,3.7255E+4,3.4680E+4,5.4644E+5,1.4608E+6,8.9821E+5,7.3754E+5,2.0287E+5,1.0006E+5,4.9550E+4,6.2505E+5,6.4199E+5,8.9695E+4
RYQKSTELLIR,XP_005463512.2,NA,RYQK[+43]STELLIR,#N/A,#N/A,29.07,NA,1.1294E+4,2.1543E+3,3.3805E+3,5.7623E+3,9.2808E+4,1.6537E+5,4.6906E+3,3.3630E+4,2.0600E+4,1.5681E+5,1.0843E+5,1.6521E+5,1.2742E+4,1.0073E+4,8.9786E+3,1.4323E+5,5.9452E+4,5.3421E+4
RYQKSTELLIR,XP_005463512.2,NA,RYQKS[+56]TELLIR,#N/A,#N/A,34.51,NA,3.9911E+4,4.4779E+2,3.9769E+3,3.9063E+2,1.5431E+6,1.3793E+6,6.0614E+4,2.5406E+4,9.8789E+5,6.8391E+6,2.6572E+6,3.1451E+6,2.4914E+5,1.3510E+5,2.8011E+5,2.1126E+6,3.8226E+6,2.8946E+5
RYQKSTELLIR,XP_005463512.2,NA,R[+56]YQK[+56]STELLIR,#N/A,#N/A,47.81,NA,3.7008E+4,2.8206E+2,2.1513E+3,4.4053E+2,3.3437E+5,1.1096E+5,3.1336E+5,2.8727E+4,5.3346E+5,3.3903E+5,1.5884E+5,2.7439E+5,3.8633E+4,8.9856E+4,3.2545E+4,2.1584E+5,5.4036E+5,3.4390E+5
RYQKSTELLIR,XP_005463512.2,NA,R[+56]YQKS[+56]TELLIR,#N/A,#N/A,47.81,NA,2.3154E+4,3.7440E+2,3.3325E+2,3.6395E+2,1.5247E+5,5.1456E+4,1.3017E+5,1.3653E+4,2.4372E+5,1.6012E+5,6.2470E+4,1.1995E+5,2.3110E+4,4.9313E+4,2.0490E+4,9.7742E+4,2.4818E+5,1.5405E+5
RYQKSTELLIR,XP_005463512.2,NA,R[+43]YQK[+56]STELLIR,#N/A,#N/A,45.46,NA,5.1589E+4,9.7768E+2,3.0576E+3,6.3820E+3,4.8253E+5,5.0436E+5,1.2993E+5,4.8172E+4,1.8675E+5,1.4358E+6,6.6873E+5,3.1085E+5,2.9688E+4,5.1960E+4,4.8152E+4,8.9149E+5,5.4899E+5,1.8140E+5
RYQKSTELLIR,XP_005463512.2,NA,R[+56]YQ[+1]K[+42]STELLIR,#N/A,#N/A,45.44,NA,5.4575E+4,7.6949E+2,5.5300E+3,7.9018E+3,4.5522E+5,5.3046E+5,1.5042E+5,5.7981E+4,2.1967E+5,1.3934E+6,6.6262E+5,2.8482E+5,3.3910E+4,5.1659E+4,4.8180E+4,8.4972E+5,5.3518E+5,2.4034E+5
RYQKSTELLIR,XP_005463512.2,NA,R[+56]YQK[+72]S[-18]TELLIR,#N/A,#N/A,47.8,NA,2.0623E+5,2.8455E+3,2.7309E+4,1.0989E+4,1.8732E+6,4.8967E+5,1.2392E+6,1.6675E+5,3.3919E+6,2.0237E+6,7.8235E+5,1.0349E+6,1.9225E+5,6.3495E+5,2.2297E+5,1.1341E+6,2.8519E+6,1.7982E+6
YQKSTELLIR,XP_005463512.2,NA,Y[+56]QKSTELLIR,#N/A,#N/A,42.89,NA,2.6039E+4,6.1387E+3,1.6906E+4,8.2305E+3,1.0899E+5,1.6362E+5,3.8232E+4,3.7348E+4,1.0317E+5,4.1529E+5,2.1973E+5,8.0326E+4,4.2441E+4,1.1088E+5,6.0676E+4,5.2608E+5,1.4398E+5,7.1563E+4
YQKSTELLIR,XP_005463512.2,NA,Y[+57]QKSTELLIR,#N/A,#N/A,23.63,NA,3.3297E+3,2.1929E+3,9.4200E+3,1.0552E+3,5.6830E+5,1.6014E+6,2.9407E+3,9.9949E+4,6.4186E+4,1.6635E+6,1.2111E+6,5.2704E+5,3.0760E+4,3.9500E+4,2.0005E+4,1.5457E+6,4.1915E+5,1.2485E+5
YQKSTELLIR,XP_005463512.2,NA,YQK[+56]STELLIR,#N/A,#N/A,42.79,NA,7.6505E+6,9.1866E+4,1.3363E+6,2.3281E+5,4.1898E+7,7.9678E+7,2.7971E+6,1.6614E+7,1.7642E+7,7.7715E+7,5.3202E+7,4.1999E+7,1.0059E+7,1.4895E+7,7.4291E+6,8.1071E+7,3.5927E+7,1.8652E+7
YQKSTELLIR,XP_005463512.2,NA,YQKS[+56]TELLIR,#N/A,#N/A,42.86,NA,4.8525E+3,1.5685E+2,1.5237E+3,8.7229E+2,1.5052E+4,2.5510E+4,2.4194E+3,7.4973E+3,1.5114E+4,6.0139E+4,1.7623E+4,1.0361E+4,8.2310E+3,1.6137E+4,3.5147E+3,7.7732E+4,2.2439E+4,9.6900E+3
YQKSTELLIR,XP_005463512.2,NA,Y[+56]QK[+56]STELLIR,#N/A,#N/A,63.4,NA,1.2169E+7,6.4275E+4,1.0180E+6,5.7334E+5,5.7892E+7,7.4354E+7,4.2262E+7,2.3882E+7,5.0533E+7,6.0988E+7,3.4259E+7,4.1406E+7,6.1473E+6,2.4373E+7,6.8189E+6,8.7004E+7,6.6708E+7,6.2917E+7
YQKSTELLIR,XP_005463512.2,NA,Y[+43]QK[+56]STELLIR,#N/A,#N/A,59.13,NA,2.1697E+5,3.0026E+3,2.3541E+4,1.0799E+4,7.9505E+6,1.9420E+7,5.2297E+5,5.7467E+5,6.6127E+5,1.0657E+7,5.7124E+6,1.0244E+6,1.2364E+5,6.5736E+5,1.6349E+5,1.2073E+7,2.6102E+6,1.3589E+6
YQKSTELLIR,XP_005463512.2,NA,Y[+57]QK[+56]STELLIR,#N/A,#N/A,59.19,NA,2.1911E+5,1.4791E+3,1.9682E+4,9.1975E+3,7.9636E+6,1.9091E+7,5.3990E+5,6.0701E+5,6.7787E+5,1.0674E+7,5.7681E+6,1.0152E+6,1.2117E+5,6.2927E+5,1.3821E+5,1.2077E+7,2.6276E+6,1.3893E+6
YQKSTELLIR,XP_005463512.2,NA,Y[-18]QK[+56]STELLIR,#N/A,#N/A,36.9,NA,1.2687E+3,2.7510E+3,2.6595E+3,1.0515E+3,7.3672E+3,1.1987E+4,2.3746E+3,6.1167E+3,6.6760E+3,2.5031E+4,2.4318E+4,2.1454E+4,1.4709E+4,3.9959E+3,4.4324E+3,3.4536E+4,6.0121E+3,1.8269E+4
YQKSTELLIR,XP_005463512.2,NA,YQ[+1]K[+56]STELLIR,#N/A,#N/A,42.79,NA,6.8434E+6,7.0720E+4,1.1017E+6,1.9722E+5,3.6882E+7,6.6703E+7,2.3609E+6,1.4787E+7,1.5209E+7,6.8528E+7,4.6267E+7,3.6643E+7,8.9119E+6,1.3215E+7,6.4386E+6,7.1047E+7,3.3903E+7,1.5895E+7
NA,NA,NA,NA,NA,NA,NA,NA,NA,NA,NA,NA,NA,NA,NA,NA,NA,NA,NA,NA,NA,NA,NA,NA,NA,NA
NA,NA,NA,NA,NA,NA,NA,NA,NA,NA,NA,NA,NA,NA,NA,NA,NA,NA,NA,NA,NA,NA,NA,NA,NA,NA
YQKSTELLIR,XP_005463512.2,NA,Y[+56]QK[+14]S[+80]TELLIR,#N/A,#N/A,63.44,NA,8.1378E+3,1.2142E+2,5.3934E+2,1.1049E+3,5.4956E+4,6.2249E+4,2.6216E+4,2.7588E+4,4.7378E+4,3.8403E+4,3.2318E+4,3.7240E+4,3.8901E+3,2.2122E+4,4.9384E+3,7.1500E+4,6.1876E+4,4.8913E+4
YQKSTELLIR,XP_005463512.2,NA,Y[+56]QK[+14]ST[+80]ELLIR,#N/A,#N/A,63.47,NA,1.8173E+3,1.2791E+2,6.9461E+2,0.0000E+0,6.9842E+4,7.5338E+4,1.7279E+4,1.6232E+4,4.8952E+4,2.5086E+4,2.1576E+4,3.4701E+4,1.9645E+3,1.8292E+4,1.7784E+3,5.8825E+4,5.5098E+4,5.5978E+4
YQKSTELLIR,XP_005463512.2,NA,Y[+43]QK[+42]S[+80]TELLIR,#N/A,#N/A,63.41,NA,2.1354E+5,2.1688E+3,4.1613E+4,1.9278E+4,1.6555E+6,1.9477E+6,8.9385E+5,7.7743E+5,1.4497E+6,1.2583E+6,1.0409E+6,1.0875E+6,1.3882E+5,7.8482E+5,2.1846E+5,2.0086E+6,1.8064E+6,1.6237E+6
EIAQDFKTDLR,XP_005463512.2,NA,E[+43]IAQDFKTDLR,#N/A,#N/A,47.6,NA,1.8262E+4,1.3214E+3,4.6274E+3,1.3075E+3,1.0105E+5,1.8127E+5,2.2827E+4,4.5444E+4,5.6162E+4,1.3744E+5,1.2207E+5,1.2456E+5,2.7608E+4,2.9815E+4,3.3716E+4,2.0813E+5,1.2915E+5,5.9257E+4
EIAQDFKTDLR,XP_005463512.2,NA,EIAQD[+57]FKTDLR,#N/A,#N/A,47.64,NA,3.6636E+6,1.0895E+5,1.0736E+6,3.9830E+5,1.4886E+7,2.4641E+7,3.2709E+6,7.8965E+6,7.7805E+6,2.3866E+7,1.4999E+7,1.3724E+7,4.1938E+6,6.6891E+6,6.0060E+6,2.4279E+7,1.6766E+7,8.5139E+6
EIAQDFKTDLR,XP_005463512.2,NA,EIAQDFK[+56]TDLR,#N/A,#N/A,47.67,NA,1.3088E+6,4.2612E+4,3.7003E+5,1.3527E+5,4.8879E+6,8.1350E+6,1.2199E+6,3.1024E+6,2.9912E+6,7.8992E+6,5.2348E+6,5.4450E+6,1.5739E+6,2.5849E+6,2.2497E+6,8.3995E+6,6.0263E+6,3.3794E+6
EIAQDFKTDLR,XP_005463512.2,NA,EIAQDFK[+28]TDLR,#N/A,#N/A,32.38,NA,2.3865E+5,2.3178E+4,1.6729E+5,1.2119E+4,2.3468E+6,5.1578E+6,2.5030E+5,1.1011E+6,1.3928E+6,4.2631E+6,3.3448E+6,3.0120E+6,6.5268E+5,1.0841E+6,9.6875E+5,5.6258E+6,2.2590E+6,1.2253E+6
EIAQDFKTDLR,XP_005463512.2,NA,EIAQDFK[+14]TDLR,#N/A,#N/A,32.29,NA,2.6564E+5,2.6359E+4,1.7290E+5,8.1674E+3,4.0871E+6,1.0816E+7,2.7885E+5,1.2522E+6,1.6243E+6,1.0800E+7,6.2139E+6,6.8044E+6,7.2305E+5,9.0507E+5,7.9640E+5,1.1729E+7,3.4027E+6,2.2696E+6
NA,NA,NA,NA,NA,NA,NA,NA,NA,NA,NA,NA,NA,NA,NA,NA,NA,NA,NA,NA,NA,NA,NA,NA,NA,NA
EIAQDFKTDLR,XP_005463512.2,NA,EIAQDFKTD[+57]LR,#N/A,#N/A,47.65,NA,1.3629E+6,2.5069E+4,3.0040E+5,1.0724E+5,5.8539E+6,9.1584E+6,1.3110E+6,3.3398E+6,3.2782E+6,9.3056E+6,6.3060E+6,6.0702E+6,1.6593E+6,2.6671E+6,2.3787E+6,9.9043E+6,6.7209E+6,3.6871E+6
EIAQDFKTDLR,XP_005463512.2,NA,E[+56]IAQDFK[+56]TDLR,#N/A,#N/A,68.95,NA,9.4548E+6,3.8445E+4,9.8367E+5,1.0489E+6,1.9819E+7,1.8844E+7,2.3308E+7,1.4169E+7,2.2538E+7,1.5604E+7,1.0271E+7,1.3236E+7,5.4655E+6,1.4060E+7,7.4057E+6,1.8097E+7,2.3728E+7,2.0668E+7
EIAQDFKTDLR,XP_005463512.2,NA,E[+56]IAQDFK[+28]TDLR,#N/A,#N/A,52.67,NA,1.8179E+6,1.8661E+4,8.4166E+5,9.7825E+4,1.0853E+7,1.6323E+7,8.7587E+6,4.2304E+6,1.3150E+7,1.1546E+7,7.4964E+6,9.1506E+6,1.7507E+6,3.7773E+6,5.0415E+6,1.8947E+7,1.2577E+7,1.4966E+7
EIAQDFKTDLR,XP_005463512.2,NA,E[+56]IAQDFK[+14]TDLR,#N/A,#N/A,52.57,NA,1.3358E+6,1.3727E+4,9.0865E+5,5.5654E+4,1.3197E+7,1.8154E+7,6.7946E+6,4.1435E+6,1.2606E+7,1.2286E+7,8.2906E+6,8.9876E+6,1.4838E+6,3.5425E+6,3.5276E+6,1.8293E+7,1.1178E+7,1.5079E+7
EIAQDFKTDLR,XP_005463512.2,NA,E[+56]IAQDFKTD[+57]LR,#N/A,#N/A,51.8,NA,6.3570E+4,3.5492E+3,3.3659E+4,9.1655E+3,2.2869E+6,2.6425E+6,2.5578E+5,2.7008E+5,5.9631E+5,1.7666E+6,1.3411E+6,7.3222E+5,7.3462E+4,1.8713E+5,1.8572E+5,2.3499E+6,1.6370E+6,1.2070E+6
EIAQDFKTDLR,XP_005463512.2,NA,E[+43]IAQDFK[+56]TDLR,#N/A,#N/A,65.01,NA,3.8979E+5,2.0479E+3,3.1604E+4,2.6922E+4,9.7556E+6,1.9194E+7,8.9251E+5,9.9693E+5,1.2662E+6,1.3568E+7,7.6756E+6,1.7743E+6,2.8156E+5,9.9642E+5,4.0605E+5,1.4730E+7,5.4429E+6,2.7211E+6
EIAQDFKTDLR,XP_005463512.2,NA,E[+43]IAQDFK[+28]TDLR,#N/A,#N/A,47.52,NA,1.2649E+4,1.3121E+3,6.5131E+3,1.0821E+3,2.2345E+5,5.4272E+5,2.0544E+4,1.8625E+4,4.5758E+4,3.5066E+5,2.5591E+5,7.1875E+4,2.0539E+4,2.4350E+4,3.1953E+4,4.2493E+5,1.0590E+5,7.8428E+4
EIAQDFKTDLR,XP_005463512.2,NA,E[+43]IAQDFK[+14]TDLR,#N/A,#N/A,47.38,NA,4.5723E+4,1.3149E+3,9.2615E+3,3.3677E+3,1.0540E+6,2.6174E+6,1.0001E+5,1.1580E+5,2.3381E+5,1.5935E+6,1.1491E+6,3.7689E+5,6.7583E+4,9.7430E+4,1.0159E+5,1.5847E+6,4.9006E+5,3.5456E+5
EIAQDFKTDLR,XP_005463512.2,NA,E[+43]IAQDFKTD[+57]LR,#N/A,#N/A,65.01,NA,3.0432E+5,2.8686E+3,2.3953E+4,1.6933E+4,6.4890E+6,1.3529E+7,6.5333E+5,7.2383E+5,9.0104E+5,9.5148E+6,5.1889E+6,1.2159E+6,1.9133E+5,7.0143E+5,2.8040E+5,1.0039E+7,3.6352E+6,1.7297E+6
EIAQDFKTDLR,XP_005463512.2,NA,E[+57]IAQDFK[+56]TDLR,#N/A,#N/A,68.95,NA,6.8048E+6,2.3541E+4,6.3651E+5,6.9467E+5,1.4134E+7,1.3568E+7,1.6445E+7,1.0101E+7,1.5778E+7,1.1235E+7,7.4413E+6,9.3821E+6,3.8286E+6,1.0023E+7,5.3090E+6,1.2982E+7,1.6864E+7,1.4781E+7
EIAQDFKTDLR,XP_005463512.2,NA,E[+57]IAQDFK[+28]TDLR,#N/A,#N/A,52.67,NA,1.7916E+6,1.6753E+4,8.1628E+5,9.0621E+4,1.0382E+7,1.5705E+7,8.3391E+6,3.9981E+6,1.2680E+7,1.1123E+7,7.1960E+6,8.6555E+6,1.6764E+6,3.4568E+6,4.7330E+6,1.7787E+7,1.2200E+7,1.4326E+7
EIAQDFKTDLR,XP_005463512.2,NA,E[+57]IAQDFK[+14]TDLR,#N/A,#N/A,52.57,NA,1.0435E+6,8.7274E+3,6.6805E+5,3.9971E+4,1.0472E+7,1.3733E+7,5.2918E+6,3.1270E+6,1.0004E+7,9.4951E+6,6.8148E+6,7.7345E+6,1.1425E+6,2.7388E+6,2.7518E+6,1.4707E+7,8.9273E+6,1.1885E+7
EIAQDFKTDLR,XP_005463512.2,NA,EIAQ[+1]DFK[+56]TDLR,#N/A,#N/A,47.66,NA,1.0927E+7,2.7198E+5,2.6855E+6,9.3940E+5,4.2503E+7,6.7568E+7,9.7137E+6,2.5208E+7,2.4403E+7,6.8511E+7,4.5681E+7,4.4421E+7,1.2692E+7,2.0903E+7,1.8645E+7,7.3634E+7,5.0696E+7,2.7404E+7
EIAQDFKTDLR,XP_005463512.2,NA,EIAQD[-18]FK[+56]TDLR,#N/A,#N/A,63.45,NA,1.3007E+5,9.0613E+2,1.1941E+4,7.7358E+3,5.9769E+5,8.8246E+5,5.0556E+5,2.4989E+5,3.9727E+5,5.8790E+5,3.3053E+5,4.4023E+5,1.0911E+5,2.5784E+5,7.8446E+4,9.1193E+5,6.9166E+5,6.7632E+5
EIAQDFKTDLR,XP_005463512.2,NA,EIAQDFK[+56]TDLR[+14],#N/A,#N/A,52.31,NA,2.5378E+4,4.7226E+2,2.5695E+3,3.4041E+3,8.7371E+4,1.7574E+5,1.9389E+4,6.4319E+4,6.5760E+4,1.7530E+5,1.4990E+5,1.3739E+5,4.7701E+4,5.0457E+4,3.7369E+4,2.1376E+5,1.2294E+5,7.4964E+4
NA,NA,NA,NA,NA,NA,NA,NA,NA,NA,NA,NA,NA,NA,NA,NA,NA,NA,NA,NA,NA,NA,NA,NA,NA,NA
EIAQDFKTDLR,XP_005463512.2,NA,EIAQDFK[+42]TDLR[+28],#N/A,#N/A,52.37,NA,8.9448E+3,0.0000E+0,9.0036E+2,0.0000E+0,5.0780E+4,1.2217E+5,1.5232E+4,3.2466E+4,3.4632E+4,1.2690E+5,9.8904E+4,7.8437E+4,1.7228E+4,2.9202E+4,2.5814E+4,1.3548E+5,8.5266E+4,3.9658E+4
EIAQDFKTDLR,XP_005463512.2,NA,EIAQDFK[+14]T[+80]DLR,#N/A,#N/A,47.65,NA,1.3193E+5,8.5548E+3,4.4512E+4,1.7173E+4,7.7525E+5,1.0667E+6,1.2734E+5,4.4389E+5,3.5755E+5,1.0067E+6,8.7882E+5,6.3676E+5,1.7411E+5,3.7377E+5,3.1705E+5,1.0867E+6,8.1555E+5,3.6742E+5
EIAQDFKTDLR,XP_005463512.2,NA,EIAQDFK[+14]T[+42]DLR,#N/A,#N/A,47.65,NA,3.2891E+5,1.5568E+4,9.5224E+4,3.9193E+4,1.2164E+6,2.0425E+6,3.2766E+5,7.6957E+5,6.7695E+5,1.9997E+6,1.3710E+6,1.2906E+6,3.9082E+5,6.2426E+5,5.8759E+5,2.2254E+6,1.7520E+6,8.5310E+5
EIAQDFKTDLR,XP_005463512.2,NA,EIAQDFK[+14]T[+56]DLR,#N/A,#N/A,52.35,NA,1.9752E+4,0.0000E+0,3.3644E+3,2.5800E+2,1.0671E+5,2.0265E+5,2.2974E+4,5.8652E+4,7.4714E+4,1.6737E+5,1.3573E+5,1.2268E+5,2.5695E+4,5.1745E+4,3.6128E+4,2.5388E+5,1.0760E+5,7.0221E+4
EIAQDFKTDLR,XP_005463512.2,NA,EIAQDFK[+71]TDLR[-1],#N/A,#N/A,52.35,NA,1.5092E+6,1.1614E+4,2.1612E+5,6.9053E+4,7.8852E+6,1.4682E+7,1.6685E+6,4.2068E+6,4.5557E+6,1.4186E+7,1.1021E+7,9.1745E+6,2.0255E+6,3.2823E+6,2.9536E+6,1.6657E+7,1.1074E+7,5.2232E+6
EIAQDFKTDLR,XP_005463512.2,NA,EIAQDFK[+16]T[+42]DLR,#N/A,#N/A,47.66,NA,1.9992E+6,6.1670E+4,5.0505E+5,2.1428E+5,6.9399E+6,1.1992E+7,1.5820E+6,4.8416E+6,3.8062E+6,1.0587E+7,7.1130E+6,6.9028E+6,2.0664E+6,3.5274E+6,3.3504E+6,1.1675E+7,7.8221E+6,4.1878E+6
EIAQDFKTDLR,XP_005463512.2,NA,EIAQDFK[+42]TDLR[+16],#N/A,#N/A,47.66,NA,3.0519E+6,7.3309E+4,7.3251E+5,2.5439E+5,1.3133E+7,2.0731E+7,2.7235E+6,7.3030E+6,7.1281E+6,2.0563E+7,1.3937E+7,1.3313E+7,3.6839E+6,5.9530E+6,5.0830E+6,2.2371E+7,1.5203E+7,7.5945E+6
EIAQDFKTDLR,XP_005463512.2,NA,E[+56]IAQ[+1]DFK[+56]TDLR,#N/A,#N/A,68.95,NA,8.4299E+6,3.2771E+4,8.5727E+5,9.2453E+5,1.7675E+7,1.6810E+7,2.0873E+7,1.2672E+7,2.0080E+7,1.3921E+7,9.2070E+6,1.1545E+7,4.7927E+6,1.2014E+7,6.6118E+6,1.6229E+7,2.1174E+7,1.8386E+7
EIAQDFKTDLR,XP_005463512.2,NA,E[+56]IAQD[+57]FK[+14]TDLR,#N/A,#N/A,51.87,NA,7.2416E+3,2.4226E+2,6.5338E+3,1.6524E+3,3.0973E+5,3.3181E+5,3.7691E+4,3.9034E+4,8.3093E+4,2.8289E+5,1.9759E+5,9.2828E+4,1.4567E+4,2.5957E+4,3.3943E+4,3.4026E+5,2.5376E+5,1.6587E+5
NA,NA,NA,NA,NA,NA,NA,NA,NA,NA,NA,NA,NA,NA,NA,NA,NA,NA,NA,NA,NA,NA,NA,NA,NA,NA
EIAQDFKTDLR,XP_005463512.2,NA,E[+56]IAQDFK[+42]TDLR[+28],#N/A,#N/A,69.28,NA,1.7215E+5,1.5502E+2,4.0975E+3,3.4133E+3,5.1571E+5,5.6173E+5,6.0689E+5,2.6672E+5,5.5735E+5,4.4430E+5,3.3880E+5,3.5199E+5,8.1924E+4,2.9009E+5,7.4307E+4,5.4754E+5,6.7947E+5,5.7096E+5
EIAQDFKTDLR,XP_005463512.2,NA,E[+56]IAQDFK[+14]TD[+57]LR,#N/A,#N/A,51.89,NA,7.1299E+3,0.0000E+0,4.5125E+3,1.4614E+3,3.8442E+5,4.5767E+5,5.0377E+4,3.7410E+4,1.1607E+5,3.4888E+5,2.6974E+5,1.4186E+5,1.6738E+4,3.0342E+4,3.3334E+4,4.8820E+5,3.2211E+5,2.6206E+5
EIAQDFKTDLR,XP_005463512.2,NA,E[+56]IAQDFK[+71]TDLR[-1],#N/A,#N/A,69.28,NA,9.6019E+5,2.6582E+3,1.8765E+4,2.1044E+4,2.7958E+6,3.2859E+6,3.5926E+6,1.4806E+6,3.1625E+6,2.6735E+6,2.0605E+6,2.0248E+6,4.2183E+5,1.4693E+6,4.1927E+5,2.9350E+6,4.0750E+6,3.0838E+6
EIAQDFKTDLR,XP_005463512.2,NA,E[+56]IAQDFKTD[+57]LR[-1],#N/A,#N/A,68.95,NA,7.6461E+6,2.7460E+4,7.6334E+5,8.2984E+5,1.6127E+7,1.5604E+7,1.8604E+7,1.1441E+7,1.8605E+7,1.2621E+7,8.3595E+6,1.0775E+7,4.3116E+6,1.1353E+7,6.0032E+6,1.5269E+7,1.8998E+7,1.7016E+7
EIAQDFKTDLR,XP_005463512.2,NA,E[+43]IAQ[+1]DFK[+56]TDLR,#N/A,#N/A,65,NA,3.8932E+5,3.1599E+3,2.9451E+4,2.5544E+4,9.3023E+6,1.9428E+7,1.0801E+6,9.5412E+5,1.3910E+6,1.3994E+7,7.5363E+6,1.6213E+6,2.8996E+5,1.0121E+6,3.8684E+5,1.4333E+7,5.5542E+6,2.7199E+6
VTIMPKDIQLAR,XP_005463512.2,NA,VT[+114]IMPKDIQLAR,#N/A,#N/A,36.87,NA,1.6407E+6,3.0322E+5,8.3494E+5,1.5905E+5,1.9668E+7,3.6111E+7,2.7031E+6,8.0392E+6,6.6795E+6,3.8618E+7,2.3474E+7,2.0930E+7,4.5592E+6,5.3415E+6,5.0217E+6,3.6805E+7,2.1987E+7,1.0091E+7
VTIMPKDIQLAR,XP_005463512.2,NA,VTIMPK[+56]DIQLAR,#N/A,#N/A,50.14,NA,1.4266E+4,4.9594E+3,3.1649E+4,4.3557E+4,3.4662E+5,1.5096E+5,9.0147E+4,1.1328E+5,1.5771E+5,4.0406E+5,2.2082E+5,3.4541E+5,8.6284E+4,7.7493E+4,7.8611E+4,5.2192E+5,2.3601E+5,3.8143E+5
VTIMPKDIQLAR,XP_005463512.2,NA,VTIMPK[+72]DIQLAR,#N/A,#N/A,45.29,NA,1.1101E+6,3.2236E+4,1.6616E+5,1.6018E+5,1.6367E+6,1.6633E+6,2.1298E+5,8.9796E+5,7.1802E+5,2.0455E+6,6.0879E+5,7.2305E+5,1.6252E+6,1.0890E+6,6.0143E+5,1.7861E+6,7.7850E+5,4.3401E+5
VTIMPKDIQLAR,XP_005463512.2,NA,VTIMPK[+43]DIQLAR,#N/A,#N/A,48.87,NA,1.3556E+4,8.8783E+3,1.4603E+4,6.0163E+3,5.8803E+4,4.4411E+4,2.3536E+4,5.2328E+4,5.7213E+4,9.0356E+4,3.9507E+4,7.9032E+4,5.4915E+4,2.8866E+4,3.1332E+4,9.4992E+4,6.2150E+4,6.0077E+4
VTIMPKDIQLAR,XP_005463512.2,NA,VTIMPKD[+57]IQLAR,#N/A,#N/A,51.55,NA,2.9418E+6,4.3359E+4,1.4312E+6,2.3467E+5,2.1443E+7,4.2871E+7,4.6603E+6,3.2414E+7,2.4131E+7,4.0302E+7,3.0116E+7,4.4274E+7,1.7143E+7,1.6091E+7,1.6664E+7,4.9263E+7,3.4519E+7,2.3229E+7
VTIMPKDIQLAR,XP_005463512.2,NA,V[+56]TIMPK[+56]DIQLAR,#N/A,#N/A,69.12,NA,5.1784E+6,3.1005E+4,7.9500E+5,6.0088E+5,1.5800E+7,1.7156E+7,2.3426E+7,2.4932E+7,2.8669E+7,1.4031E+7,1.0263E+7,2.0578E+7,1.0881E+7,1.7008E+7,7.6639E+6,1.9537E+7,2.6346E+7,2.7929E+7
VTIMPKDIQLAR,XP_005463512.2,NA,V[+56]TIMPK[+72]DIQLAR,#N/A,#N/A,64,NA,1.1743E+7,2.5860E+4,1.0012E+6,6.9049E+5,9.5554E+6,9.9854E+6,2.8475E+7,8.3977E+6,1.5766E+7,7.3820E+6,3.8889E+6,9.0397E+6,7.4888E+6,8.6004E+6,5.5297E+6,1.8004E+7,1.1206E+7,1.1722E+7
VTIMPKDIQLAR,XP_005463512.2,NA,V[+56]TIMPKD[+57]IQLAR,#N/A,#N/A,69.12,NA,1.8858E+6,9.1230E+3,2.4700E+5,1.9332E+5,5.8166E+6,6.2900E+6,8.7238E+6,8.7513E+6,1.0384E+7,5.1317E+6,3.7913E+6,7.2992E+6,3.9796E+6,6.2431E+6,2.8670E+6,7.0785E+6,9.4748E+6,9.8247E+6
VTIMPKDIQLAR,XP_005463512.2,NA,V[+43]TIMPK[+56]DIQLAR,#N/A,#N/A,66.18,NA,1.1971E+5,1.3728E+3,7.4182E+3,4.5835E+3,5.0257E+6,1.2560E+7,6.7190E+5,1.4060E+6,1.6012E+6,8.0424E+6,5.0065E+6,2.2269E+6,3.9456E+5,7.9376E+5,2.8415E+5,1.0397E+7,4.1772E+6,3.1275E+6
VTIMPKDIQLAR,XP_005463512.2,NA,V[+43]TIMPK[+42]DIQLAR,#N/A,#N/A,61.85,NA,6.5361E+3,5.0490E+1,5.0827E+2,1.1357E+3,1.9699E+4,1.9091E+4,1.6750E+4,1.3629E+4,3.5283E+4,2.0580E+4,1.4551E+4,3.7322E+4,1.0763E+4,9.5831E+3,9.5716E+3,3.8683E+4,2.7923E+4,5.0534E+4
VTIMPKDIQLAR,XP_005463512.2,NA,V[+43]TIMPK[+43]DIQLAR,#N/A,#N/A,64.53,NA,9.4080E+4,1.6645E+3,4.2759E+3,2.2608E+4,1.2244E+5,2.2619E+5,1.2821E+5,5.3613E+4,1.4838E+5,8.7006E+4,1.1085E+5,1.2445E+5,7.2903E+4,3.3151E+4,4.0576E+4,2.1629E+5,1.2613E+5,1.3551E+5
VTIMPKDIQLAR,XP_005463512.2,NA,V[+43]TIMPKD[+57]IQLAR,#N/A,#N/A,66.21,NA,8.0400E+4,6.8517E+2,6.3953E+3,3.5586E+3,3.2845E+6,8.6466E+6,4.7646E+5,9.3899E+5,1.0925E+6,5.4635E+6,3.3020E+6,1.4903E+6,3.0430E+5,5.7118E+5,1.8525E+5,7.1385E+6,2.8802E+6,2.1561E+6
VTIMPKDIQLAR,XP_005463512.2,NA,V[+226.1]TIMPK[+56]DIQLAR,#N/A,#N/A,51.52,NA,2.3641E+5,3.1861E+2,1.3859E+4,4.4984E+3,2.5504E+6,5.1187E+6,4.9962E+5,1.7385E+6,2.1113E+6,4.6470E+6,2.6741E+6,7.6592E+6,1.0601E+6,6.5118E+5,6.7354E+5,1.0659E+7,6.5382E+6,4.6478E+6
VTIMPKDIQLAR,XP_005463512.2,NA,V[+57]TIMPK[+56]DIQLAR,#N/A,#N/A,52.27,NA,1.1017E+5,3.3601E+3,5.5860E+4,1.7502E+4,6.2708E+6,6.0402E+6,6.3019E+5,1.0468E+6,1.2835E+6,9.8572E+6,5.1789E+6,5.0289E+6,3.7963E+5,5.4981E+5,6.3467E+5,8.2966E+6,8.5907E+6,6.0282E+6
VTIMPKDIQLAR,XP_005463512.2,NA,VT[-18]IMPK[+56]DIQLAR,#N/A,#N/A,51.65,NA,2.3525E+4,3.2401E+3,1.1250E+4,1.1079E+4,5.5598E+4,1.0188E+5,8.2845E+4,7.5660E+4,1.2025E+5,8.2617E+4,5.5708E+4,1.1343E+5,5.2367E+4,5.2759E+4,4.3410E+4,1.1738E+5,9.9921E+4,1.0795E+5
VTIMPKDIQLAR,XP_005463512.2,NA,VTIM[+16]PK[+56]DIQLAR,#N/A,#N/A,45.26,NA,1.2882E+7,3.4602E+5,1.5876E+6,8.5963E+5,1.3304E+7,1.9284E+7,5.6917E+6,1.2783E+7,9.7753E+6,2.0409E+7,1.2259E+7,1.8087E+7,1.4622E+7,1.2110E+7,7.7929E+6,3.4705E+7,1.2185E+7,7.3913E+6
VTIMPKDIQLAR,XP_005463512.2,NA,VTIM[+16]PKD[+57]IQLAR,#N/A,#N/A,45.25,NA,8.4127E+6,2.1514E+5,1.0365E+6,5.5150E+5,8.5181E+6,1.2315E+7,3.5702E+6,8.2406E+6,6.1489E+6,1.3007E+7,7.8334E+6,1.1230E+7,9.5851E+6,7.7782E+6,4.9597E+6,2.2331E+7,7.8182E+6,4.7176E+6
VTIMPKDIQLAR,XP_005463512.2,NA,VTIMP[+32]K[+56]DIQLAR,#N/A,#N/A,50.46,NA,3.0736E+5,7.5595E+3,2.6346E+4,8.7802E+4,6.9742E+5,8.8420E+5,5.2610E+5,2.9090E+5,4.5125E+5,1.0632E+6,5.1853E+5,6.1496E+5,1.3261E+5,1.3927E+5,2.8514E+5,8.5975E+5,8.1600E+5,7.4699E+5
VTIMPKDIQLAR,XP_005463512.2,NA,VTIMPK[+56]DIQ[+1]LAR,#N/A,#N/A,53.3,NA,6.3806E+3,0.0000E+0,1.2560E+3,7.1549E+2,1.0701E+4,3.9981E+4,1.8280E+4,4.1395E+4,2.6389E+4,5.8492E+4,2.8384E+4,5.7169E+4,8.3702E+3,7.3491E+3,1.5775E+4,4.9075E+4,2.7030E+4,3.5750E+4
VTIMPKDIQLAR,XP_005463512.2,NA,VTIMPK[+56]DIQLAR[+1],#N/A,#N/A,51.55,NA,4.7102E+4,1.3382E+3,2.0281E+4,6.2650E+3,3.7280E+5,8.0372E+5,6.0570E+4,5.8477E+5,4.0743E+5,7.1681E+5,5.4116E+5,7.9126E+5,2.9334E+5,2.6849E+5,2.5904E+5,9.2742E+5,6.0254E+5,3.7539E+5
VTIMPKDIQLAR,XP_005463512.2,NA,V[+56]TIM[+16]PK[+56]DIQLAR,#N/A,#N/A,64,NA,2.0804E+7,4.2983E+4,1.8113E+6,1.2073E+6,1.6982E+7,1.7803E+7,5.0540E+7,1.5057E+7,2.7771E+7,1.3651E+7,7.0111E+6,1.6267E+7,1.3444E+7,1.5660E+7,9.7974E+6,3.2256E+7,2.0276E+7,2.0794E+7
VTIMPKDIQLAR,XP_005463512.2,NA,V[+56]TIMPK[+56]DIQ[+1]LAR,#N/A,#N/A,69.11,NA,3.5480E+6,2.5719E+4,5.1344E+5,2.8299E+5,6.7262E+6,1.0127E+7,1.4153E+7,1.0803E+7,1.1664E+7,9.2444E+6,6.9912E+6,8.2031E+6,5.1206E+6,6.9937E+6,5.2378E+6,8.0269E+6,1.7403E+7,1.0718E+7
VTIMPKDIQLAR,XP_005463512.2,NA,V[+43]TIM[+16]PK[+56]DIQLAR,#N/A,#N/A,58.51,NA,3.0960E+5,1.9067E+3,2.1072E+4,4.9181E+3,1.4835E+6,2.6401E+6,5.1931E+5,3.0504E+5,3.3305E+5,1.7370E+6,8.9099E+5,3.7559E+5,2.3496E+5,3.5019E+5,1.8356E+5,2.9970E+6,6.3219E+5,3.5626E+5
VTIMPKDIQLAR,XP_005463512.2,NA,V[+43]TIMP[+32]K[+28]DIQLAR,#N/A,#N/A,66.08,NA,5.5996E+4,5.7907E+2,4.7029E+3,2.4090E+4,1.4454E+6,3.4381E+6,2.3092E+5,4.5586E+5,4.9849E+5,2.2013E+6,1.3859E+6,6.2208E+5,1.5145E+5,2.8563E+5,1.0921E+5,2.9262E+6,1.2385E+6,8.8594E+5
VTIMPKDIQLAR,XP_005463512.2,NA,V[+57]TIM[+16]PK[+56]DIQLAR,#N/A,#N/A,64,NA,1.7361E+7,2.4924E+4,1.3437E+6,8.5482E+5,1.4164E+7,1.5245E+7,4.2741E+7,1.2500E+7,2.3657E+7,1.1291E+7,5.7399E+6,1.3892E+7,1.1060E+7,1.3014E+7,8.0638E+6,2.7249E+7,1.7261E+7,1.7633E+7
VTIMPKDIQLAR,XP_005463512.2,NA,V[+57]TIMP[+32]K[+42]DIQLAR,#N/A,#N/A,64.01,NA,4.5537E+6,6.1565E+3,3.7228E+5,2.3305E+5,3.1363E+6,3.3259E+6,1.0096E+7,2.8552E+6,5.0533E+6,2.4027E+6,1.4210E+6,2.8640E+6,2.4629E+6,2.7114E+6,1.9445E+6,6.1000E+6,3.7128E+6,3.6080E+6
VTIMPKDIQLAR,XP_005463512.2,NA,V[+57]TIMP[+32]K[+32]DIQLAR,#N/A,#N/A,66.18,NA,1.6796E+4,1.3081E+3,2.4254E+3,3.5601E+3,7.4712E+5,2.1828E+6,7.9682E+4,1.7853E+5,2.2044E+5,1.1701E+6,7.7766E+5,3.3349E+5,4.9132E+4,7.4821E+4,2.5386E+4,1.6073E+6,6.2806E+5,4.4821E+5
VTIMPKDIQLAR,XP_005463512.2,NA,VT[+80]IMP[+32]K[+71]DIQLAR,#N/A,#N/A,63.92,NA,3.6548E+5,2.7312E+3,7.2072E+4,8.7535E+2,4.5078E+5,4.1587E+5,1.1207E+6,4.4549E+5,7.7310E+5,2.3826E+5,1.7894E+5,3.4579E+5,3.6265E+5,4.7451E+5,2.7677E+5,7.1903E+5,4.8743E+5,4.4401E+5
VTIMPKDIQLAR,XP_005463512.2,NA,VTIM[+16]PK[+56]DIQ[+1]LAR,#N/A,#N/A,45.27,NA,7.9836E+6,1.8918E+5,8.3532E+5,4.6771E+5,5.8750E+6,1.1475E+7,3.2859E+6,7.9770E+6,5.1076E+6,1.1204E+7,7.4712E+6,6.6921E+6,8.2124E+6,6.5808E+6,4.7193E+6,1.5961E+7,6.4055E+6,2.1304E+6
VTIMPKDIQLAR,XP_005463512.2,NA,VTIMP[+32]K[+43]D[-18]IQLAR,#N/A,#N/A,51.55,NA,5.1754E+5,2.6772E+4,5.0161E+5,1.0837E+5,4.2841E+6,6.8929E+6,6.6018E+5,8.1199E+6,5.9439E+6,9.7294E+6,5.4306E+6,7.0260E+6,3.3492E+6,3.7893E+6,3.3223E+6,8.9782E+6,5.5659E+6,3.3114E+6
KGVSLAALKKALAAGGYDVEKNNAR,XP_003459589.1,NA,K[+112.1]GVS[+56]LAALKKALAAGGYDVEK[+56]NNAR,#N/A,#N/A,58.18,NA,3.2004E+4,0.0000E+0,2.5033E+3,1.0065E+3,6.5253E+4,1.3951E+5,6.7139E+4,6.5962E+4,1.4251E+5,6.4204E+4,5.7257E+4,9.4988E+4,3.3882E+4,4.3503E+4,3.1833E+4,1.3704E+5,1.1219E+5,1.3212E+5
KGVSLAALKKALAAGGYDVEKNNAR,XP_003459589.1,NA,K[+112.1]GVSLAALKK[+56]ALAAGGYDVEK[+56]NNAR,#N/A,#N/A,58.19,NA,2.2998E+4,5.9185E+2,2.3672E+3,2.2623E+3,9.8261E+4,1.2949E+5,6.2197E+4,6.8241E+4,1.4881E+5,9.5672E+4,4.5294E+4,1.1512E+5,2.6727E+4,4.2197E+4,3.5158E+4,9.4097E+4,1.1159E+5,9.4709E+4
KGVSLAALKKALAAGGYDVEKNNAR,XP_003459589.1,NA,KGVSLAALK[+56]K[+56]ALAAGGYDVEK[+56]NNAR,#N/A,#N/A,68.57,NA,7.1281E+3,1.8500E+2,1.2450E+2,1.1249E+2,9.9990E+4,1.4688E+5,1.8924E+4,4.3684E+3,5.2070E+3,1.4960E+5,1.3978E+5,5.0824E+4,5.6341E+3,2.5676E+3,8.7101E+2,1.5094E+5,5.9460E+4,1.0705E+4
KAAAKSHKQR,XP_003450682.1,NA,K[+56]AAAK[+56]SHK[+56]QR,#N/A,#N/A,17.04,NA,6.3656E+3,6.3634E+3,2.9261E+3,1.2061E+3,2.9541E+4,9.4960E+4,9.2814E+3,3.9856E+4,2.0600E+4,6.0126E+4,4.4714E+4,6.3398E+4,3.4866E+4,1.1211E+4,5.8513E+3,7.1384E+4,7.0365E+4,5.2509E+4
KAAAKSHKQR,XP_003450682.1,NA,K[+112.1]AAAK[+56]SHK[+56]QR,#N/A,#N/A,29.51,NA,1.3627E+2,0.0000E+0,2.6856E+2,0.0000E+0,1.3524E+3,3.9138E+3,1.8414E+3,3.9635E+2,8.3539E+3,6.2149E+2,3.2502E+3,1.8565E+3,2.6219E+3,4.9714E+2,5.6796E+2,2.1694E+3,2.7719E+3,3.7201E+3
KAAAKSHKQR,XP_003450682.1,NA,K[+112.1]AAAKS[+56]HK[+56]QR,#N/A,#N/A,30.9,NA,6.2854E+2,0.0000E+0,1.4429E+2,1.5992E+2,7.5115E+3,2.0189E+4,3.2877E+3,4.7583E+2,4.4371E+3,1.5602E+4,1.0420E+4,1.0267E+4,3.2012E+2,9.4714E+2,3.3125E+2,9.4564E+3,6.5516E+2,1.0336E+4
KKTGPTVSDLILKALSTSTQR,XP_003446112.1,NA,K[+112.1]KTGPTVSDLILK[+56]ALSTSTQR,#N/A,#N/A,69.37,NA,8.5539E+3,1.0739E+2,2.2509E+2,5.0225E+2,4.3844E+5,4.5713E+5,7.3753E+4,2.1785E+4,4.1605E+4,5.3403E+5,3.3834E+5,2.7491E+5,1.1307E+4,7.2536E+4,0.0000E+0,5.9816E+5,3.6573E+5,1.7674E+5
KKTGPTVSDLILKALSTSTQR,XP_003446112.1,NA,KK[+56]TGPTVSDLILK[+56]ALSTSTQR,#N/A,#N/A,68.86,NA,1.6656E+4,7.6979E+2,6.1845E+3,1.5149E+3,1.0460E+6,1.1414E+6,4.6103E+4,3.2453E+4,1.0554E+5,1.9665E+6,9.1370E+5,6.3031E+5,5.5482E+4,6.5071E+4,1.5475E+4,1.4265E+6,5.4707E+5,9.9628E+4
KKTGPTVSDLILKALSTSTQR,XP_003446112.1,NA,K[+56]K[+56]TGPTVSDLILK[+56]ALSTSTQR,#N/A,#N/A,69.38,NA,3.7065E+3,0.0000E+0,1.0664E+2,1.3923E+2,1.7922E+5,2.0277E+5,1.8113E+4,9.3961E+3,1.4960E+4,2.2524E+5,1.4457E+5,1.1608E+5,3.9795E+3,2.7695E+4,0.0000E+0,2.5757E+5,1.4995E+5,5.3893E+4
NA,NA,NA,NA,NA,NA,NA,NA,NA,NA,NA,NA,NA,NA,NA,NA,NA,NA,NA,NA,NA,NA,NA,NA,NA,NA
KKTGPTVSDLILKALSTSTQR,XP_003446112.1,NA,K[+112.1]K[+56]TGPTVSDLILKALS[+56]TSTQR,#N/A,#N/A,70.2,NA,7.7941E+3,1.4896E+2,2.2497E+2,1.6559E+2,2.1293E+5,2.6371E+5,2.0218E+5,4.8429E+3,1.3567E+4,1.9046E+5,8.1310E+4,1.0198E+5,1.4197E+2,2.7839E+4,0.0000E+0,3.7198E+5,2.0731E+5,2.4245E+5
NA,NA,NA,NA,NA,NA,NA,NA,NA,NA,NA,NA,NA,NA,NA,NA,NA,NA,NA,NA,NA,NA,NA,NA,NA,NA
ILIAVKR,XP_003446112.1,NA,I[+56]LIAVKR,#N/A,#N/A,49.24,NA,7.1591E+3,1.9545E+3,1.3285E+5,1.1057E+3,2.6688E+6,1.4437E+6,2.0658E+4,1.2548E+5,1.3237E+5,5.0995E+5,1.7675E+5,1.1269E+5,4.7279E+4,8.4256E+4,7.3642E+4,2.7602E+5,3.9607E+5,7.5117E+4
ILIAVKR,XP_003446112.1,NA,ILIAVK[+56]R,#N/A,#N/A,36.14,NA,1.4599E+7,1.5809E+6,9.7513E+6,1.8158E+6,6.1080E+7,7.8826E+7,4.6095E+6,3.2352E+7,2.3186E+7,8.4508E+7,5.1868E+7,6.2168E+7,1.4525E+7,3.7051E+7,1.7390E+7,7.5205E+7,5.5458E+7,2.4692E+7
ILIAVKR,XP_003446112.1,NA,I[+56]LIAVK[+56]R,#N/A,#N/A,69.48,NA,1.0858E+7,5.2171E+5,9.1462E+6,3.0691E+6,3.1601E+7,2.3969E+7,2.0523E+7,1.1891E+7,2.9403E+7,2.7620E+7,1.1624E+7,1.4055E+7,5.6675E+6,2.3342E+7,1.1544E+7,2.4941E+7,2.2838E+7,1.9610E+7
ILIAVKR,XP_003446112.1,NA,I[+43]LIAVK[+56]R,#N/A,#N/A,65.3,NA,4.2201E+5,1.0012E+4,2.1804E+5,2.8208E+4,1.0223E+7,1.9399E+7,4.8225E+5,5.0986E+5,1.3750E+6,1.7138E+7,6.0784E+6,1.3207E+6,2.0696E+5,1.5145E+6,4.5593E+5,1.5185E+7,3.2012E+6,1.8416E+6
