Peptide,Protein,Protein Description,Peptide Modified Sequence,Begin Pos,End Pos,Average Measured Retention Time,Peptide Note,29_G1F1G_Tryp-R_1-A1_01_4319 Normalized Area,30_G1F2G_Tryp-R_1-B2_01_4325 Normalized Area,31_G1F3G_Tryp-R_1-C3_01_4331 Normalized Area,32_G1F4G_Tryp-R_1-D4_01_4336 Normalized Area,33_G1F5G_Tryp-R_1-E6_01_4339 Normalized Area,33_G1F6G_Tryp-R_1-F2_01_4342 Normalized Area,29_G2F1G_Tryp-R_1-A2_01_4321 Normalized Area,30_G2F2G_Tryp-R_1-B3_01_4327 Normalized Area,31_G2F3G_Tryp-R_1-C4_01_4333 Normalized Area,32_G2F4G_Tryp-R_1-D5_01_4337 Normalized Area,33_G2F5G_Tryp-R_1-E7_01_4340 Normalized Area,33_G2F6G_Tryp-R_1-F3_01_4343 Normalized Area,29_CnF1G_Tryp-R_1-A3_01_4323 Normalized Area,30_CnF2G_Tryp-R_1-B4_01_4329 Normalized Area,31_CnF3G_Tryp-R_1-C5_01_4335 Normalized Area,32_CnF4G_Tryp-R_1-D6_01_4338 Normalized Area,33_CnF5G_Tryp-R_1-E8_01_4341 Normalized Area,33_CnF6G_Tryp-R_1-F4_01_4344 Normalized Area
GKTGGKAR,XP_003448939.1,NA,G[+56]K[+56]TGGK[+56]AR,#N/A,#N/A,25.19,NA,3.8412E+7,5.5062E+7,4.0985E+7,3.0128E+7,1.8542E+7,4.4466E+7,9.7795E+7,4.8374E+7,4.3030E+7,4.3214E+7,5.6302E+7,5.6520E+7,5.4544E+7,1.4685E+7,4.4856E+7,3.4539E+7,3.5787E+7,1.8120E+7
GKTGGKAR,XP_003448939.1,NA,G[+43]K[+56]TGGK[+56]AR,#N/A,#N/A,21.82,NA,1.9253E+6,4.7071E+6,2.4892E+6,1.4564E+6,8.5669E+5,2.4617E+6,6.5766E+6,3.3785E+6,2.3033E+6,2.5694E+6,4.1052E+6,3.4512E+6,4.4447E+6,9.2551E+5,2.9896E+6,1.4364E+6,1.4268E+6,8.5339E+5
SSRAGLQFPVGR,XP_003448939.1,NA,S[+56]S[+114]RAGLQFPVGR,#N/A,#N/A,38.3,NA,4.7871E+3,2.1157E+5,4.2619E+5,9.3499E+3,5.3508E+2,3.4128E+5,4.3757E+5,2.0526E+5,3.2877E+5,8.2409E+4,4.7053E+4,3.2170E+5,3.9784E+5,4.6573E+3,3.3338E+5,2.8116E+5,3.8747E+5,3.6082E+3
SSRAGLQFPVGR,XP_003448939.1,NA,S[+114]S[+56]RAGLQFPVGR,#N/A,#N/A,38.29,NA,2.5516E+5,2.4659E+6,4.3104E+6,3.2261E+5,4.3979E+4,3.5792E+6,4.0623E+6,2.3462E+6,3.4508E+6,1.2904E+6,8.5159E+5,3.3761E+6,3.6105E+6,1.5826E+5,3.4795E+6,3.1295E+6,3.6842E+6,1.5888E+5
SSRAGLQFPVGR,XP_003448939.1,NA,S[-18]S[+114]RAGLQFPVGR,#N/A,#N/A,38.3,NA,1.5966E+5,2.9295E+6,3.0435E+6,2.1625E+5,5.9387E+4,2.4177E+6,4.8933E+6,1.6781E+6,1.8178E+6,6.4942E+5,6.7759E+5,2.4857E+6,4.1364E+6,1.0608E+5,2.1940E+6,1.3657E+6,1.5976E+6,1.4038E+5
SSRAGLQFPVGR,XP_003448939.1,NA,S[+226.1]SR[+1]AGLQFPVGR,#N/A,#N/A,38.39,NA,2.3537E+6,6.3126E+6,1.1816E+7,4.2966E+6,3.8132E+6,1.5850E+7,6.9029E+6,6.4346E+6,6.0158E+6,1.3198E+7,2.1931E+7,8.9985E+6,7.0725E+6,1.9672E+6,7.8379E+6,1.6324E+7,7.1622E+6,2.0391E+6
SSRAGLQFPVGR,XP_003448939.1,NA,S[+42]S[+56]RAGLQFPVGR,#N/A,#N/A,57.49,NA,1.2250E+6,7.4876E+6,3.3016E+6,1.9748E+6,5.7071E+4,7.1898E+6,3.4101E+6,4.2480E+6,1.0243E+7,2.3608E+6,2.3182E+6,9.7911E+6,5.8787E+6,5.2978E+4,1.1855E+7,3.7389E+6,4.8645E+6,4.1354E+4
SSRAGLQFPVGR,XP_003448939.1,NA,S[+57]S[+56]RAGLQFPVGR,#N/A,#N/A,38.3,NA,1.5453E+5,2.5489E+6,2.7217E+6,2.0392E+5,5.7038E+4,2.1578E+6,4.2069E+6,1.5618E+6,1.7549E+6,6.2055E+5,6.0520E+5,2.3756E+6,3.6227E+6,1.0243E+5,1.9929E+6,1.3022E+6,1.4798E+6,1.3389E+5
SSRAGLQFPVGR,XP_003448939.1,NA,SS[+114]R[+14]AGLQFPVGR,#N/A,#N/A,38.27,NA,8.5487E+7,1.7145E+8,2.3508E+8,7.2628E+7,4.8409E+7,2.3120E+8,2.3518E+8,1.7757E+8,2.0000E+8,1.1967E+8,1.0678E+8,2.5277E+8,1.9669E+8,7.4944E+7,1.8817E+8,2.0311E+8,1.6526E+8,7.2252E+7
SSRAGLQFPVGR,XP_003448939.1,NA,S[+56]S[+114]R[+1]AGLQFPVGR,#N/A,#N/A,38.29,NA,3.1466E+5,3.1018E+6,5.7722E+6,3.8244E+5,4.9055E+4,4.6112E+6,5.5013E+6,2.9266E+6,4.4531E+6,1.6708E+6,1.0562E+6,4.3062E+6,4.7264E+6,1.5850E+5,4.4972E+6,3.9558E+6,4.7899E+6,1.9333E+5
SSRAGLQFPVGR,XP_003448939.1,NA,S[+226.1]S[-18]RAGLQ[+1]FPVGR,#N/A,#N/A,50.21,NA,1.2416E+6,4.6851E+6,3.6864E+6,7.7953E+5,4.9301E+5,3.3111E+6,1.9659E+6,3.9897E+6,1.7872E+6,2.5919E+6,5.7463E+6,1.4058E+6,2.3557E+6,7.9802E+5,2.6565E+6,2.8318E+6,1.1404E+6,1.9008E+5
SSRAGLQFPVGR,XP_003448939.1,NA,S[+57]S[+114]R[+42]AGLQFPVGR,#N/A,#N/A,38.42,NA,2.0768E+5,1.2715E+6,2.1898E+6,2.0850E+5,3.1884E+4,2.1411E+6,2.5050E+6,1.0035E+6,1.3190E+6,8.5713E+5,6.4304E+5,1.8410E+6,2.2772E+6,4.8225E+4,1.5330E+6,1.3165E+6,1.3289E+6,1.2927E+5
AGLQFPVGR,XP_003448939.1,NA,AGLQFPVGR,#N/A,#N/A,38.27,NA,9.3754E+7,1.8675E+8,2.5884E+8,8.1904E+7,5.3624E+7,2.5547E+8,2.6179E+8,1.9595E+8,2.2050E+8,1.3010E+8,1.2068E+8,2.7885E+8,2.1792E+8,8.1658E+7,2.0816E+8,2.1997E+8,1.8292E+8,8.2000E+7
AGLQFPVGR,XP_003448939.1,NA,A[+56]GLQFPVGR,#N/A,#N/A,57.27,NA,6.3963E+7,1.0026E+8,1.4568E+8,7.2525E+7,1.9970E+7,1.3208E+8,1.1431E+8,1.0389E+8,1.1062E+8,1.2761E+8,1.3352E+8,1.0197E+8,8.1826E+7,2.1334E+7,9.5279E+7,1.1422E+8,8.8934E+7,1.3036E+7
AGLQFPVGR,XP_003448939.1,NA,A[+43]GLQFPVGR,#N/A,#N/A,50.2,NA,2.6649E+6,9.6289E+6,8.0970E+6,1.6638E+6,8.3857E+5,6.1096E+6,4.0077E+6,8.2143E+6,3.8940E+6,5.1797E+6,1.1689E+7,2.2975E+6,4.5768E+6,1.6144E+6,5.7559E+6,5.7265E+6,2.0182E+6,3.0392E+5
AGLQFPVGR,XP_003448939.1,NA,A[+57]GLQFPVGR,#N/A,#N/A,38.39,NA,2.7749E+6,6.9665E+6,1.2523E+7,4.6077E+6,4.1128E+6,1.6778E+7,7.0662E+6,6.9931E+6,5.9232E+6,1.4337E+7,2.3593E+7,9.3012E+6,8.0190E+6,2.2982E+6,8.2860E+6,1.7394E+7,7.2726E+6,2.1823E+6
AGLQFPVGR,XP_003448939.1,NA,AGLQ[+1]FPVGR,#N/A,#N/A,40.2,NA,1.2989E+6,4.4527E+6,6.5162E+6,1.5421E+6,6.7210E+5,5.6411E+6,6.4544E+6,4.4224E+6,4.8405E+6,2.9444E+6,2.5029E+6,5.1616E+6,4.8085E+6,1.7406E+6,5.8430E+6,4.8319E+6,4.1796E+6,7.4036E+5
AGLQFPVGR,XP_003448939.1,NA,AGLQFPVGR[-1],#N/A,#N/A,33.76,NA,1.0557E+5,4.1875E+5,8.3361E+5,1.4087E+5,9.4162E+4,8.0189E+5,6.8029E+5,2.0765E+5,6.0764E+5,3.1898E+5,1.8417E+5,5.6993E+5,5.2435E+5,5.9698E+4,5.1657E+5,7.3581E+5,5.0408E+5,1.1541E+5
AGLQFPVGR,XP_003448939.1,NA,A[+56]GLQ[+1]FPVGR,#N/A,#N/A,59.46,NA,9.0039E+5,1.6781E+6,2.4496E+6,1.0216E+6,1.8281E+5,2.3728E+6,1.6926E+6,1.5883E+6,2.5854E+6,2.7289E+6,2.2242E+6,1.5772E+6,1.4059E+6,2.5329E+5,2.0847E+6,2.2091E+6,1.5630E+6,5.6410E+4
AGLQFPVGR,XP_003448939.1,NA,A[+56]GLQFPVGR[-1],#N/A,#N/A,53.45,NA,7.5253E+4,2.2287E+5,4.4601E+5,1.2917E+5,3.2391E+4,4.1763E+5,2.2422E+5,1.4567E+5,3.7020E+5,3.6287E+5,2.9840E+5,2.1251E+5,1.5736E+5,1.3342E+4,2.6231E+5,3.9191E+5,2.5359E+5,2.2388E+4
AGLQFPVGR,XP_003448939.1,NA,A[+43]GLQ[+1]FPVGR,#N/A,#N/A,52.93,NA,1.4389E+5,3.0742E+5,4.8378E+5,1.9729E+5,5.8094E+4,4.1195E+5,3.5919E+5,2.7136E+5,4.2826E+5,3.8715E+5,4.5485E+5,3.1868E+5,2.1743E+5,4.7032E+4,3.3912E+5,3.4320E+5,2.4555E+5,4.0973E+4
AGLQFPVGR,XP_003448939.1,NA,A[+57]GLQ[+1]FPVGR,#N/A,#N/A,38.39,NA,1.3341E+6,3.2891E+6,6.0802E+6,2.2246E+6,2.1439E+6,7.6510E+6,3.6373E+6,3.5172E+6,3.6721E+6,6.7963E+6,1.0095E+7,4.8663E+6,3.9424E+6,1.2051E+6,4.2422E+6,8.2378E+6,3.5229E+6,1.1039E+6
LLRKGNYAER,XP_003448939.1,NA,L[+56]LR[+28]K[+28]GNYAER,#N/A,#N/A,16.72,NA,6.9663E+5,8.0453E+5,1.2551E+6,7.6512E+5,2.1777E+5,1.0401E+6,3.6664E+6,7.4683E+5,7.8088E+5,2.3779E+5,7.2839E+4,1.4880E+6,4.4376E+5,8.2900E+5,9.6877E+5,5.2238E+5,6.4250E+5,1.0217E+6
KGNYAER,XP_003448939.1,NA,K[+56]GNYAER,#N/A,#N/A,16.72,NA,9.4774E+6,9.0281E+6,1.1167E+7,7.6780E+6,3.7395E+6,8.6420E+6,3.3657E+7,8.1633E+6,7.3217E+6,2.8209E+6,1.3228E+6,1.1963E+7,4.6764E+6,9.4145E+6,8.5007E+6,5.5592E+6,6.3323E+6,9.6530E+6
KGNYAER,XP_003448939.1,NA,K[+112.1]GNYAER,#N/A,#N/A,30.65,NA,2.3427E+7,3.2572E+7,3.1508E+7,1.8348E+7,9.7521E+6,3.2988E+7,4.3877E+7,3.6135E+7,3.0945E+7,3.4465E+7,4.5948E+7,3.0811E+7,2.5966E+7,7.2713E+6,3.3437E+7,2.3295E+7,2.2919E+7,1.0830E+7
IIPRHLQLAVR,XP_003448939.1,NA,IIP[+16]RHLQLAVR,#N/A,#N/A,35.76,NA,4.3897E+6,2.9478E+7,5.2347E+7,2.1658E+7,5.7902E+6,3.8622E+7,3.5572E+7,3.1984E+7,5.4662E+7,4.0436E+7,3.0021E+7,2.4214E+7,3.4026E+7,6.6700E+6,4.2393E+7,3.2289E+7,2.3729E+7,3.1825E+5
IIPRHLQLAVR,XP_003448939.1,NA,IIP[+16]R[+1]HLQLAVR,#N/A,#N/A,35.76,NA,4.3642E+6,2.8979E+7,5.2046E+7,2.1353E+7,5.7463E+6,3.6930E+7,3.5455E+7,3.1875E+7,5.4197E+7,3.7523E+7,2.7274E+7,2.3870E+7,3.3665E+7,6.6218E+6,4.1661E+7,2.8803E+7,2.1171E+7,3.0832E+5
HLQLAVR,XP_003448939.1,NA,HLQLAVR,#N/A,#N/A,18.86,NA,3.0659E+7,1.3090E+8,1.7671E+8,3.9432E+7,2.7013E+7,1.7194E+8,1.9598E+8,1.3484E+8,1.3140E+8,5.7916E+7,4.9473E+7,1.8969E+8,1.6956E+8,5.1691E+7,1.2845E+8,1.5120E+8,1.3038E+8,1.2680E+7
HLQLAVR,XP_003448939.1,NA,H[+56]LQLAVR,#N/A,#N/A,35.76,NA,1.8549E+7,9.8680E+7,1.7589E+8,6.4171E+7,2.3726E+7,1.1671E+8,1.3483E+8,1.0695E+8,1.8100E+8,1.2291E+8,9.1689E+7,8.6365E+7,1.0153E+8,2.5737E+7,1.3542E+8,9.3422E+7,7.9064E+7,1.3038E+6
HLQLAVR,XP_003448939.1,NA,H[+43]LQLAVR,#N/A,#N/A,29.64,NA,1.7519E+6,1.3857E+7,1.4632E+7,2.2714E+6,1.2593E+6,1.0905E+7,1.0004E+7,1.2850E+7,8.0733E+6,6.3844E+6,1.2441E+7,7.7318E+6,1.0506E+7,2.0512E+6,1.0408E+7,9.8125E+6,4.4881E+6,6.7719E+5
HLQLAVR,XP_003448939.1,NA,HLQLAVR[+14],#N/A,#N/A,22.2,NA,6.7980E+5,1.3581E+7,2.2414E+7,2.3322E+6,1.1811E+6,1.9312E+7,2.5353E+7,1.6304E+7,1.2947E+7,5.2593E+6,2.9303E+6,2.1075E+7,2.3183E+7,3.0050E+6,1.3482E+7,1.6967E+7,1.0460E+7,1.6819E+5
IAAEASR,XP_003451196.1,NA,I[+56]AAEASR,#N/A,#N/A,30.02,NA,6.6349E+6,1.0131E+7,1.4802E+7,7.5899E+6,1.8858E+6,1.6122E+7,1.4319E+7,1.0007E+7,1.5801E+7,1.4820E+7,1.1337E+7,1.9406E+7,8.4426E+6,1.7072E+6,1.4022E+7,1.0761E+7,1.2649E+7,4.2170E+6
LAHYNKR,XP_003451196.1,NA,L[+56]AHYNK[+56]R,#N/A,#N/A,32.14,NA,9.3526E+6,2.9172E+7,1.9072E+7,6.2235E+6,4.7556E+6,1.5850E+7,2.4175E+7,2.0279E+7,1.2674E+7,1.5634E+7,4.5276E+7,1.3080E+7,1.4581E+7,2.7844E+6,1.9117E+7,1.2223E+7,7.8394E+6,2.1238E+6
EIQTAVR,XP_003451196.1,NA,E[+56]IQTAVR,#N/A,#N/A,34.44,NA,1.4002E+7,2.3142E+7,3.2526E+7,1.7703E+7,7.5487E+6,3.5722E+7,3.1883E+7,2.5929E+7,3.1198E+7,2.7197E+7,3.3479E+7,3.8622E+7,2.1264E+7,5.1005E+6,2.9783E+7,2.7155E+7,3.2069E+7,1.1354E+7
LLLPGELAKHAVSEGTKAVTKYTSSK,XP_003451196.1,NA,LLLPGELAK[+56]HAVSEGTK[+56]AVTK[+56]YTSSK,#N/A,#N/A,68.81,NA,4.3711E+3,6.0499E+5,1.7073E+5,5.1039E+3,4.2331E+3,1.7964E+5,5.1462E+5,2.5094E+5,1.5913E+5,2.8480E+4,3.3292E+5,2.1714E+5,3.0213E+5,1.2572E+3,1.2011E+5,1.5716E+5,1.0018E+5,4.0728E+3
SQRAGLQFPVGR,XP_005464230.1,NA,S[+114]QRAGLQFPVGR,#N/A,#N/A,38.29,NA,3.0450E+5,3.0546E+6,5.6726E+6,3.7586E+5,4.8454E+4,4.5846E+6,5.4530E+6,2.8634E+6,4.4529E+6,1.6071E+6,1.0709E+6,4.2746E+6,4.7825E+6,1.5891E+5,4.4640E+6,3.8856E+6,4.7120E+6,1.8929E+5
SQRAGLQFPVGR,XP_005464230.1,NA,S[+56]QR[+42]AGLQFPVGR,#N/A,#N/A,38.27,NA,7.9909E+7,1.5957E+8,2.2399E+8,6.7700E+7,4.4439E+7,2.1893E+8,2.2451E+8,1.6752E+8,1.9036E+8,1.1012E+8,1.0211E+8,2.4153E+8,1.8615E+8,6.9862E+7,1.7868E+8,1.8874E+8,1.5559E+8,6.9514E+7
SQRAGLQFPVGR,XP_005464230.1,NA,S[+114]QR[+14]AGLQFPVGR,#N/A,#N/A,38.29,NA,3.3174E+5,3.3553E+6,6.1765E+6,4.0105E+5,5.1357E+4,5.0199E+6,5.8980E+6,3.1252E+6,4.8506E+6,1.7735E+6,1.1439E+6,4.6994E+6,5.1980E+6,1.7185E+5,4.8411E+6,4.2868E+6,5.1409E+6,2.0408E+5
SQRAGLQFPVGR,XP_005464230.1,NA,S[+114]QR[+42]AGLQFPVGR,#N/A,#N/A,41.99,NA,5.6252E+5,1.7645E+6,2.8235E+6,7.3628E+5,2.7855E+5,2.0845E+6,1.8851E+6,1.3207E+6,2.7434E+6,1.2386E+6,7.2059E+5,2.3132E+6,1.2425E+6,3.4248E+5,1.9170E+6,1.6696E+6,1.8116E+6,4.0944E+5
SQRAGLQFPVGR,XP_005464230.1,NA,S[-18]QR[+32]AGLQFPVGR,#N/A,#N/A,38.3,NA,2.7584E+5,1.4838E+6,1.5330E+6,1.4510E+5,5.5173E+4,1.4092E+6,2.8654E+6,1.0687E+6,1.1305E+6,3.8766E+5,4.8802E+5,1.3816E+6,2.6101E+6,1.0239E+5,1.3412E+6,8.9011E+5,9.1483E+5,8.0924E+4
SQRAGLQFPVGR,XP_005464230.1,NA,S[+42]QR[+28]AGLQFPVGR,#N/A,#N/A,38.3,NA,1.5951E+5,2.8178E+6,2.9816E+6,2.1570E+5,5.9984E+4,2.5339E+6,4.8053E+6,1.6408E+6,1.7846E+6,6.2226E+5,6.6044E+5,2.4368E+6,3.9524E+6,1.0468E+5,2.1473E+6,1.3410E+6,1.5719E+6,1.3534E+5
IHRHLKSR,XP_005464230.1,NA,I[+43]HRHLK[+14]S[+56]R,#N/A,#N/A,16.55,NA,7.8790E+3,2.4797E+4,5.6036E+4,3.5051E+3,4.6411E+2,5.2700E+4,4.5273E+5,3.3099E+4,5.8752E+4,1.9865E+3,9.9501E+2,1.4251E+5,3.4742E+5,5.6927E+2,1.6639E+4,6.5932E+4,2.4353E+4,3.2418E+3
ITPRHLQLAIR,XP_005464230.1,NA,ITPR[+32]HLQLAIR,#N/A,#N/A,41.12,NA,2.2213E+5,1.2000E+7,1.7314E+7,3.9105E+6,2.8353E+5,1.3425E+7,1.7100E+7,1.2231E+7,1.3870E+7,1.1962E+7,8.3710E+6,1.0995E+7,1.3649E+7,7.6665E+5,1.3383E+7,1.3760E+7,8.2749E+6,1.6916E+4
ITPRHLQLAIR,XP_005464230.1,NA,ITP[+16]R[+16]HLQLAIR,#N/A,#N/A,41.12,NA,2.2213E+5,1.2057E+7,1.7578E+7,3.9105E+6,2.8353E+5,1.3536E+7,1.7100E+7,1.2047E+7,1.3870E+7,1.2067E+7,8.3710E+6,1.1006E+7,1.3599E+7,7.7111E+5,1.3485E+7,1.3795E+7,8.2749E+6,1.6688E+4
HLQLAIR,XP_005464230.1,NA,HLQLAIR,#N/A,#N/A,22.2,NA,6.9547E+5,1.3825E+7,2.2579E+7,2.3322E+6,1.1869E+6,1.9312E+7,2.5862E+7,1.6304E+7,1.3121E+7,5.3547E+6,2.9303E+6,2.1075E+7,2.3183E+7,3.0050E+6,1.3482E+7,1.6967E+7,1.0460E+7,1.6819E+5
HLQLAIR,XP_005464230.1,NA,H[+56]LQLAIR,#N/A,#N/A,41.13,NA,2.6955E+5,1.5313E+7,2.2067E+7,4.4460E+6,3.4987E+5,1.5769E+7,2.1947E+7,1.5397E+7,1.7401E+7,1.5281E+7,1.0461E+7,1.3425E+7,1.6747E+7,9.5119E+5,1.6745E+7,1.6158E+7,1.0370E+7,1.2356E+4
SGVSAAALKKALAAGGYDVDKNKAR,XP_019209842.1,NA,SGVSAAALK[+114]KALAAGGYDVDK[+56]NKAR,#N/A,#N/A,61.45,NA,4.0387E+3,2.6706E+5,1.1433E+5,5.6341E+3,1.2601E+3,1.0629E+5,1.1312E+5,1.2261E+5,6.1097E+4,1.7442E+4,1.0485E+5,8.6511E+4,1.0377E+5,6.6415E+2,8.7051E+4,5.6576E+4,6.4895E+4,1.2500E+3
NA,NA,NA,NA,NA,NA,NA,NA,NA,NA,NA,NA,NA,NA,NA,NA,NA,NA,NA,NA,NA,NA,NA,NA,NA,NA
NA,NA,NA,NA,NA,NA,NA,NA,NA,NA,NA,NA,NA,NA,NA,NA,NA,NA,NA,NA,NA,NA,NA,NA,NA,NA
AMSIMNSFVNDLFER,XP_003438147.1,NA,AMSIMNSFVNDLFER,#N/A,#N/A,69.05,NA,6.0849E+3,3.8021E+5,1.3228E+6,2.9692E+4,2.5302E+4,1.9346E+6,6.2677E+5,5.0565E+5,8.4503E+5,3.7048E+5,5.2205E+5,1.6109E+6,1.1796E+6,3.8290E+3,7.0406E+5,1.4289E+6,1.1070E+6,4.3879E+4
AMSIMNSFVNDLFER,XP_003438147.1,NA,AM[+16]SIMNSFVNDLFER,#N/A,#N/A,68.77,NA,5.9340E+2,1.2952E+5,2.5575E+5,6.2203E+3,2.2659E+3,3.4908E+5,1.7998E+5,1.0574E+5,1.8034E+5,1.0195E+5,1.6159E+5,2.3825E+5,3.1563E+5,1.1858E+3,1.7420E+5,2.3906E+5,2.1559E+5,5.7390E+3
NA,NA,NA,NA,NA,NA,NA,NA,NA,NA,NA,NA,NA,NA,NA,NA,NA,NA,NA,NA,NA,NA,NA,NA,NA,NA
AMSIMNSFVNDLFER,XP_003438147.1,NA,AMSIM[+16]NSFVNDLFER,#N/A,#N/A,59.73,NA,7.9429E+3,1.7639E+5,1.2610E+5,7.6570E+3,2.9854E+2,2.6815E+5,2.1186E+5,8.9988E+4,1.6557E+5,5.8290E+4,1.1698E+5,2.0218E+5,2.8071E+5,1.1900E+3,1.0479E+5,1.4683E+5,1.9334E+5,1.9543E+2
AMSIMNSFVNDLFER,XP_003438147.1,NA,AMSIMN[+1]SFVNDLFER,#N/A,#N/A,69.02,NA,2.3461E+3,1.8407E+5,5.9506E+5,1.4060E+4,1.0649E+4,8.3105E+5,2.7812E+5,1.9260E+5,3.7835E+5,1.6993E+5,2.2617E+5,6.5691E+5,5.0624E+5,1.7240E+3,2.9742E+5,6.0858E+5,5.0269E+5,2.0304E+4
AMSIMNSFVNDLFER,XP_003438147.1,NA,AMSIMNS[+56]FVNDLFER,#N/A,#N/A,53.2,NA,2.7296E+2,2.1856E+4,4.8850E+4,6.7011E+2,2.5241E+2,5.7799E+4,2.0360E+4,1.6090E+4,2.7554E+4,2.1643E+4,1.1051E+4,5.1345E+4,3.2877E+4,0.0000E+0,2.0698E+4,4.4459E+4,2.9960E+4,2.9012E+2
AMSIMNSFVNDLFER,XP_003438147.1,NA,AMSIMNSFVN[+1]DLFER,#N/A,#N/A,68.97,NA,6.8657E+3,1.0490E+5,3.8018E+5,9.0970E+3,5.2554E+3,4.9362E+5,1.4826E+5,1.2892E+5,2.5581E+5,8.1734E+4,1.5100E+5,4.0434E+5,3.0462E+5,7.8898E+2,1.7297E+5,3.8082E+5,3.1541E+5,1.0153E+4
AMSIMNSFVNDLFER,XP_003438147.1,NA,A[+56]M[+16]SIMNSFVNDLFER,#N/A,#N/A,70.05,NA,1.5671E+3,2.0371E+4,1.3407E+5,5.5650E+3,2.5165E+3,1.5581E+5,7.2879E+4,4.2526E+4,9.0046E+4,9.5119E+3,1.3499E+5,9.1835E+4,1.6357E+5,8.8393E+2,9.5472E+4,7.7456E+4,1.1918E+5,5.0508E+3
AMSIMNSFVNDLFER,XP_003438147.1,NA,A[+56]MSIMN[+1]SFVNDLFER,#N/A,#N/A,70.01,NA,6.8200E+3,4.1719E+4,3.8401E+5,1.4423E+4,7.2097E+3,4.0880E+5,1.5590E+5,1.1082E+5,2.7974E+5,3.7805E+4,2.6773E+5,2.6861E+5,3.1306E+5,4.0571E+3,2.1240E+5,2.3735E+5,3.3903E+5,9.9311E+3
AMSIMNSFVNDLFER,XP_003438147.1,NA,A[+57]MSIMN[+1]SFVNDLFER,#N/A,#N/A,53.09,NA,5.0957E+3,9.2801E+5,2.6089E+6,4.3831E+4,3.4011E+3,3.0186E+6,9.3655E+5,8.8315E+5,1.4807E+6,1.3766E+6,8.5143E+5,3.4154E+6,1.7441E+6,3.6804E+3,1.1272E+6,2.7042E+6,1.6289E+6,2.7329E+3
AMSIMNSFVNDLFER,XP_003438147.1,NA,AM[+16]S[+56]IMNSFVNDLFER,#N/A,#N/A,70.07,NA,9.1529E+3,8.8627E+3,5.8852E+4,9.0080E+2,1.3814E+3,7.7115E+4,2.9303E+4,3.0117E+4,5.9323E+4,8.9690E+3,4.9029E+4,4.7640E+4,6.4471E+4,6.8204E+2,4.2875E+4,4.8633E+4,7.6668E+4,2.5827E+3
AMSIMNSFVNDLFER,XP_003438147.1,NA,AM[+16]SIM[+16]NSFVNDLFER,#N/A,#N/A,68.76,NA,9.2539E+2,1.8180E+5,3.0429E+5,2.0157E+4,4.9739E+3,4.4863E+5,2.4960E+5,1.3814E+5,2.3660E+5,1.4784E+5,2.0396E+5,3.2745E+5,4.0246E+5,2.1644E+3,2.0224E+5,2.8800E+5,2.6149E+5,9.0656E+3
AMSIMNSFVNDLFER,XP_003438147.1,NA,AM[+16]SIMN[+1]SFVNDLFER,#N/A,#N/A,68.76,NA,8.8378E+2,1.1866E+5,2.2441E+5,5.5075E+3,1.7795E+3,3.1324E+5,1.5563E+5,8.7405E+4,1.4289E+5,8.6659E+4,1.4234E+5,1.9729E+5,2.6874E+5,1.0197E+3,1.5346E+5,1.9997E+5,1.8724E+5,5.2362E+3
NA,NA,NA,NA,NA,NA,NA,NA,NA,NA,NA,NA,NA,NA,NA,NA,NA,NA,NA,NA,NA,NA,NA,NA,NA,NA
AMSIMNSFVNDLFER,XP_003438147.1,NA,AMSIM[+16]NSFVN[+1]DLFER,#N/A,#N/A,64.53,NA,1.6063E+2,1.2434E+5,2.7168E+5,2.0347E+3,7.0158E+2,2.6545E+5,1.7393E+5,9.0830E+4,1.7876E+5,4.1547E+4,6.1043E+4,2.2701E+5,2.6870E+5,5.7880E+2,1.4281E+5,2.0542E+5,1.4717E+5,5.1877E+2
AMSIMNSFVNDLFER,XP_003438147.1,NA,A[+56]M[+16]SIM[+16]NSFVNDLFER,#N/A,#N/A,58.28,NA,5.1593E+2,1.5611E+4,1.9443E+4,1.3808E+3,1.0657E+2,1.5579E+4,1.1831E+4,1.6187E+4,9.7529E+3,6.3679E+3,7.7070E+3,2.1421E+4,1.8108E+4,2.4352E+1,1.5931E+4,1.3359E+4,1.4094E+4,2.8431E+2
NA,NA,NA,NA,NA,NA,NA,NA,NA,NA,NA,NA,NA,NA,NA,NA,NA,NA,NA,NA,NA,NA,NA,NA,NA,NA
AMSIMNSFVNDLFER,XP_003438147.1,NA,AM[+16]S[+56]IMNS[+42]FVNDLFER,#N/A,#N/A,68.01,NA,2.8021E+3,5.2765E+4,2.3751E+5,1.6803E+3,1.3305E+3,2.8816E+5,7.4626E+4,6.9242E+4,1.0803E+5,5.0972E+4,1.7858E+5,2.3709E+5,1.0209E+5,2.0106E+3,1.1166E+5,1.8231E+5,1.6423E+5,1.0569E+3
NA,NA,NA,NA,NA,NA,NA,NA,NA,NA,NA,NA,NA,NA,NA,NA,NA,NA,NA,NA,NA,NA,NA,NA,NA,NA
AMSIMNSFVNDLFER,XP_003438147.1,NA,AMS[+56]IM[+16]NS[-18]FVNDLFER,#N/A,#N/A,53.07,NA,7.2772E+3,5.7636E+5,1.5181E+6,2.4750E+4,2.6379E+3,1.7914E+6,5.3186E+5,4.8124E+5,7.8612E+5,7.0519E+5,4.7876E+5,1.9991E+6,9.5939E+5,3.3385E+3,5.9846E+5,1.6044E+6,9.4366E+5,3.4717E+3
AMSIMNSFVNDLFER,XP_003438147.1,NA,AMS[-18]IM[+16]NS[-18]FVNDLFER,#N/A,#N/A,69.28,NA,2.2585E+4,1.1777E+5,1.9030E+5,8.3451E+4,3.8908E+3,2.8270E+5,5.8367E+4,7.4778E+4,1.8890E+5,3.2500E+5,2.5777E+5,1.8243E+5,7.2857E+4,5.2187E+3,8.6568E+4,2.3906E+5,2.2165E+5,8.8485E+3
AMSIMNSFVNDLFER,XP_003438147.1,NA,AMS[+42]IM[+16]NS[+56]FVNDLFER,#N/A,#N/A,68,NA,8.4893E+3,1.2136E+5,6.5273E+5,1.5716E+4,1.9238E+3,7.8160E+5,1.8753E+5,1.8946E+5,3.0347E+5,1.3401E+5,5.0685E+5,5.5869E+5,2.8944E+5,1.5647E+3,2.7027E+5,5.7389E+5,4.1192E+5,3.2659E+3
AGVIFPVGR,XP_003455046.1,NA,AGVIFPVGR,#N/A,#N/A,38.77,NA,1.1454E+5,3.4765E+5,4.9688E+5,1.0035E+5,6.5262E+4,6.7510E+5,3.1082E+5,2.9840E+5,3.8766E+5,2.8221E+5,1.9550E+5,5.2740E+5,4.4738E+5,6.7397E+4,4.1551E+5,4.4152E+5,3.4083E+5,1.0786E+5
AGVIFPVGR,XP_003455046.1,NA,A[+57]GVIFPVGR,#N/A,#N/A,41.26,NA,6.3500E+5,2.0994E+6,3.6904E+6,1.0220E+6,3.1105E+5,2.5631E+6,2.6131E+6,1.6457E+6,2.9954E+6,1.7112E+6,1.0223E+6,2.6821E+6,1.4696E+6,3.5359E+5,2.2662E+6,2.2573E+6,2.1676E+6,4.9672E+5
VKVDSQASVTDKQEER,XP_003455046.1,NA,V[+56]KVDSQASVTDK[+56]QEER,#N/A,#N/A,31.21,NA,0.0000E+0,1.9349E+3,1.1644E+3,1.0706E+2,0.0000E+0,1.6816E+3,1.3199E+3,2.3001E+3,1.8700E+3,2.7487E+2,0.0000E+0,8.8968E+3,3.1612E+3,0.0000E+0,2.0798E+3,3.1433E+3,1.9269E+3,2.5058E+2
NA,NA,NA,NA,NA,NA,NA,NA,NA,NA,NA,NA,NA,NA,NA,NA,NA,NA,NA,NA,NA,NA,NA,NA,NA,NA
VTVFPRDIQLAR,XP_003439548.1,NA,VTVFPR[+28]DIQLAR,#N/A,#N/A,50.49,NA,4.8504E+4,3.4036E+5,5.1493E+5,8.7166E+4,5.3711E+4,4.6040E+5,1.8754E+5,3.0422E+5,3.4255E+5,1.4663E+5,1.4952E+5,3.8632E+5,3.1262E+5,1.2409E+4,2.9412E+5,2.6130E+5,3.4346E+5,7.7690E+4
VTVFPRDIQLAR,XP_003439548.1,NA,VTVFPR[+14]DIQLAR,#N/A,#N/A,51.85,NA,1.0197E+6,5.9978E+6,2.8557E+6,1.4134E+6,1.1212E+5,3.9051E+6,7.1009E+6,3.9811E+6,3.0612E+6,3.0921E+6,2.8325E+6,2.7187E+6,3.9742E+6,9.7799E+5,1.9428E+6,3.8465E+6,2.9775E+6,1.8545E+4
VTVFPRDIQLAR,XP_003439548.1,NA,VT[+114]VFPR[+14]DIQLAR,#N/A,#N/A,42.79,NA,3.3389E+6,5.7112E+6,1.4654E+7,4.2715E+6,1.0042E+6,1.5430E+7,6.8739E+6,6.5975E+6,9.7661E+6,1.4747E+7,1.0356E+7,6.4378E+6,7.0178E+6,6.3509E+5,8.8287E+6,1.1923E+7,1.0265E+7,1.2721E+6
VTVFPRDIQLAR,XP_003439548.1,NA,VT[-18]VFPR[+28]DIQLAR,#N/A,#N/A,51.76,NA,1.3170E+6,9.1491E+6,4.1073E+6,1.9822E+6,1.1366E+5,5.8227E+6,1.0381E+7,5.9230E+6,4.3765E+6,4.4208E+6,4.1437E+6,3.9138E+6,5.8121E+6,1.2013E+6,2.5901E+6,5.9388E+6,4.2728E+6,2.4957E+4
VTVFPRDIQLAR,XP_003439548.1,NA,VT[+80]VFPR[+28]DIQLAR,#N/A,#N/A,69.1,NA,7.2141E+4,6.4348E+5,2.9788E+5,2.1645E+5,1.2382E+4,4.6735E+5,3.0430E+5,4.1469E+5,2.0132E+5,1.1971E+6,1.0114E+6,2.0346E+5,1.6631E+5,7.3380E+3,1.4469E+5,4.2452E+5,2.7557E+5,8.5247E+3
VTVFPRDIQLAR,XP_003439548.1,NA,VT[+80]VFPR[+42]DIQLAR,#N/A,#N/A,#N/A,NA,#N/A,#N/A,#N/A,#N/A,#N/A,#N/A,#N/A,#N/A,#N/A,#N/A,#N/A,#N/A,#N/A,#N/A,#N/A,#N/A,#N/A,#N/A
VTVFPRDIQLAR,XP_003439548.1,NA,VT[+42]VFP[+32]RDIQLAR,#N/A,#N/A,37.21,NA,1.4182E+6,9.5494E+6,1.0297E+7,2.8007E+6,7.1923E+5,1.2433E+7,1.3692E+7,9.8059E+6,5.7998E+6,8.2458E+6,8.3673E+6,8.3370E+6,1.0152E+7,2.6131E+6,4.8791E+6,1.3551E+7,6.6995E+6,1.8280E+5
VTVFPRDIQLAR,XP_003439548.1,NA,VT[+42]VFPR[+28]DIQLAR,#N/A,#N/A,66.37,NA,1.4616E+4,1.3455E+6,6.5633E+5,1.1701E+4,6.7219E+2,6.4158E+5,5.0420E+5,1.2495E+6,3.1565E+5,2.5851E+5,1.6570E+6,1.8540E+5,4.3251E+5,4.4304E+3,3.1688E+5,5.4995E+5,1.5963E+5,6.3094E+2
VTVFPRDIQLAR,XP_003439548.1,NA,VT[+42]VFPR[+42]DIQLAR,#N/A,#N/A,37.21,NA,1.4128E+6,9.3331E+6,1.0096E+7,2.7695E+6,7.1315E+5,1.2082E+7,1.3617E+7,9.6423E+6,5.6890E+6,8.0059E+6,8.2333E+6,8.2921E+6,9.9815E+6,2.6576E+6,4.9324E+6,1.3285E+7,6.5707E+6,1.8223E+5
VTVFPRDIQLAR,XP_003439548.1,NA,VT[+56]VFPR[+28]DIQLAR,#N/A,#N/A,69.12,NA,1.4467E+6,1.1071E+7,6.8390E+6,2.1211E+6,1.6576E+5,8.6702E+6,7.7902E+6,7.9916E+6,6.0614E+6,9.9186E+6,1.3679E+7,4.6624E+6,4.5563E+6,2.8258E+5,4.2316E+6,7.4995E+6,5.5198E+6,9.8584E+4
VTVFPRDIQLAR,XP_003439548.1,NA,VTVFP[+32]R[+42]DIQLAR,#N/A,#N/A,37.21,NA,1.4784E+6,9.2945E+6,9.8669E+6,2.7285E+6,7.2694E+5,1.2553E+7,1.3443E+7,9.6723E+6,5.6719E+6,7.9764E+6,8.1421E+6,8.5022E+6,9.9172E+6,2.6081E+6,4.7237E+6,1.3154E+7,6.6157E+6,2.1164E+5
VTVFPRDIQLAR,XP_003439548.1,NA,VTVFP[+16]R[+28]DIQLAR,#N/A,#N/A,45.59,NA,2.2759E+6,3.6388E+6,2.2804E+6,4.5331E+5,1.0046E+5,2.0910E+6,6.8447E+6,3.3693E+6,1.6739E+6,1.4064E+6,2.0302E+6,1.9116E+6,3.5216E+6,4.9735E+5,1.4090E+6,2.2587E+6,1.9160E+6,6.2731E+3
VTVFPRDIQLAR,XP_003439548.1,NA,VTVFP[+16]R[+14]DIQLAR,#N/A,#N/A,51.74,NA,1.2217E+6,9.3079E+6,6.4391E+6,2.1089E+6,1.0865E+5,9.2397E+6,1.0111E+7,8.6352E+6,5.5155E+6,5.5756E+6,5.3493E+6,7.2740E+6,7.5863E+6,1.4836E+6,3.7288E+6,8.0240E+6,6.3497E+6,2.2196E+4
VTVFPRDIQLAR,XP_003439548.1,NA,VT[-18]VFP[+32]R[+28]DIQLAR,#N/A,#N/A,59.49,NA,2.0795E+2,2.3702E+3,2.8310E+3,1.6562E+2,0.0000E+0,1.5174E+3,2.4383E+3,7.3869E+2,3.4863E+3,1.1326E+3,2.5387E+3,1.3955E+3,3.0830E+3,0.0000E+0,1.1138E+3,4.6244E+2,2.1184E+3,0.0000E+0
VTVFPRDIQLAR,XP_003439548.1,NA,VT[-18]VFP[+32]R[+14]DIQLAR,#N/A,#N/A,51.85,NA,1.0550E+6,6.2843E+6,2.9164E+6,1.5167E+6,1.0283E+5,4.1627E+6,7.0835E+6,4.2466E+6,3.1567E+6,3.2047E+6,2.8984E+6,2.7428E+6,4.1721E+6,9.9178E+5,2.0038E+6,4.0964E+6,2.9683E+6,9.7632E+3
VTVFPRDIQLAR,XP_003439548.1,NA,VT[+56]VFP[+32]R[+28]DIQLAR,#N/A,#N/A,64.15,NA,8.6370E+4,2.7956E+5,1.5706E+5,1.7678E+4,2.1504E+3,1.8375E+5,3.4818E+5,2.9963E+5,1.2518E+5,1.6416E+5,4.3195E+5,9.8360E+4,1.7634E+5,3.9545E+3,1.0555E+5,1.5423E+5,1.0616E+5,5.9600E+2
VTVFPRDIQLAR,XP_003439548.1,NA,VT[+56]VFP[+32]R[+14]DIQLAR,#N/A,#N/A,69.12,NA,6.8743E+4,3.7357E+5,1.7431E+5,1.3545E+5,1.9929E+4,2.6035E+5,1.7167E+5,2.2435E+5,1.3369E+5,6.7534E+5,6.0241E+5,1.1388E+5,1.1444E+5,1.4126E+4,8.7606E+4,2.2909E+5,1.7206E+5,1.0317E+4
VTVFPRDIQLAR,XP_003439548.1,NA,VT[+56]VFP[+32]R[+32]DIQLAR,#N/A,#N/A,48.98,NA,5.7372E+3,1.2721E+5,1.0668E+5,1.2267E+4,2.8418E+3,1.0891E+5,9.1360E+4,1.3459E+5,5.4804E+4,7.2829E+4,2.4420E+5,7.2331E+4,7.0649E+4,4.5160E+3,5.3833E+4,1.7194E+5,6.0826E+4,2.2985E+3
VTVFPRDIQLAR,XP_003439548.1,NA,VT[+56]VFP[+32]R[+16]DIQLAR,#N/A,#N/A,69.12,NA,4.6399E+3,3.7802E+4,1.3548E+4,1.0194E+4,3.0857E+3,1.6033E+4,1.9826E+4,1.7027E+4,1.6361E+4,5.6371E+4,8.6348E+4,1.3554E+4,1.4252E+4,1.4360E+3,8.4235E+3,2.4925E+4,1.5672E+4,2.1564E+2
VTVFPRDIQLAR,XP_003439548.1,NA,VT[+56]VFP[+16]R[+28]DIQLAR,#N/A,#N/A,64.2,NA,1.7640E+6,3.8249E+6,2.6423E+6,3.3327E+5,2.1860E+4,2.3130E+6,5.7113E+6,3.3143E+6,2.0744E+6,2.0439E+6,4.8411E+6,1.4663E+6,2.5169E+6,7.7130E+4,1.6112E+6,2.1577E+6,1.4962E+6,3.1485E+3
VTVFPRDIQLAR,XP_003439548.1,NA,VT[+56]VFP[+16]R[+14]DIQLAR,#N/A,#N/A,37.21,NA,1.3756E+6,8.3293E+6,9.1034E+6,2.6499E+6,6.7176E+5,1.1439E+7,1.2096E+7,8.7433E+6,5.2765E+6,7.5723E+6,7.6264E+6,7.7084E+6,9.1867E+6,2.4281E+6,4.4979E+6,1.2113E+7,6.1332E+6,1.7778E+5
VTVFPRDIQLAR,XP_003439548.1,NA,VT[+56]VFP[+16]R[+32]DIQLAR,#N/A,#N/A,69.11,NA,2.4151E+3,3.1537E+4,1.2846E+4,1.4192E+4,2.7013E+3,1.9652E+4,2.0471E+4,1.9493E+4,1.3409E+4,5.8771E+4,5.1120E+4,1.0064E+4,7.9397E+3,4.2716E+2,9.2181E+3,2.2342E+4,1.5826E+4,7.5866E+2
KVVLDNIQGITKPAIR,XP_025766521.1,NA,KVVLDNIQGITKPAIR,#N/A,#N/A,27.37,NA,6.2783E+6,1.6934E+7,3.4507E+7,5.7422E+6,3.1162E+6,4.3830E+7,2.6811E+7,1.4648E+7,1.7984E+7,1.8048E+7,7.9751E+6,1.5226E+7,2.6478E+7,4.0394E+6,1.7610E+7,3.0072E+7,2.0702E+7,4.3611E+6
KVVLDNIQGITKPAIR,XP_025766521.1,NA,K[+56]VVLDNIQGITK[+56]PAIR,#N/A,#N/A,43.37,NA,5.8805E+4,9.0262E+5,1.1300E+6,4.8418E+4,1.8770E+3,1.0881E+6,2.3849E+6,8.3662E+5,5.9915E+5,4.3777E+5,3.4158E+5,1.0212E+6,1.5497E+6,7.1664E+3,5.5263E+5,9.5017E+5,7.4923E+5,2.8905E+3
KVVLDNIQGITKPAIR,XP_025766521.1,NA,KVVLDN[+1]IQGITK[+56]PAIR,#N/A,#N/A,43.35,NA,1.6177E+5,1.8563E+6,3.8618E+6,2.0217E+5,8.0819E+3,2.9229E+6,4.0539E+6,1.7067E+6,1.8666E+6,1.3219E+6,9.6640E+5,2.3337E+6,3.0576E+6,4.1488E+4,1.4244E+6,2.5891E+6,1.3232E+6,1.0828E+4
KVVLDNIQGITKPAIR,XP_025766521.1,NA,K[+14]VVLD[-18]NIQGITK[+56]PAIR,#N/A,#N/A,43.35,NA,1.6211E+5,1.8572E+6,3.8470E+6,2.1340E+5,7.4512E+3,2.9637E+6,4.3270E+6,1.7503E+6,1.8629E+6,1.3377E+6,9.5577E+5,2.3235E+6,3.0938E+6,4.1488E+4,1.3878E+6,2.5962E+6,1.3444E+6,1.1290E+4
RGGVKRISGLIYEETR,XP_025766521.1,NA,R[+28]GGVKRISGLIYEETR,#N/A,#N/A,68.61,NA,2.3528E+6,1.0726E+7,1.1582E+7,2.7034E+6,1.5166E+5,1.6749E+7,9.6618E+6,7.1657E+6,5.9080E+6,1.2586E+7,2.4528E+7,7.7132E+6,6.1846E+6,2.1989E+5,3.9972E+6,1.6348E+7,1.1448E+7,2.2449E+4
RGGVKRISGLIYEETR,XP_025766521.1,NA,R[+71]GGVK[+71]RISGLIYEETR,#N/A,#N/A,36.21,NA,2.4730E+3,1.0663E+5,1.4422E+5,7.6155E+3,1.4094E+3,2.6563E+5,2.9679E+5,6.2403E+4,5.8006E+4,3.4321E+4,8.4788E+4,2.1430E+5,1.7499E+5,1.9513E+3,6.0532E+4,1.3361E+5,1.8994E+5,4.9138E+2
GGVKRISGLIYEETR,XP_025766521.1,NA,GGVK[+32]RISGLIYEETR,#N/A,#N/A,36.16,NA,1.2486E+4,3.1243E+5,4.7310E+5,2.3756E+4,2.0648E+3,6.1681E+5,7.1360E+5,1.9293E+5,1.9664E+5,1.2857E+5,2.9858E+5,3.6819E+5,5.1107E+5,3.6089E+3,1.8834E+5,3.9293E+5,4.3725E+5,1.9837E+3
GGVKRISGLIYEETR,XP_025766521.1,NA,G[+43]GVK[+42]RISGLIYEETR,#N/A,#N/A,36.16,NA,7.8136E+6,1.8298E+7,2.3036E+7,6.9683E+6,2.5834E+6,2.9123E+7,2.3433E+7,1.8167E+7,1.8288E+7,1.8666E+7,1.9473E+7,1.6518E+7,1.8918E+7,4.8498E+6,1.4236E+7,2.4417E+7,2.2073E+7,1.7137E+6
GGVKRISGLIYEETR,XP_025766521.1,NA,G[+57]GVK[+28]RISGLIYEETR,#N/A,#N/A,36.16,NA,8.4936E+6,2.0700E+7,2.5454E+7,7.6519E+6,2.8206E+6,3.3226E+7,2.6460E+7,2.0121E+7,2.0234E+7,2.0929E+7,2.2151E+7,2.0039E+7,2.0565E+7,5.3514E+6,1.5945E+7,2.3819E+7,2.2806E+7,1.9023E+6
GGVKRISGLIYEETR,XP_025766521.1,NA,GGVK[+71]R[+14]ISGLIYEETR,#N/A,#N/A,36.16,NA,3.4510E+6,8.2866E+6,1.0968E+7,3.1359E+6,1.0928E+6,1.3598E+7,1.0429E+7,8.2249E+6,8.3599E+6,8.6595E+6,9.0936E+6,8.3869E+6,8.5406E+6,2.0210E+6,6.8536E+6,1.1024E+7,1.0141E+7,7.3526E+5
GGVKRISGLIYEETR,XP_025766521.1,NA,G[+56]GVK[+32]R[+28]ISGLIYEETR,#N/A,#N/A,36.12,NA,1.5013E+3,1.0459E+5,9.8306E+4,4.1933E+3,4.5897E+2,1.2672E+5,2.8781E+5,4.4191E+4,2.4495E+4,1.3484E+4,4.6242E+4,9.1999E+4,1.2762E+5,1.5552E+3,2.3649E+4,6.1927E+4,6.2544E+4,8.6216E+2
GGVKRISGLIYEETR,XP_025766521.1,NA,GGVK[+71]R[+32]IS[-18]GLIYEETR,#N/A,#N/A,36.16,NA,7.0701E+6,1.7127E+7,2.0725E+7,6.3476E+6,2.3884E+6,2.8501E+7,2.1435E+7,1.7097E+7,1.7102E+7,1.7405E+7,1.8382E+7,1.6263E+7,1.7326E+7,4.4539E+6,1.3599E+7,2.1493E+7,1.9982E+7,1.6045E+6
ISGLIYEETR,XP_025766521.1,NA,ISGLIYEETR,#N/A,#N/A,36.16,NA,1.0456E+7,2.3911E+7,3.0051E+7,9.2930E+6,3.5056E+6,3.9410E+7,3.1081E+7,2.2850E+7,2.4460E+7,2.4577E+7,2.7003E+7,2.3110E+7,2.5286E+7,6.6110E+6,1.8672E+7,3.1820E+7,2.8831E+7,2.4152E+6
ISGLIYEETR,XP_025766521.1,NA,I[+56]SGLIYEETR,#N/A,#N/A,68.6,NA,5.8128E+5,2.7995E+6,3.0130E+6,6.6645E+5,3.0255E+4,4.4108E+6,2.5235E+6,1.8359E+6,1.5103E+6,3.2000E+6,6.5040E+6,1.9700E+6,1.5819E+6,5.0246E+4,1.0035E+6,4.2620E+6,2.9921E+6,5.4266E+3
ISGLIYEETR,XP_025766521.1,NA,I[+43]SGLIYEETR,#N/A,#N/A,64.43,NA,5.7013E+4,8.9586E+5,7.3601E+5,3.1083E+4,3.5287E+3,9.3079E+5,4.5584E+5,7.9517E+5,3.2589E+5,3.6867E+5,3.2589E+6,2.0906E+5,4.0479E+5,8.5669E+3,3.5381E+5,7.4063E+5,3.1042E+5,1.8086E+3
ISGLIYEETR,XP_025766521.1,NA,I[+57]SGLIYEETR,#N/A,#N/A,68.61,NA,3.0531E+6,1.4055E+7,1.5209E+7,3.5473E+6,1.9221E+5,2.1923E+7,1.2705E+7,9.3956E+6,7.7789E+6,1.6010E+7,3.2201E+7,1.0080E+7,8.1205E+6,2.9518E+5,5.1952E+6,2.1559E+7,1.4966E+7,3.1312E+4
ISGLIYEETR,XP_025766521.1,NA,IS[+56]GLIYEETR,#N/A,#N/A,68.61,NA,6.1018E+4,2.6660E+5,2.6019E+5,6.9145E+4,3.4746E+3,3.4309E+5,2.0391E+5,1.7489E+5,1.3551E+5,2.8772E+5,5.6685E+5,1.7043E+5,1.1349E+5,6.5973E+3,8.7717E+4,3.7631E+5,2.4098E+5,9.0873E+2
ISGLIYEETR,XP_025766521.1,NA,IS[+42]GLIYEETR,#N/A,#N/A,64.43,NA,3.1701E+4,5.7234E+5,4.4251E+5,1.8361E+4,2.4043E+3,5.9158E+5,2.7872E+5,4.8180E+5,1.8937E+5,2.4377E+5,2.0666E+6,1.2639E+5,2.6276E+5,6.5973E+3,2.2813E+5,4.5904E+5,2.0358E+5,1.0687E+3
ISGLIYEETR,XP_025766521.1,NA,ISGLIYEETR[-1],#N/A,#N/A,34.06,NA,3.4542E+4,1.4372E+5,1.2418E+5,3.4353E+4,1.3369E+4,1.9194E+5,2.1586E+5,9.4444E+4,6.8788E+4,1.0007E+5,1.7438E+5,9.0116E+4,1.4745E+5,2.0184E+4,6.6506E+4,1.6334E+5,1.0615E+5,7.8569E+3
ISGLIYEETR,XP_025766521.1,NA,I[+57]S[-18]GLIYEETR,#N/A,#N/A,64.43,NA,3.3606E+4,6.3841E+5,5.0123E+5,2.2322E+4,2.8074E+3,6.2252E+5,3.0379E+5,4.7685E+5,1.9332E+5,2.5847E+5,2.1368E+6,1.3097E+5,2.5814E+5,6.8740E+3,2.5771E+5,4.5699E+5,1.9503E+5,1.3846E+3
NA,NA,NA,NA,NA,NA,NA,NA,NA,NA,NA,NA,NA,NA,NA,NA,NA,NA,NA,NA,NA,NA,NA,NA,NA,NA
ISGLIYEETR,XP_025766521.1,NA,ISGLIYEET[-18]R[+14],#N/A,#N/A,36.16,NA,2.2485E+6,4.9182E+6,6.2860E+6,1.9951E+6,8.5890E+5,8.0762E+6,6.1243E+6,4.7841E+6,4.8893E+6,5.2649E+6,5.1333E+6,4.4979E+6,5.2558E+6,1.4866E+6,4.2111E+6,6.6800E+6,5.9875E+6,5.9599E+5
NA,NA,NA,NA,NA,NA,NA,NA,NA,NA,NA,NA,NA,NA,NA,NA,NA,NA,NA,NA,NA,NA,NA,NA,NA,NA
GVLKVFLENVIR,XP_025766521.1,NA,G[+56]VLKVFLENVIR,#N/A,#N/A,69.25,NA,3.8375E+3,3.0144E+4,2.1517E+4,5.3548E+3,3.3954E+3,1.9030E+4,2.1066E+5,2.8325E+4,2.6716E+4,3.2970E+4,2.1058E+4,1.5398E+4,5.2455E+4,2.6465E+3,7.5149E+3,1.4274E+5,2.4468E+4,1.0134E+3
GVLKVFLENVIR,XP_025766521.1,NA,GVLK[+56]VFLENVIR,#N/A,#N/A,69.22,NA,6.0881E+3,1.4000E+5,2.5841E+5,8.5198E+3,2.3936E+4,1.9918E+5,1.2227E+6,1.8060E+5,9.3731E+4,3.8855E+4,1.2623E+5,2.7985E+5,5.1237E+5,1.6344E+3,8.2613E+4,1.2061E+6,1.5940E+5,9.3652E+3
GVLKVFLENVIR,XP_025766521.1,NA,GVLK[+114]VFLENVIR,#N/A,#N/A,71.58,NA,2.6811E+3,1.4609E+4,2.1143E+5,1.1743E+3,2.1692E+4,2.1686E+5,2.6357E+5,6.7051E+4,7.1976E+4,3.1556E+3,2.7375E+5,8.1361E+4,3.6992E+5,7.4123E+2,3.4706E+4,8.4035E+5,1.2260E+5,1.0487E+3
GVLKVFLENVIR,XP_025766521.1,NA,G[+56]VLK[+56]VFLENVIR,#N/A,#N/A,71.58,NA,7.1942E+3,3.2965E+4,3.4791E+5,3.6586E+3,4.6295E+4,3.3971E+5,4.3710E+5,1.2101E+5,1.2470E+5,9.6777E+3,4.2486E+5,1.5495E+5,5.9426E+5,1.9807E+3,6.1734E+4,1.3707E+6,1.9868E+5,2.3643E+3
GVLKVFLENVIR,XP_025766521.1,NA,G[+43]VLK[+56]VFLENVIR,#N/A,#N/A,70.95,NA,9.5025E+3,3.8728E+4,1.1302E+5,2.0552E+4,4.0333E+3,6.0625E+4,7.7876E+4,7.4207E+4,5.3778E+4,4.7470E+4,1.0854E+5,6.8384E+4,2.9828E+4,2.5023E+3,5.2421E+4,7.0186E+4,5.4298E+4,3.7101E+3
GVLKVFLENVIR,XP_025766521.1,NA,G[+43]VLK[+43]VFLENVIR,#N/A,#N/A,70.81,NA,8.7199E+3,4.5295E+4,6.9239E+4,8.7407E+3,6.0122E+3,1.0077E+5,4.7918E+4,5.2069E+4,7.6659E+4,3.5314E+4,1.1505E+5,7.3338E+4,2.3163E+4,3.3741E+3,5.4570E+4,6.3383E+4,8.9027E+4,2.7350E+3
GVLKVFLENVIR,XP_025766521.1,NA,G[+57]VLK[+56]VFLENVIR,#N/A,#N/A,71.58,NA,3.7035E+3,2.1174E+4,2.6165E+5,1.3907E+3,2.7116E+4,2.5618E+5,3.2499E+5,8.2435E+4,9.0153E+4,3.7924E+3,3.4117E+5,1.0314E+5,4.6487E+5,7.4123E+2,4.7885E+4,1.0437E+6,1.5079E+5,1.1909E+3
DAVTYTEHAKR,XP_025766521.1,NA,DAVTYTEHAK[+56]R,#N/A,#N/A,22.47,NA,3.5372E+5,2.1535E+6,6.4876E+5,1.2519E+5,1.0740E+5,1.2535E+6,2.7979E+6,8.4246E+5,3.7299E+5,4.9638E+5,2.5938E+6,7.5459E+5,1.1570E+6,1.4963E+5,4.6533E+5,8.1652E+5,6.7827E+5,7.6176E+4
DAVTYTEHAKR,XP_025766521.1,NA,DAVTYTEHAK[+43]R,#N/A,#N/A,20.1,NA,1.6976E+3,1.2540E+4,1.0977E+4,9.9556E+3,4.6875E+3,1.7352E+4,1.8595E+4,1.0373E+4,1.2425E+4,1.1043E+4,1.1853E+4,3.5349E+4,1.3988E+4,3.9514E+3,2.2807E+4,9.3746E+3,1.8241E+4,8.7463E+3
DAVTYTEHAKR,XP_025766521.1,NA,D[+56]AVTYTEHAK[+56]R,#N/A,#N/A,35.84,NA,2.3546E+6,7.1374E+6,2.5621E+6,9.2999E+5,6.1780E+5,2.6049E+6,5.3934E+6,3.5782E+6,1.7650E+6,3.9931E+6,1.9840E+7,1.2194E+6,2.1988E+6,3.3059E+5,1.9291E+6,2.3291E+6,1.4164E+6,1.1581E+5
DAVTYTEHAKR,XP_025766521.1,NA,D[+43]AVTYTEHAK[+56]R,#N/A,#N/A,31.16,NA,3.3894E+4,3.3911E+5,3.2077E+5,4.7296E+4,2.1055E+4,2.0387E+5,2.5162E+5,2.4808E+5,2.4416E+5,1.0486E+5,7.4820E+5,4.3229E+5,2.8386E+5,3.4571E+4,3.3838E+5,1.7647E+5,2.9394E+5,3.8491E+4
DAVTYTEHAKR,XP_025766521.1,NA,D[+43]AVTYTEHAK[+43]R,#N/A,#N/A,26.21,NA,1.4340E+3,6.1091E+3,1.0188E+4,9.6785E+2,1.9144E+3,1.2479E+4,6.7111E+3,7.8881E+3,6.0484E+3,5.6122E+3,3.4855E+3,1.7054E+4,5.6655E+3,2.1176E+2,1.3048E+4,1.2032E+4,1.4484E+4,2.8050E+3
DAVTYTEHAKR,XP_025766521.1,NA,D[+57]AVTYTEHAK[+56]R,#N/A,#N/A,35.84,NA,1.2225E+6,4.5253E+6,1.6610E+6,5.2236E+5,3.2866E+5,1.7106E+6,3.6148E+6,2.2861E+6,1.1075E+6,2.5365E+6,1.2979E+7,7.4354E+5,1.3882E+6,1.7462E+5,1.2422E+6,1.4806E+6,9.0131E+5,5.5609E+4
DAVTYTEHAKR,XP_025766521.1,NA,D[-18]AVTYTEHAK[+56]R,#N/A,#N/A,22.42,NA,1.1005E+3,1.4443E+3,6.6169E+3,1.6823E+3,5.7462E+2,7.9506E+3,4.5258E+3,4.6574E+3,2.2641E+3,7.3753E+3,8.1257E+2,5.9176E+3,3.0441E+3,1.3196E+3,3.2887E+3,4.6058E+3,6.2027E+3,1.0593E+3
DAVTYTEHAKR,XP_025766521.1,NA,DAVT[-18]YTEHAK[+56]R,#N/A,#N/A,22.53,NA,1.0204E+3,3.9784E+3,3.5324E+3,1.3843E+3,5.7556E+2,6.1540E+3,7.9461E+3,6.8848E+3,8.9597E+3,8.3100E+3,3.0852E+3,4.2094E+3,7.8234E+3,1.1062E+3,7.3147E+3,7.7034E+3,1.1133E+4,8.0380E+2
DAVTYTEHAKR,XP_025766521.1,NA,DAVTYTE[+57]HAK[+56]R,#N/A,#N/A,22.95,NA,8.7323E+3,4.7855E+4,1.4451E+5,1.2264E+4,6.3701E+3,1.0750E+5,1.0859E+5,6.5005E+4,1.1546E+5,3.4157E+4,8.4724E+4,2.2597E+5,1.1521E+5,1.1942E+4,1.1393E+5,1.2501E+5,1.7360E+5,1.6739E+4
DAVTYTEHAKR,XP_025766521.1,NA,D[+56]AVTYTE[+57]HAK[+56]R,#N/A,#N/A,35.69,NA,2.8473E+4,1.5464E+5,1.3348E+5,4.5559E+4,2.3107E+4,1.7840E+5,1.2068E+5,7.6180E+4,5.8223E+4,2.3970E+5,1.2970E+6,9.4409E+4,9.1848E+4,1.1009E+4,1.1035E+5,1.6238E+5,8.4606E+4,9.7582E+3
DAVTYTEHAKR,XP_025766521.1,NA,D[+43]AVT[-18]YTEHAK[+56]R,#N/A,#N/A,31.24,NA,2.5907E+4,2.3919E+5,2.1320E+5,3.4620E+4,1.7543E+4,1.6218E+5,1.5837E+5,1.0187E+5,1.8011E+5,9.8334E+4,5.3374E+5,3.2351E+5,1.6361E+5,1.5201E+4,1.8421E+5,1.0868E+5,2.1108E+5,3.1808E+4
DAVTYTEHAKR,XP_025766521.1,NA,D[+43]AVTYTE[+57]HAK[+56]R,#N/A,#N/A,31.75,NA,1.3742E+3,2.1348E+4,5.5007E+4,9.8988E+3,4.2246E+3,5.0059E+4,4.4850E+4,2.9012E+4,3.8533E+4,1.8198E+4,2.5038E+4,8.1042E+4,5.6603E+4,6.6502E+3,4.4777E+4,4.3603E+4,3.4663E+4,6.5148E+3
KGLSLAAIKKDLVAR,XP_003448795.2,NA,K[+42]GLS[+56]LAAIK[+56]KDLVAR,#N/A,#N/A,68.85,NA,9.5774E+3,4.6053E+5,2.4486E+5,1.3237E+4,6.2490E+3,3.3424E+5,4.7776E+5,4.0506E+5,2.0095E+5,1.1577E+5,3.0698E+5,5.4549E+5,4.0451E+5,4.6181E+3,3.0806E+5,2.8820E+5,2.2598E+5,9.7838E+3
GYDVEHNSAHVR,XP_003448795.2,NA,GYDVEHNSAHVR,#N/A,#N/A,16.63,NA,1.4321E+4,5.5947E+5,8.2963E+5,5.9201E+4,2.9124E+4,1.5587E+6,1.3673E+6,7.4103E+5,6.7499E+5,1.4410E+5,5.8428E+4,2.6891E+6,1.4306E+6,1.1364E+5,9.5659E+5,8.4011E+5,8.4286E+5,7.0477E+4
GYDVEHNSAHVR,XP_003448795.2,NA,G[+56]YDVEHNSAHVR,#N/A,#N/A,21.26,NA,8.2392E+5,7.4821E+6,1.0014E+7,2.9481E+6,1.2020E+6,9.4561E+6,8.2030E+6,6.8979E+6,7.9080E+6,5.5949E+6,4.9192E+6,1.3975E+7,8.9067E+6,8.8876E+5,1.1224E+7,6.5284E+6,7.3151E+6,1.1834E+6
GYDVEHNSAHVR,XP_003448795.2,NA,G[+43]YDVEHNSAHVR,#N/A,#N/A,21.26,NA,8.4306E+5,7.4942E+6,9.9605E+6,2.8663E+6,1.1925E+6,9.5332E+6,8.6965E+6,6.8122E+6,7.8568E+6,5.5724E+6,4.9012E+6,1.3946E+7,8.8838E+6,8.7897E+5,1.1059E+7,6.4696E+6,7.2866E+6,1.1714E+6
GYDVEHNSAHVR,XP_003448795.2,NA,G[+57]YDVEHNSAHVR,#N/A,#N/A,16.72,NA,2.0478E+3,2.5451E+4,3.6545E+4,2.8028E+3,2.5837E+3,1.4621E+5,3.9782E+4,2.1655E+4,1.4149E+4,1.6446E+4,3.1243E+4,1.0760E+5,5.7079E+4,3.5846E+3,4.2816E+4,6.8802E+4,4.9885E+4,1.5711E+3
GYDVEHNSAHVR,XP_003448795.2,NA,GYD[+57]VEHNSAHVR,#N/A,#N/A,21.28,NA,2.7112E+4,3.5769E+5,7.1811E+5,1.0785E+5,3.5717E+4,8.1837E+5,5.5886E+5,3.3492E+5,5.0517E+5,2.9349E+5,2.3453E+5,1.3488E+6,5.6279E+5,2.9207E+4,7.5360E+5,4.3582E+5,5.7012E+5,3.8721E+4
GYDVEHNSAHVR,XP_003448795.2,NA,GYDVE[+57]HNSAHVR,#N/A,#N/A,16.76,NA,8.7735E+2,7.0145E+3,3.2940E+3,4.0625E+3,1.6898E+3,1.5111E+4,5.5584E+3,4.5042E+3,3.7240E+3,8.6706E+3,8.6155E+3,1.3288E+4,1.1865E+4,9.9629E+2,5.4437E+3,1.0703E+4,7.7816E+3,1.3492E+3
GYDVEHNSAHVR,XP_003448795.2,NA,GYDVEHN[+1]SAHVR,#N/A,#N/A,16.66,NA,2.4212E+2,1.9367E+4,2.0277E+4,2.5340E+3,1.4272E+3,5.7535E+4,5.0955E+4,1.5545E+4,2.2113E+4,3.4848E+3,1.8555E+3,1.2638E+5,3.4173E+4,4.3173E+3,2.8377E+4,2.0380E+4,2.8336E+4,3.9396E+3
GYDVEHNSAHVR,XP_003448795.2,NA,GYDVEHNS[+56]AHVR,#N/A,#N/A,19.67,NA,1.9041E+2,1.0528E+4,8.5247E+3,9.9226E+2,1.8985E+2,2.2092E+4,2.4453E+4,1.4783E+4,7.8058E+3,1.9893E+3,1.3921E+3,4.6109E+4,2.2254E+4,1.2905E+3,9.2260E+3,7.6895E+3,1.0940E+4,7.1949E+2
GYDVEHNSAHVR,XP_003448795.2,NA,GYDVEHNSAHVR[+1],#N/A,#N/A,16.62,NA,4.7180E+3,9.5864E+4,2.2303E+5,8.9530E+3,1.0689E+4,3.4979E+5,3.5880E+5,1.7151E+5,2.2545E+5,2.2454E+4,1.5475E+4,4.6642E+5,3.0827E+5,2.4295E+4,2.5198E+5,7.6823E+4,1.7237E+5,7.9718E+3
GYDVEHNSAHVR,XP_003448795.2,NA,G[+56]YDVEHN[+1]SAHVR,#N/A,#N/A,21.28,NA,4.3277E+5,3.3194E+6,4.6571E+6,1.3291E+6,5.7925E+5,4.2493E+6,4.0458E+6,3.3874E+6,4.1259E+6,2.6484E+6,2.1549E+6,6.2330E+6,4.1412E+6,3.6381E+5,5.4928E+6,1.8728E+6,3.3187E+6,4.8070E+5
GYDVEHNSAHVR,XP_003448795.2,NA,G[+56]YDVEHNS[+56]AHVR,#N/A,#N/A,29.92,NA,3.6436E+5,1.8657E+6,2.1563E+6,6.5320E+5,2.1449E+5,2.2324E+6,2.5720E+6,2.8366E+6,2.0090E+6,1.6432E+6,1.6385E+6,2.9099E+6,2.4050E+6,1.9741E+5,2.6438E+6,1.6662E+6,1.5067E+6,8.2405E+4
GYDVEHNSAHVR,XP_003448795.2,NA,G[+56]YDVEHNS[+80]AHVR,#N/A,#N/A,25.19,NA,9.8833E+2,3.9602E+3,4.6305E+3,1.3310E+3,6.4253E+2,1.0287E+4,4.2098E+3,2.9052E+3,3.1455E+3,8.2216E+2,4.8603E+2,7.4644E+3,5.5157E+3,7.2488E+2,4.5919E+3,7.2937E+3,3.9658E+3,4.4129E+2
GYDVEHNSAHVR,XP_003448795.2,NA,G[+56]YDVEHNSAHVR[+1],#N/A,#N/A,21.33,NA,2.3218E+4,1.6693E+5,3.0230E+5,5.3382E+4,2.5140E+4,3.1038E+5,2.3188E+5,1.6187E+5,2.6077E+5,1.1575E+5,9.8640E+4,4.6228E+5,2.3543E+5,2.5268E+4,3.4577E+5,1.8033E+5,2.3696E+5,2.9935E+4
GYDVEHNSAHVR,XP_003448795.2,NA,G[+43]YDVEHNS[+56]AHVR,#N/A,#N/A,30.13,NA,8.0508E+3,2.8580E+4,3.6926E+4,1.3588E+4,5.1749E+3,5.4055E+4,4.7037E+4,3.3840E+4,2.6105E+4,2.0130E+4,1.8532E+4,4.2297E+4,2.6383E+4,1.0217E+4,3.3584E+4,3.0611E+4,3.5174E+4,9.3049E+3
GYDVEHNSAHVR,XP_003448795.2,NA,G[+57]YDVEHNS[+56]AHVR,#N/A,#N/A,29.92,NA,3.7156E+5,2.1049E+6,2.4327E+6,6.8173E+5,2.1899E+5,2.4196E+6,2.9426E+6,3.2218E+6,2.2409E+6,1.8785E+6,1.8206E+6,3.2518E+6,2.7719E+6,2.2275E+5,2.9652E+6,1.8075E+6,1.6520E+6,8.2043E+4
QSIQKYVR,XP_003438501.2,NA,Q[-17]SIQK[+56]YVR,#N/A,#N/A,44.56,NA,5.1319E+4,1.1672E+6,1.3936E+5,4.7154E+4,4.6772E+4,2.2944E+5,9.0984E+4,2.5614E+5,8.3104E+4,9.4445E+4,7.0521E+5,1.9175E+5,1.1008E+5,2.8846E+4,1.9321E+5,1.0926E+5,5.7905E+4,2.2046E+4
LVAAGTLR,XP_003438501.2,NA,LVAAGTLR,#N/A,#N/A,20.74,NA,6.2474E+6,2.0962E+7,1.6023E+7,7.1988E+6,3.6506E+6,3.3587E+7,2.2844E+7,2.0597E+7,1.8401E+7,1.0735E+7,8.4986E+6,3.0048E+7,2.6082E+7,6.4821E+6,2.4965E+7,1.9900E+7,1.6916E+7,8.6071E+6
LVAAGTLR,XP_003438501.2,NA,L[+56]VAAGTLR,#N/A,#N/A,52.55,NA,5.8004E+6,1.9480E+7,1.7674E+7,1.1452E+7,4.0301E+6,2.4842E+7,1.2926E+7,2.1264E+7,2.1186E+7,1.9810E+7,1.6648E+7,2.2060E+7,1.3810E+7,2.8994E+6,2.4523E+7,1.6406E+7,1.1374E+7,2.6541E+6
LVAAGTLR,XP_003438501.2,NA,L[+43]VAAGTLR,#N/A,#N/A,44.7,NA,1.6888E+5,9.5230E+5,4.5411E+5,1.3140E+5,9.2094E+4,6.3965E+5,2.9517E+5,9.0706E+5,3.3460E+5,4.6128E+5,8.9282E+5,2.0745E+5,5.0646E+5,1.4386E+5,6.4524E+5,4.4027E+5,1.3661E+5,3.6723E+4
HTKGIGASGSFR,XP_003438501.2,NA,H[+56]TKGIGASGSFR,#N/A,#N/A,21.94,NA,4.2741E+3,1.8756E+5,1.0295E+5,1.7890E+4,1.6891E+3,1.3090E+5,1.7785E+5,1.7589E+5,1.1552E+5,3.9731E+4,3.2082E+4,1.2806E+5,2.0766E+5,1.9882E+4,9.7981E+4,1.1643E+5,6.6642E+4,3.6169E+3
HTKGIGASGSFR,XP_003438501.2,NA,HTK[+56]GIGASGSFR,#N/A,#N/A,21.97,NA,7.1384E+3,1.4613E+5,8.9750E+4,1.2978E+4,9.0335E+3,1.1131E+5,1.3061E+5,1.3714E+5,9.0573E+4,3.7939E+4,2.6939E+4,1.2760E+5,1.6447E+5,2.6445E+4,8.3622E+4,1.0719E+5,6.4368E+4,2.7711E+3
HTKGIGASGSFR,XP_003438501.2,NA,H[+56]TK[+56]GIGASGSFR,#N/A,#N/A,33.08,NA,2.2455E+6,1.2692E+7,8.9413E+6,4.5863E+6,1.3841E+6,1.2159E+7,9.7597E+6,1.2814E+7,1.0659E+7,9.5173E+6,9.0026E+6,1.4622E+7,9.3478E+6,1.1710E+6,1.3615E+7,8.2708E+6,6.1656E+6,2.7171E+5
HTKGIGASGSFR,XP_003438501.2,NA,H[+56]TK[+43]GIGASGSFR,#N/A,#N/A,31,NA,4.7005E+3,6.7432E+4,5.1338E+4,9.8199E+3,2.8858E+3,6.4328E+4,4.3950E+4,7.4250E+4,2.7124E+4,3.0210E+4,3.0332E+4,2.9044E+4,6.5814E+4,5.0396E+3,4.4947E+4,2.1189E+4,3.1777E+4,1.6530E+3
HTKGIGASGSFR,XP_003438501.2,NA,H[+43]TK[+56]GIGASGSFR,#N/A,#N/A,30.71,NA,2.3785E+4,3.9889E+5,1.7092E+5,5.3632E+4,2.8046E+4,3.2254E+5,1.3646E+5,3.1997E+5,1.2402E+5,1.2884E+5,2.9587E+5,2.7505E+5,2.8842E+5,3.6322E+4,2.2464E+5,2.3121E+5,1.3074E+5,2.2557E+4
HTKGIGASGSFR,XP_003438501.2,NA,H[+57]TK[+56]GIGASGSFR,#N/A,#N/A,33.08,NA,1.7827E+6,1.0828E+7,7.8216E+6,3.9307E+6,1.0887E+6,1.0791E+7,8.3347E+6,1.0976E+7,9.1331E+6,8.1641E+6,7.6422E+6,1.2797E+7,8.3851E+6,9.5853E+5,1.1830E+7,7.5352E+6,5.3764E+6,2.0590E+5
HTKGIGASGSFR,XP_003438501.2,NA,H[+57]TK[+43]GIGASGSFR,#N/A,#N/A,30.83,NA,2.8574E+4,4.8204E+5,3.5291E+5,5.1326E+4,2.4612E+4,3.1848E+5,2.1671E+5,4.3249E+5,2.5105E+5,1.5469E+5,3.0002E+5,2.6142E+5,4.2843E+5,4.0721E+4,4.2762E+5,1.6586E+5,1.8123E+5,2.9976E+4
NA,NA,NA,NA,NA,NA,NA,NA,NA,NA,NA,NA,NA,NA,NA,NA,NA,NA,NA,NA,NA,NA,NA,NA,NA,NA
HTKGIGASGSFR,XP_003438501.2,NA,H[+56]TK[+56]GIGASGS[+56]FR,#N/A,#N/A,41.88,NA,8.4127E+3,1.7864E+4,2.2121E+4,1.1299E+4,1.8241E+3,5.0284E+4,5.1490E+4,2.3110E+4,4.0123E+4,3.1359E+4,2.7437E+4,3.8236E+4,3.6076E+4,3.4168E+3,5.0120E+4,3.3261E+4,2.3102E+4,2.7281E+3
HTKGIGASGSFR,XP_003438501.2,NA,H[+57]T[-18]K[+56]GIGASGSFR,#N/A,#N/A,33.09,NA,1.1819E+6,7.3820E+6,5.0989E+6,2.5927E+6,6.8168E+5,7.5117E+6,6.1651E+6,7.4815E+6,6.2413E+6,5.6787E+6,5.3560E+6,9.6095E+6,5.6284E+6,6.2431E+5,7.9725E+6,5.3535E+6,3.4915E+6,1.4923E+5
HTKGIGASGSFR,XP_003438501.2,NA,HTK[+56]GIGASGS[-18]FR[+14],#N/A,#N/A,21.98,NA,1.3198E+5,2.6523E+6,1.6256E+6,4.0407E+5,1.2274E+5,2.0999E+6,2.9316E+6,2.8730E+6,1.7413E+6,8.6965E+5,5.8756E+5,2.5605E+6,3.4961E+6,4.3893E+5,1.9554E+6,2.0066E+6,1.3198E+6,3.3367E+4
KSTGGKAPR,XP_005463512.2,NA,K[+56]STGGK[+56]APR,#N/A,#N/A,17.3,NA,3.0989E+6,1.6478E+7,1.0716E+7,6.2779E+6,3.6710E+6,1.3187E+7,4.1120E+7,1.2026E+7,7.3874E+6,1.0518E+7,8.4010E+6,1.3697E+7,2.4006E+7,6.7082E+6,9.6685E+6,9.2140E+6,9.3326E+6,4.9245E+6
KSTGGKAPR,XP_005463512.2,NA,K[+56]STGGK[+42]APR,#N/A,#N/A,16.7,NA,5.5511E+5,4.2228E+6,2.5065E+6,1.7952E+6,8.9304E+5,3.7538E+6,9.4839E+6,2.9418E+6,1.6027E+6,2.5848E+6,1.3454E+6,4.2390E+6,7.1041E+6,1.6361E+6,2.9361E+6,1.7288E+6,2.0113E+6,1.7699E+6
KSTGGKAPR,XP_005463512.2,NA,K[+112.1]STGGK[+56]APR,#N/A,#N/A,29.7,NA,6.4069E+6,2.3200E+7,2.2921E+7,1.2251E+7,6.7572E+6,2.4436E+7,4.0562E+7,2.9808E+7,1.6078E+7,2.2165E+7,2.7013E+7,2.2137E+7,2.3624E+7,5.2592E+6,1.6855E+7,1.9634E+7,1.6906E+7,4.4327E+6
KSTGGKAPR,XP_005463512.2,NA,K[+112.1]STGGK[+42]APR,#N/A,#N/A,26.65,NA,1.9137E+6,9.4307E+6,9.3333E+6,5.6135E+6,2.5942E+6,1.1665E+7,1.9484E+7,1.1878E+7,6.8257E+6,1.0930E+7,1.1134E+7,1.1046E+7,1.2330E+7,1.7618E+6,9.5980E+6,7.2684E+6,7.2953E+6,2.2380E+6
KSTGGKAPR,XP_005463512.2,NA,K[+57]STGGK[+56]APR,#N/A,#N/A,17.3,NA,2.7296E+6,1.5390E+7,9.6962E+6,5.9313E+6,3.5449E+6,1.2806E+7,3.6650E+7,1.2148E+7,6.6114E+6,1.0515E+7,7.9193E+6,1.3562E+7,2.1784E+7,6.4205E+6,9.5276E+6,8.8999E+6,8.9003E+6,4.6343E+6
KSTGGKAPR,XP_005463512.2,NA,K[+57]STGGK[+42]APR,#N/A,#N/A,16.7,NA,5.1081E+5,4.2396E+6,2.5556E+6,1.7905E+6,8.2732E+5,3.8351E+6,9.9177E+6,2.9627E+6,1.6031E+6,2.6091E+6,1.3293E+6,4.3245E+6,7.2836E+6,1.6240E+6,2.9285E+6,1.7133E+6,2.0089E+6,1.7221E+6
KSTGGKAPR,XP_005463512.2,NA,K[+99]STGGK[+56]APR,#N/A,#N/A,24.33,NA,8.0252E+4,8.3190E+5,3.5552E+5,1.1423E+5,7.6395E+4,4.1335E+5,6.8985E+5,8.0296E+5,1.3234E+5,3.5177E+5,7.0158E+5,2.1145E+5,5.2955E+5,1.7082E+5,3.1442E+5,2.8966E+5,2.2084E+5,4.6164E+4
KQLATKAAR,XP_005463512.2,NA,K[+56]QLATK[+56]AAR,#N/A,#N/A,24.48,NA,1.3940E+7,7.8232E+7,6.7773E+7,1.8833E+7,1.2838E+7,6.6759E+7,1.3867E+8,8.4352E+7,3.5485E+7,3.1674E+7,4.1827E+7,5.8284E+7,1.0068E+8,2.9173E+7,4.7689E+7,5.5108E+7,3.5530E+7,1.5312E+7
KQLATKAAR,XP_005463512.2,NA,K[+56]QLATK[+42]AAR,#N/A,#N/A,21.72,NA,2.9466E+6,2.6180E+7,2.2494E+7,6.1732E+6,3.5466E+6,2.5625E+7,4.4923E+7,2.6879E+7,1.1637E+7,1.2383E+7,1.1962E+7,2.1760E+7,3.6263E+7,6.7138E+6,1.8194E+7,1.7197E+7,1.4722E+7,4.7970E+6
KQLATKAAR,XP_005463512.2,NA,K[+114]QLATK[+56]AAR,#N/A,#N/A,24.84,NA,2.4320E+5,2.0800E+6,2.2487E+6,6.6174E+5,7.1688E+5,3.1114E+6,2.6607E+6,1.9870E+6,5.4003E+5,2.7137E+6,7.7248E+6,1.2141E+6,2.6694E+6,4.1720E+5,1.2699E+6,2.9494E+6,8.9470E+5,2.3936E+5
KQLATKAAR,XP_005463512.2,NA,K[+114]QLATK[+42]AAR,#N/A,#N/A,48.11,NA,6.5701E+6,3.0588E+7,2.9655E+7,1.5693E+7,3.4087E+6,2.4058E+7,3.6263E+7,3.0076E+7,1.7223E+7,3.2507E+7,3.5799E+7,1.6627E+7,2.6140E+7,3.0856E+6,2.1376E+7,1.9854E+7,1.3221E+7,9.5591E+5
KQLATKAAR,XP_005463512.2,NA,K[+112.1]QLATK[+56]AAR,#N/A,#N/A,51.22,NA,3.5188E+7,1.1359E+8,1.0628E+8,5.3386E+7,1.3391E+7,8.7725E+7,1.4513E+8,1.1737E+8,6.4596E+7,1.0119E+8,1.4310E+8,5.8514E+7,9.0314E+7,1.6950E+7,7.1752E+7,7.5209E+7,4.4470E+7,2.4867E+6
KQLATKAAR,XP_005463512.2,NA,K[+112.1]QLATK[+42]AAR,#N/A,#N/A,48.11,NA,9.0492E+6,4.0688E+7,3.8509E+7,2.1248E+7,4.8567E+6,3.2045E+7,4.9008E+7,4.1152E+7,2.2868E+7,4.4137E+7,4.8165E+7,2.2361E+7,3.5590E+7,4.4116E+6,2.8009E+7,2.6190E+7,1.7394E+7,1.3519E+6
KQLATKAAR,XP_005463512.2,NA,K[+112.1]QLATK[+43]AAR,#N/A,#N/A,45.04,NA,2.4323E+5,1.5602E+6,1.5323E+6,7.6374E+5,1.3571E+5,1.6618E+6,1.6136E+6,1.1510E+6,7.7908E+5,1.5046E+6,1.7430E+6,7.6005E+5,1.8042E+6,1.0168E+5,1.1655E+6,9.7191E+5,5.7865E+5,4.5641E+4
KQLATKAAR,XP_005463512.2,NA,K[+57]QLATK[+56]AAR,#N/A,#N/A,24.48,NA,1.0764E+7,6.1853E+7,5.5678E+7,1.4991E+7,9.9975E+6,5.2167E+7,1.1497E+8,6.7603E+7,2.8851E+7,2.4899E+7,3.3057E+7,4.5701E+7,8.0023E+7,2.2492E+7,3.8880E+7,4.3861E+7,2.8628E+7,1.1855E+7
KQLATKAAR,XP_005463512.2,NA,K[+99]QLATK[+56]AAR,#N/A,#N/A,39.35,NA,5.7801E+5,6.5904E+6,2.9833E+6,5.2885E+5,3.9784E+5,1.9024E+6,3.5936E+6,5.8973E+6,1.0097E+6,2.1351E+6,7.4614E+6,5.8149E+5,3.7619E+6,9.1489E+5,1.9914E+6,2.0001E+6,5.2520E+5,7.4190E+4
KQLATKAAR,XP_005463512.2,NA,K[+99]QLATK[+42]AAR,#N/A,#N/A,36.26,NA,1.7554E+5,1.6985E+6,1.0079E+6,2.3569E+5,1.6625E+5,8.3995E+5,9.7185E+5,1.6121E+6,4.6085E+5,8.0360E+5,1.7868E+6,3.7526E+5,1.1508E+6,3.3589E+5,7.7718E+5,6.6359E+5,3.4137E+5,8.4745E+4
KQLATKAAR,XP_005463512.2,NA,K[+99]QLATK[+43]AAR,#N/A,#N/A,36.23,NA,1.1797E+5,1.0251E+6,7.1233E+5,1.5043E+5,1.1247E+5,6.1360E+5,5.9676E+5,1.0850E+6,4.1413E+5,5.0761E+5,1.0429E+6,5.2179E+5,7.8139E+5,2.2508E+5,6.2414E+5,4.4983E+5,3.3177E+5,1.0492E+5
KQLATKAAR,XP_005463512.2,NA,K[+56]Q[+1]LATK[+56]AAR,#N/A,#N/A,26.72,NA,2.3548E+5,1.9254E+6,1.4975E+6,3.3166E+5,1.5646E+5,1.3474E+6,3.7886E+6,1.8828E+6,8.2021E+5,7.4228E+5,7.3705E+5,1.0098E+6,2.1818E+6,6.2536E+5,1.2993E+6,1.1814E+6,7.2498E+5,2.0006E+5
KQLATKAAR,XP_005463512.2,NA,K[+43]QLAT[+80]K[+56]AAR,#N/A,#N/A,51.22,NA,5.2617E+6,1.6912E+7,1.5659E+7,8.2850E+6,1.8109E+6,1.3386E+7,2.0582E+7,1.6842E+7,9.7902E+6,1.5960E+7,2.0489E+7,9.1462E+6,1.4186E+7,2.2952E+6,1.1072E+7,1.2227E+7,6.8759E+6,2.6801E+5
KSAPATGGVKKPHR,XP_005463512.2,NA,KSAPAT[+114]GGVKKPHR,#N/A,#N/A,17.58,NA,2.6038E+4,3.4501E+6,4.1926E+6,3.3678E+4,6.2038E+3,4.7453E+6,9.7215E+6,4.7038E+6,3.0378E+6,1.1362E+6,6.3681E+5,4.1989E+6,6.2032E+6,5.8937E+4,2.1244E+6,4.0982E+6,2.9805E+6,1.4192E+4
KSAPATGGVKKPHR,XP_005463512.2,NA,K[+56]SAPATGGVK[+56]KPHR,#N/A,#N/A,16.93,NA,2.6008E+4,2.6140E+5,5.4960E+5,1.1767E+4,6.4107E+2,7.4180E+5,6.3584E+5,2.9576E+5,6.0786E+5,2.2785E+5,1.3521E+5,2.9225E+5,3.7404E+5,6.4301E+3,2.6771E+5,5.9970E+5,4.2167E+5,1.9067E+3
NA,NA,NA,NA,NA,NA,NA,NA,NA,NA,NA,NA,NA,NA,NA,NA,NA,NA,NA,NA,NA,NA,NA,NA,NA,NA
KSAPATGGVKKPHR,XP_005463512.2,NA,K[+56]SAPATGGVKK[+28]PHR,#N/A,#N/A,9.63,NA,0.0000E+0,2.1057E+2,7.8057E+3,0.0000E+0,0.0000E+0,7.8372E+3,3.1686E+3,1.1311E+3,4.7214E+3,4.3820E+2,0.0000E+0,3.0303E+3,2.5742E+3,0.0000E+0,8.7654E+2,3.9726E+3,3.2835E+3,0.0000E+0
KSAPATGGVKKPHR,XP_005463512.2,NA,K[+56]SAPATGGVKKPHR[+28],#N/A,#N/A,9.64,NA,0.0000E+0,7.5261E+2,3.6643E+2,0.0000E+0,0.0000E+0,1.3940E+3,5.9581E+2,1.8589E+2,1.7896E+3,4.9705E+2,5.4728E+2,9.7898E+2,6.0347E+2,0.0000E+0,8.2093E+2,9.0008E+2,1.4631E+3,2.2152E+2
KSAPATGGVKKPHR,XP_005463512.2,NA,K[+28]SAPAT[+114]GGVKKPHR,#N/A,#N/A,17.63,NA,0.0000E+0,1.0049E+5,1.6195E+5,0.0000E+0,0.0000E+0,1.4349E+5,3.6519E+5,1.4989E+5,1.0034E+5,2.7525E+4,1.0850E+4,1.1703E+5,1.9579E+5,6.2347E+2,4.5434E+4,1.0967E+5,9.7557E+4,6.7126E+1
KSAPATGGVKKPHR,XP_005463512.2,NA,K[+28]SAPATGGVK[+114]KPHR,#N/A,#N/A,17.66,NA,6.1357E+2,2.7861E+5,4.2547E+5,1.1319E+3,0.0000E+0,4.1575E+5,1.0203E+6,4.0750E+5,2.5742E+5,3.5371E+4,1.1280E+4,3.5673E+5,6.1361E+5,8.2789E+2,1.1457E+5,3.3551E+5,2.6032E+5,8.5541E+2
KSAPATGGVKKPHR,XP_005463512.2,NA,K[+28]SAPATGGVKK[+114]PHR,#N/A,#N/A,17.58,NA,4.8102E+4,7.7973E+6,9.0410E+6,2.2637E+5,7.0091E+4,1.0462E+7,1.8447E+7,9.8280E+6,5.7141E+6,3.4473E+6,2.2052E+6,9.0087E+6,1.3212E+7,3.5471E+5,4.1475E+6,8.5634E+6,5.9812E+6,3.4100E+4
KSAPATGGVKKPHR,XP_005463512.2,NA,K[+14]SAPAT[+114]GGVKKPHR,#N/A,#N/A,17.58,NA,2.5358E+4,3.6617E+6,4.8898E+6,2.8369E+4,7.5059E+3,5.2328E+6,9.7652E+6,4.9642E+6,3.1121E+6,1.2046E+6,6.8550E+5,4.7068E+6,6.7910E+6,6.9497E+4,2.1461E+6,4.1577E+6,3.2951E+6,1.8014E+4
KSAPATGGVKKPHR,XP_005463512.2,NA,K[+71]SAPATGGVK[+56]KPHR,#N/A,#N/A,16.94,NA,3.6714E+3,1.5048E+5,4.0243E+5,1.1235E+4,3.9764E+3,6.3525E+5,4.4992E+5,1.7945E+5,3.9314E+5,2.3186E+5,1.4044E+5,2.5025E+5,2.5714E+5,3.8240E+3,1.7285E+5,4.3947E+5,3.3753E+5,8.4648E+2
NA,NA,NA,NA,NA,NA,NA,NA,NA,NA,NA,NA,NA,NA,NA,NA,NA,NA,NA,NA,NA,NA,NA,NA,NA,NA
KSAPATGGVKKPHR,XP_005463512.2,NA,K[+57]SAPATGGVK[+56]KPHR,#N/A,#N/A,16.94,NA,4.5698E+4,1.1653E+6,2.5253E+6,4.8752E+4,5.4726E+3,3.3180E+6,2.7296E+6,1.2841E+6,2.7449E+6,9.4141E+5,4.7728E+5,1.6388E+6,1.8210E+6,3.7761E+4,1.3300E+6,2.7679E+6,2.0040E+6,7.0475E+4
KSAPATGGVKKPHR,XP_005463512.2,NA,K[+57]SAPATGGVKK[+28]PHR,#N/A,#N/A,16.64,NA,7.4164E+2,4.5134E+3,3.0242E+4,9.3324E+2,1.2488E+3,3.2927E+4,4.7203E+4,9.3819E+3,8.4755E+3,3.7173E+3,2.8754E+3,2.9520E+4,4.0228E+4,8.7018E+2,5.8138E+3,2.1985E+4,9.7522E+3,2.2499E+3
KSAPATGGVKKPHR,XP_005463512.2,NA,K[+70]SAPATGGVK[+56]KPHR,#N/A,#N/A,16.95,NA,5.4660E+2,3.7624E+4,9.0660E+4,3.4283E+2,0.0000E+0,1.4204E+5,1.0590E+5,4.3753E+4,9.9032E+4,2.7345E+4,1.9176E+4,5.0376E+4,6.2956E+4,0.0000E+0,4.0699E+4,1.0793E+5,7.4351E+4,4.8098E+2
KSAPATGGVKKPHR,XP_005463512.2,NA,K[+70]SAPATGGVK[+114]KPHR,#N/A,#N/A,22,NA,8.4256E+2,1.4570E+4,2.7032E+4,3.3495E+2,6.4240E+2,2.3908E+4,2.1087E+4,2.8235E+4,2.0531E+4,4.9709E+3,2.6156E+3,3.1856E+4,2.0976E+4,1.0989E+3,1.4098E+4,1.5748E+4,2.0161E+4,0.0000E+0
KSAPATGGVKKPHR,XP_005463512.2,NA,K[+70]SAPATGGVK[+28]KPHR,#N/A,#N/A,16.79,NA,7.4161E+2,8.0080E+3,2.7217E+4,1.6778E+3,2.2057E+3,4.2766E+4,3.9175E+4,1.3688E+4,9.6999E+3,3.9789E+3,2.7521E+3,4.0888E+4,3.3307E+4,2.3540E+3,1.0799E+4,2.2325E+4,1.6251E+4,3.0108E+3
KSAPATGGVKKPHR,XP_005463512.2,NA,KS[+56]APATGGVK[+56]KPHR,#N/A,#N/A,16.93,NA,2.7964E+2,4.4265E+4,1.0932E+5,1.5415E+3,6.4744E+2,1.6563E+5,1.3144E+5,5.9944E+4,1.2845E+5,4.8059E+4,2.0274E+4,6.8365E+4,7.5324E+4,5.3492E+2,5.3334E+4,1.3877E+5,8.4291E+4,0.0000E+0
KSAPATGGVKKPHR,XP_005463512.2,NA,KS[+56]APATGGVK[+28]KPHR,#N/A,#N/A,9.79,NA,6.0317E+2,0.0000E+0,8.4886E+2,0.0000E+0,0.0000E+0,2.4805E+3,3.3433E+3,0.0000E+0,9.0449E+2,0.0000E+0,0.0000E+0,1.8898E+3,4.7666E+2,0.0000E+0,8.3880E+2,2.7754E+3,1.9158E+3,0.0000E+0
KSAPATGGVKKPHR,XP_005463512.2,NA,KS[+114]APATGGVKK[+56]PHR,#N/A,#N/A,17.57,NA,4.0502E+4,6.0239E+6,6.6038E+6,1.4302E+5,1.4600E+4,8.7143E+6,1.1704E+7,7.8635E+6,4.3989E+6,2.8465E+6,1.4770E+6,7.1716E+6,9.5319E+6,1.6809E+5,3.2386E+6,5.8382E+6,4.8187E+6,3.3327E+4
KSAPATGGVKKPHR,XP_005463512.2,NA,KSAPATGGVK[+56]K[+56]PHR,#N/A,#N/A,17.58,NA,3.1882E+4,7.3648E+6,9.5420E+6,3.8261E+4,8.2692E+3,9.7307E+6,2.0812E+7,9.7427E+6,6.0402E+6,2.0869E+6,1.1131E+6,8.8692E+6,1.3705E+7,1.1061E+5,3.9943E+6,8.9071E+6,6.2197E+6,1.1445E+4
KSAPATGGVKKPHR,XP_005463512.2,NA,KSAPATGGVK[+28]K[+56]PHR,#N/A,#N/A,9.77,NA,0.0000E+0,8.4775E+3,6.6759E+4,0.0000E+0,2.8800E+2,1.0106E+5,7.1751E+3,2.7141E+4,4.1524E+4,0.0000E+0,0.0000E+0,1.0287E+4,6.2216E+2,0.0000E+0,1.2098E+4,6.0588E+4,3.3071E+4,0.0000E+0
KSAPATGGVKKPHR,XP_005463512.2,NA,K[+56]SAPAT[+114]GGVK[+14]KPHR,#N/A,#N/A,26.18,NA,2.9092E+3,4.1695E+4,4.1593E+4,6.7606E+3,1.0288E+3,7.5803E+4,1.1130E+5,4.2814E+4,3.0643E+4,1.7315E+4,1.8237E+4,8.2523E+4,5.7311E+4,5.0531E+3,3.0712E+4,4.3088E+4,5.0645E+4,5.0245E+3
NA,NA,NA,NA,NA,NA,NA,NA,NA,NA,NA,NA,NA,NA,NA,NA,NA,NA,NA,NA,NA,NA,NA,NA,NA,NA
KSAPATGGVKKPHR,XP_005463512.2,NA,K[+112.1]S[+56]APATGGVKK[+56]PHR,#N/A,#N/A,23.63,NA,2.4499E+5,2.6740E+6,3.5099E+6,3.3985E+5,7.1632E+4,3.5479E+6,5.1040E+6,3.4636E+6,2.6494E+6,2.8210E+6,2.3109E+6,2.0682E+6,2.5827E+6,1.1751E+5,1.5883E+6,3.4299E+6,2.1356E+6,1.1769E+4
KSAPATGGVKKPHR,XP_005463512.2,NA,K[+112.1]SAPATGGVK[+56]K[+56]PHR,#N/A,#N/A,36.27,NA,1.5940E+5,1.2737E+6,1.6534E+6,2.2605E+5,4.4579E+4,1.6478E+6,2.5780E+6,1.1542E+6,1.0198E+6,1.1330E+6,2.0823E+6,1.0064E+6,1.2809E+6,4.9764E+4,5.6327E+5,1.6165E+6,9.6957E+5,1.6307E+4
KSAPATGGVKKPHR,XP_005463512.2,NA,K[+28]S[+56]APATGGVK[+56]KPHR,#N/A,#N/A,16.94,NA,6.8571E+4,1.9809E+6,4.2460E+6,5.4277E+4,9.2951E+3,5.5006E+6,4.6258E+6,2.2360E+6,4.4225E+6,1.8001E+6,9.4639E+5,2.6889E+6,2.9500E+6,3.0691E+4,2.0819E+6,4.4639E+6,3.1118E+6,1.6438E+4
KSAPATGGVKKPHR,XP_005463512.2,NA,K[+28]S[+56]APATGGVK[+114]KPHR,#N/A,#N/A,23.68,NA,6.0104E+6,3.1874E+7,4.3930E+7,7.5003E+6,2.6237E+6,4.6918E+7,5.9461E+7,4.1071E+7,3.5966E+7,3.3866E+7,2.9845E+7,2.8524E+7,3.0643E+7,2.9374E+6,2.1317E+7,4.0082E+7,3.0400E+7,4.6133E+5
KSAPATGGVKKPHR,XP_005463512.2,NA,K[+28]S[+56]APATGGVK[+28]KPHR,#N/A,#N/A,16.93,NA,7.4281E+4,5.0484E+5,1.0057E+6,6.5219E+4,9.0741E+3,1.2684E+6,1.2093E+6,5.4778E+5,1.0298E+6,4.1058E+5,2.1431E+5,5.7738E+5,6.6159E+5,2.3405E+4,4.5681E+5,1.1066E+6,6.9115E+5,2.4110E+4
KSAPATGGVKKPHR,XP_005463512.2,NA,K[+28]S[+80]APATGGVK[+56]KPHR,#N/A,#N/A,16.96,NA,6.5447E+3,7.0653E+5,1.4987E+6,1.1249E+4,6.7758E+2,1.8331E+6,1.5597E+6,9.5118E+5,1.4153E+6,8.8095E+5,4.4451E+5,8.4349E+5,1.0593E+6,5.7677E+3,6.4654E+5,1.6314E+6,1.0200E+6,1.2663E+3
KSAPATGGVKKPHR,XP_005463512.2,NA,K[+28]SAPAT[+114]GGVK[+42]KPHR,#N/A,#N/A,17.52,NA,6.2388E+3,1.8949E+5,2.2925E+5,1.0349E+4,1.0463E+3,2.0378E+5,3.7870E+5,2.2297E+5,1.0840E+5,1.5017E+5,1.0984E+5,1.3861E+5,2.6626E+5,8.4227E+3,7.9737E+4,1.9636E+5,1.6693E+5,1.0599E+4
KSAPATGGVKKPHR,XP_005463512.2,NA,K[+28]SAPAT[-18]GGVK[+114]KPHR,#N/A,#N/A,17.58,NA,3.7580E+4,7.4087E+6,9.4395E+6,6.1676E+4,1.4691E+4,9.8473E+6,2.0115E+7,9.9992E+6,6.0071E+6,2.3970E+6,1.3330E+6,8.9692E+6,1.3501E+7,1.2167E+5,3.8312E+6,8.5594E+6,6.1861E+6,3.2078E+4
KSAPATGGVKKPHR,XP_005463512.2,NA,K[+28]SAPAT[+80]GGVK[+56]KPHR,#N/A,#N/A,17.56,NA,5.7028E+4,7.0883E+6,9.2565E+6,2.1693E+5,1.7928E+4,9.5897E+6,1.6702E+7,1.0224E+7,6.1723E+6,3.6844E+6,1.9619E+6,8.2547E+6,1.1450E+7,2.5738E+5,4.1642E+6,7.6562E+6,5.2972E+6,5.1679E+4
KSAPATGGVKKPHR,XP_005463512.2,NA,K[+72]S[-18]APATGGVK[+56]KPHR,#N/A,#N/A,16.94,NA,6.3385E+4,1.7075E+6,3.6816E+6,7.3032E+4,9.9167E+3,4.6640E+6,3.7726E+6,1.8817E+6,3.7839E+6,1.4277E+6,7.8531E+5,2.3693E+6,2.5655E+6,4.9738E+4,1.8641E+6,3.8313E+6,2.8573E+6,8.8703E+4
KSAPATGGVKKPHR,XP_005463512.2,NA,K[+42]S[+56]APATGGVK[+114]KPHR,#N/A,#N/A,23.63,NA,4.3261E+5,3.7073E+6,4.9442E+6,5.9749E+5,7.0159E+4,4.7753E+6,7.0322E+6,4.8802E+6,4.5547E+6,4.0853E+6,2.9569E+6,2.9834E+6,3.3648E+6,1.4635E+5,2.5043E+6,4.3933E+6,2.8625E+6,2.3184E+4
KSAPATGGVKKPHR,XP_005463512.2,NA,K[+14]S[+56]APATGGVK[+56]KPHR,#N/A,#N/A,16.94,NA,1.9231E+4,6.8789E+5,1.4354E+6,2.6960E+4,5.1791E+3,1.7986E+6,1.4517E+6,7.7627E+5,1.4250E+6,6.4603E+5,3.6158E+5,9.4513E+5,1.0298E+6,1.7852E+4,7.1878E+5,1.4394E+6,1.1091E+6,1.7934E+4
KSAPATGGVKKPHR,XP_005463512.2,NA,K[+16]SAP[+32]ATGGVK[+56]KPHR,#N/A,#N/A,16.94,NA,6.3676E+4,1.8134E+6,3.9111E+6,7.5238E+4,1.0148E+4,4.9430E+6,4.0407E+6,1.9980E+6,4.0235E+6,1.5850E+6,8.2181E+5,2.5583E+6,2.7302E+6,5.5614E+4,2.0754E+6,4.1271E+6,3.0355E+6,8.8222E+4
KSAPATGGVKKPHR,XP_005463512.2,NA,K[+32]S[-18]APAT[+114]GGVKKPHR,#N/A,#N/A,16.93,NA,2.8399E+4,2.9549E+5,6.3359E+5,1.2896E+4,1.1385E+3,8.0436E+5,7.0682E+5,3.2271E+5,6.7496E+5,2.7659E+5,1.4884E+5,3.3543E+5,4.3254E+5,6.3654E+3,2.9462E+5,6.7306E+5,4.3294E+5,2.0222E+3
KSAPATGGVKKPHR,XP_005463512.2,NA,K[+32]S[-18]APATGGVK[+114]KPHR,#N/A,#N/A,17.58,NA,2.4326E+4,3.8050E+6,4.9669E+6,3.6872E+4,6.3706E+3,5.1083E+6,1.0466E+7,5.0514E+6,3.1963E+6,1.1612E+6,6.3011E+5,4.5794E+6,6.6122E+6,6.9499E+4,2.1959E+6,4.5170E+6,3.1602E+6,1.4814E+4
KSAPATGGVKKPHR,XP_005463512.2,NA,K[+32]SAP[+32]ATGGVK[+56]KPHR,#N/A,#N/A,16.94,NA,4.5848E+4,1.1615E+6,2.5192E+6,4.7684E+4,5.1794E+3,3.3547E+6,2.7186E+6,1.2796E+6,2.7283E+6,9.2570E+5,4.7402E+5,1.6303E+6,1.8250E+6,3.7226E+4,1.3216E+6,2.7547E+6,2.0030E+6,7.0475E+4
NA,NA,NA,NA,NA,NA,NA,NA,NA,NA,NA,NA,NA,NA,NA,NA,NA,NA,NA,NA,NA,NA,NA,NA,NA,NA
KSAPATGGVKKPHR,XP_005463512.2,NA,KS[+114]APAT[-18]GGVK[+56]KPHR,#N/A,#N/A,16.93,NA,3.6127E+4,2.4034E+6,4.7218E+6,8.4076E+4,1.6185E+4,6.0985E+6,4.9523E+6,3.0713E+6,4.5194E+6,3.1622E+6,1.8022E+6,2.8986E+6,3.4863E+6,2.8616E+4,2.2409E+6,5.0522E+6,3.3671E+6,1.0697E+4
YRPGTVALR,XP_005463512.2,NA,YRPGTVALR,#N/A,#N/A,19.26,NA,1.9520E+6,2.2915E+7,3.1014E+7,3.0626E+6,2.2889E+6,5.3376E+7,3.2465E+7,2.6002E+7,1.7399E+7,1.1278E+7,9.8461E+6,3.8735E+7,2.6291E+7,4.9570E+6,1.4653E+7,3.7205E+7,3.5105E+7,3.6551E+6
YRPGTVALR,XP_005463512.2,NA,Y[+56]RPGTVALR,#N/A,#N/A,34.49,NA,1.0069E+7,3.0953E+7,4.0764E+7,1.7440E+7,1.1729E+7,4.8461E+7,3.2265E+7,3.2399E+7,2.9779E+7,3.8665E+7,4.0259E+7,3.0044E+7,2.3839E+7,6.5439E+6,2.5174E+7,3.7736E+7,3.1929E+7,7.4848E+6
YRPGTVALR,XP_005463512.2,NA,Y[+43]RPGTVALR,#N/A,#N/A,30.17,NA,6.9776E+5,9.4008E+6,7.0613E+6,5.2679E+5,5.4147E+5,7.9292E+6,3.3306E+6,9.1734E+6,2.7024E+6,5.2463E+6,1.4024E+7,1.8456E+6,3.7147E+6,8.0315E+5,3.5216E+6,5.8465E+6,2.1794E+6,1.7569E+5
YRPGTVALR,XP_005463512.2,NA,Y[+57]RPGTVALR,#N/A,#N/A,34.49,NA,2.6232E+7,7.5836E+7,1.0168E+8,4.0904E+7,2.6304E+7,1.1605E+8,7.7431E+7,7.9562E+7,7.0642E+7,9.7145E+7,1.0176E+8,7.1786E+7,5.5803E+7,1.5618E+7,5.9353E+7,9.0299E+7,7.6265E+7,1.7433E+7
YRPGTVALR,XP_005463512.2,NA,Y[+43]R[+16]PGTVALR,#N/A,#N/A,29.3,NA,2.0674E+4,2.0358E+5,1.6312E+5,3.8021E+4,1.6235E+4,2.1053E+5,3.0123E+5,2.3833E+5,1.0869E+5,1.0850E+5,1.0359E+5,2.2667E+5,2.5858E+5,4.8205E+4,1.0789E+5,1.8576E+5,1.4253E+5,1.4299E+4
YRPGTVALR,XP_005463512.2,NA,Y[-18]R[+42]P[+32]GTVALR,#N/A,#N/A,34.49,NA,3.8545E+6,1.1676E+7,1.5503E+7,6.8236E+6,4.5653E+6,1.7709E+7,1.2581E+7,1.1776E+7,1.1636E+7,1.4848E+7,1.5014E+7,1.1548E+7,9.4508E+6,2.4071E+6,9.7294E+6,1.4387E+7,1.2300E+7,2.8036E+6
YRPGTVALREIR,XP_005463512.2,NA,Y[+43]RPGTVALREIR,#N/A,#N/A,33.55,NA,7.8284E+3,4.4865E+4,9.7662E+4,1.8506E+4,5.0422E+3,7.8515E+4,6.7570E+4,5.7782E+4,9.3701E+4,5.1631E+4,3.5137E+4,6.3559E+4,4.4950E+4,6.0499E+3,9.0510E+4,6.0546E+4,8.0465E+4,1.4273E+4
RYQKSTELLIR,XP_005463512.2,NA,R[+56]YQKSTELLIR,#N/A,#N/A,34.86,NA,2.0708E+3,6.1264E+5,2.5191E+5,2.9235E+4,4.7316E+3,2.0783E+5,7.9706E+5,2.6355E+5,1.1265E+5,1.1837E+5,1.3811E+5,1.7099E+5,1.7298E+5,7.8737E+3,7.1197E+4,2.6955E+5,1.6576E+5,1.2448E+3
RYQKSTELLIR,XP_005463512.2,NA,R[+57]YQKSTELLIR,#N/A,#N/A,34.84,NA,1.1300E+4,5.5084E+6,2.2017E+6,2.4479E+5,2.7448E+4,1.6060E+6,6.5599E+6,2.4733E+6,9.9434E+5,1.1471E+6,1.2634E+6,1.5952E+6,1.6853E+6,7.1209E+4,4.8464E+5,2.2725E+6,1.3132E+6,7.1174E+3
RYQKSTELLIR,XP_005463512.2,NA,RYQK[+56]STELLIR,#N/A,#N/A,34.84,NA,2.3131E+3,1.0778E+6,4.4756E+5,5.4071E+4,5.0235E+3,3.1492E+5,1.2207E+6,5.0612E+5,2.0859E+5,2.3221E+5,2.6199E+5,3.2634E+5,3.3332E+5,1.7249E+4,1.0703E+5,4.5360E+5,2.4913E+5,5.8777E+2
RYQKSTELLIR,XP_005463512.2,NA,RYQK[+43]STELLIR,#N/A,#N/A,29.5,NA,6.4351E+3,4.6520E+4,7.2321E+4,9.5751E+3,6.1193E+3,1.2906E+5,5.1000E+4,3.1991E+4,3.1639E+4,3.4846E+4,2.0182E+4,8.3666E+4,8.2909E+4,1.2715E+4,4.4002E+4,8.9692E+4,7.1046E+4,2.0432E+4
RYQKSTELLIR,XP_005463512.2,NA,RYQKS[+56]TELLIR,#N/A,#N/A,34.88,NA,2.8650E+3,3.1823E+6,1.1804E+6,2.0114E+4,2.1175E+3,1.0936E+6,3.4889E+6,1.4322E+6,9.4993E+5,5.1099E+5,7.8311E+5,1.2392E+6,2.0755E+6,3.8929E+3,8.8834E+5,8.8803E+5,7.1353E+5,7.6276E+2
RYQKSTELLIR,XP_005463512.2,NA,R[+56]YQK[+56]STELLIR,#N/A,#N/A,48.15,NA,8.3664E+2,2.3108E+5,1.2374E+5,6.5829E+3,9.4961E+2,9.8368E+4,1.9984E+5,1.1758E+5,8.0705E+4,1.2041E+5,4.2517E+5,6.4051E+4,6.4352E+4,3.5579E+2,7.6211E+4,8.9406E+4,6.0637E+4,0.0000E+0
RYQKSTELLIR,XP_005463512.2,NA,R[+56]YQKS[+56]TELLIR,#N/A,#N/A,48.16,NA,8.1871E+2,1.1378E+5,4.9665E+4,2.7583E+3,4.2419E+2,4.1970E+4,9.2682E+4,7.2088E+4,2.5409E+4,4.6088E+4,1.8459E+5,3.0235E+4,3.1304E+4,0.0000E+0,3.2039E+4,3.3970E+4,2.9187E+4,0.0000E+0
RYQKSTELLIR,XP_005463512.2,NA,R[+43]YQK[+56]STELLIR,#N/A,#N/A,45.68,NA,3.3653E+3,2.6365E+5,1.5383E+5,1.4045E+4,1.1301E+3,1.3084E+5,1.0146E+5,1.0901E+5,9.2884E+4,5.9792E+4,3.1648E+5,8.7354E+4,6.6994E+4,5.0814E+3,6.2551E+4,9.2412E+4,8.5565E+4,3.5114E+3
RYQKSTELLIR,XP_005463512.2,NA,R[+56]YQ[+1]K[+42]STELLIR,#N/A,#N/A,45.75,NA,7.2912E+3,2.2025E+5,1.0984E+5,8.8441E+3,1.6614E+3,1.4275E+5,1.2969E+5,9.2275E+4,8.1699E+4,5.9507E+4,3.3341E+5,1.2071E+5,6.6798E+4,5.7347E+3,9.4941E+4,5.3640E+4,1.0386E+5,5.5222E+3
RYQKSTELLIR,XP_005463512.2,NA,R[+56]YQK[+72]S[-18]TELLIR,#N/A,#N/A,48.12,NA,7.2450E+3,1.2491E+6,4.4757E+5,5.0144E+4,7.6757E+3,3.2248E+5,1.3086E+6,6.1816E+5,3.9721E+5,6.0135E+5,1.9359E+6,2.0179E+5,3.6246E+5,6.8093E+3,3.9927E+5,3.9345E+5,2.4178E+5,3.1067E+3
YQKSTELLIR,XP_005463512.2,NA,Y[+56]QKSTELLIR,#N/A,#N/A,43.24,NA,6.8658E+3,1.6666E+5,1.0108E+5,1.3330E+4,2.8976E+3,5.9651E+4,1.2306E+5,1.3030E+5,8.9678E+4,5.0463E+4,1.0539E+4,8.7424E+4,9.4093E+4,1.4622E+4,5.3379E+4,5.3149E+4,5.7444E+4,3.8862E+3
YQKSTELLIR,XP_005463512.2,NA,Y[+57]QKSTELLIR,#N/A,#N/A,23.92,NA,3.8305E+3,6.5219E+4,2.5546E+5,2.3360E+4,9.5944E+3,3.2167E+5,5.7859E+4,5.6123E+4,1.0784E+5,1.0556E+5,4.8343E+4,1.1819E+5,1.0419E+5,1.1392E+4,1.0241E+5,2.8611E+5,1.6442E+5,1.4461E+3
YQKSTELLIR,XP_005463512.2,NA,YQK[+56]STELLIR,#N/A,#N/A,43.14,NA,8.4861E+5,2.8907E+7,2.3882E+7,3.7552E+6,4.4075E+5,2.8597E+7,3.2670E+7,3.2219E+7,1.6848E+7,1.3127E+7,1.6081E+7,2.4405E+7,2.6574E+7,2.5293E+6,1.3833E+7,2.9711E+7,2.0867E+7,5.5266E+4
YQKSTELLIR,XP_005463512.2,NA,YQKS[+56]TELLIR,#N/A,#N/A,43.14,NA,9.5318E+2,2.2759E+4,1.4162E+4,1.5499E+3,2.6862E+2,9.7411E+3,1.8513E+4,2.1515E+4,1.3213E+4,6.4450E+3,2.8376E+3,1.5804E+4,1.8430E+4,1.5843E+3,8.0562E+3,8.3041E+3,8.8175E+3,0.0000E+0
YQKSTELLIR,XP_005463512.2,NA,Y[+56]QK[+56]STELLIR,#N/A,#N/A,63.58,NA,1.0717E+6,2.2348E+7,2.6376E+7,1.5951E+6,2.4844E+5,2.9750E+7,2.9091E+7,2.9053E+7,2.1362E+7,1.5087E+7,4.2186E+7,1.8651E+7,1.8458E+7,1.8687E+5,1.5656E+7,2.6003E+7,1.7943E+7,4.1986E+4
YQKSTELLIR,XP_005463512.2,NA,Y[+43]QK[+56]STELLIR,#N/A,#N/A,59.55,NA,1.5338E+4,6.3448E+5,4.3323E+5,1.6287E+4,4.5572E+4,5.6583E+5,3.0478E+5,8.7432E+5,2.6158E+5,2.2776E+5,1.8713E+6,1.2637E+5,3.5180E+5,9.7944E+3,2.3564E+5,5.3622E+5,1.6433E+5,3.2548E+4
YQKSTELLIR,XP_005463512.2,NA,Y[+57]QK[+56]STELLIR,#N/A,#N/A,59.55,NA,1.5416E+4,6.7668E+5,4.6269E+5,1.4653E+4,5.2862E+4,5.6158E+5,2.7739E+5,8.8827E+5,2.6156E+5,2.1569E+5,1.9225E+6,1.3005E+5,3.7301E+5,8.9150E+3,2.2463E+5,5.4143E+5,1.6151E+5,3.6291E+4
YQKSTELLIR,XP_005463512.2,NA,Y[-18]QK[+56]STELLIR,#N/A,#N/A,37.18,NA,4.2619E+3,2.9710E+3,4.5547E+3,5.5492E+3,1.4730E+3,6.3328E+3,6.1309E+3,8.4439E+3,8.6979E+3,6.6134E+3,3.7944E+3,6.8609E+3,5.1324E+3,3.8159E+3,5.4233E+3,8.6548E+3,1.3271E+4,1.1560E+3
YQKSTELLIR,XP_005463512.2,NA,YQ[+1]K[+56]STELLIR,#N/A,#N/A,43.14,NA,7.0384E+5,2.5313E+7,2.1054E+7,3.2739E+6,3.7571E+5,2.5153E+7,2.8671E+7,2.7976E+7,1.4905E+7,1.1476E+7,1.3991E+7,2.1666E+7,2.3204E+7,2.1394E+6,1.1963E+7,2.5651E+7,1.8188E+7,4.6030E+4
NA,NA,NA,NA,NA,NA,NA,NA,NA,NA,NA,NA,NA,NA,NA,NA,NA,NA,NA,NA,NA,NA,NA,NA,NA,NA
NA,NA,NA,NA,NA,NA,NA,NA,NA,NA,NA,NA,NA,NA,NA,NA,NA,NA,NA,NA,NA,NA,NA,NA,NA,NA
YQKSTELLIR,XP_005463512.2,NA,Y[+56]QK[+14]S[+80]TELLIR,#N/A,#N/A,63.63,NA,6.2322E+2,1.3281E+4,1.2147E+4,1.6900E+3,0.0000E+0,2.0839E+4,1.7223E+4,2.3467E+4,1.0681E+4,1.5511E+4,4.9235E+4,8.0528E+3,7.8582E+3,3.0312E+2,9.6133E+3,1.8503E+4,8.5147E+3,0.0000E+0
YQKSTELLIR,XP_005463512.2,NA,Y[+56]QK[+14]ST[+80]ELLIR,#N/A,#N/A,63.64,NA,0.0000E+0,8.6035E+3,1.0667E+4,5.1004E+2,3.2529E+2,1.1389E+4,5.8131E+3,1.3594E+4,6.5094E+3,1.0835E+4,5.8560E+4,3.2617E+3,8.9446E+2,1.3901E+2,3.0889E+3,1.2473E+4,5.5131E+3,0.0000E+0
YQKSTELLIR,XP_005463512.2,NA,Y[+43]QK[+42]S[+80]TELLIR,#N/A,#N/A,63.59,NA,2.8218E+4,5.5012E+5,4.5640E+5,7.1578E+4,8.9373E+3,6.4734E+5,5.4836E+5,6.0401E+5,4.8055E+5,5.5311E+5,1.6017E+6,3.1553E+5,2.3400E+5,5.9417E+3,2.8230E+5,6.5805E+5,3.4748E+5,2.1860E+3
EIAQDFKTDLR,XP_005463512.2,NA,E[+43]IAQDFKTDLR,#N/A,#N/A,47.89,NA,1.4343E+4,5.4992E+4,6.1933E+4,1.2767E+4,2.0584E+3,9.0358E+4,8.7699E+4,6.5758E+4,4.5492E+4,5.1834E+4,6.1914E+4,7.0087E+4,7.1273E+4,7.6441E+3,4.3358E+4,6.1111E+4,5.2068E+4,1.5919E+3
EIAQDFKTDLR,XP_005463512.2,NA,EIAQD[+57]FKTDLR,#N/A,#N/A,47.96,NA,2.7064E+6,1.0783E+7,6.8263E+6,2.3609E+6,2.9858E+5,9.2103E+6,1.4017E+7,1.0018E+7,6.1236E+6,6.4476E+6,8.8421E+6,7.9093E+6,8.5494E+6,1.7940E+6,4.7221E+6,9.9468E+6,6.0004E+6,9.5114E+4
EIAQDFKTDLR,XP_005463512.2,NA,EIAQDFK[+56]TDLR,#N/A,#N/A,47.96,NA,9.1925E+5,3.7157E+6,2.5083E+6,8.3371E+5,1.0132E+5,3.3321E+6,5.0309E+6,3.7947E+6,2.2222E+6,2.4326E+6,3.2332E+6,2.8149E+6,3.0426E+6,6.6514E+5,1.6796E+6,3.5056E+6,2.0620E+6,2.6223E+4
EIAQDFKTDLR,XP_005463512.2,NA,EIAQDFK[+28]TDLR,#N/A,#N/A,32.73,NA,2.0028E+5,1.4618E+6,1.9952E+6,2.7565E+5,9.3078E+4,1.8588E+6,2.3558E+6,1.4671E+6,1.2401E+6,8.7911E+5,8.9663E+5,1.4678E+6,1.9539E+6,2.1532E+5,1.0063E+6,1.7551E+6,1.0424E+6,5.7803E+4
EIAQDFKTDLR,XP_005463512.2,NA,EIAQDFK[+14]TDLR,#N/A,#N/A,32.64,NA,2.2565E+5,1.9763E+6,3.5691E+6,3.7169E+5,1.5048E+5,4.6043E+6,2.8950E+6,1.8147E+6,1.9312E+6,1.3983E+6,1.2344E+6,3.0671E+6,3.3503E+6,2.2843E+5,2.0112E+6,3.1713E+6,2.4826E+6,1.0951E+5
NA,NA,NA,NA,NA,NA,NA,NA,NA,NA,NA,NA,NA,NA,NA,NA,NA,NA,NA,NA,NA,NA,NA,NA,NA,NA
EIAQDFKTDLR,XP_005463512.2,NA,EIAQDFKTD[+57]LR,#N/A,#N/A,47.96,NA,8.5537E+5,4.3232E+6,2.8954E+6,8.6276E+5,8.0257E+4,3.8017E+6,5.8854E+6,4.0999E+6,2.5250E+6,2.7003E+6,3.6095E+6,3.0480E+6,3.5523E+6,6.1867E+5,1.8014E+6,4.0812E+6,2.3634E+6,2.1076E+4
EIAQDFKTDLR,XP_005463512.2,NA,E[+56]IAQDFK[+56]TDLR,#N/A,#N/A,68.96,NA,2.0470E+6,1.0569E+7,6.2489E+6,1.5556E+6,1.3647E+5,7.6142E+6,7.3404E+6,7.4228E+6,5.2161E+6,9.5215E+6,1.7081E+7,3.4863E+6,4.4437E+6,2.3585E+5,3.7571E+6,7.6176E+6,4.2549E+6,3.1011E+4
EIAQDFKTDLR,XP_005463512.2,NA,E[+56]IAQDFK[+28]TDLR,#N/A,#N/A,52.88,NA,3.8147E+5,4.6580E+6,6.3415E+6,8.9532E+5,6.0674E+4,5.7064E+6,4.8877E+6,4.5932E+6,4.1101E+6,4.5718E+6,6.8431E+6,3.2010E+6,3.8203E+6,1.3626E+5,3.3521E+6,4.7760E+6,3.0755E+6,2.3052E+4
EIAQDFKTDLR,XP_005463512.2,NA,E[+56]IAQDFK[+14]TDLR,#N/A,#N/A,52.79,NA,2.9360E+5,3.8396E+6,6.4497E+6,8.9872E+5,4.2422E+4,7.0886E+6,3.5074E+6,3.5211E+6,4.0190E+6,5.8218E+6,7.0261E+6,2.8449E+6,3.4579E+6,5.5269E+4,3.7924E+6,5.2075E+6,3.5555E+6,2.7455E+3
EIAQDFKTDLR,XP_005463512.2,NA,E[+56]IAQDFKTD[+57]LR,#N/A,#N/A,52.19,NA,1.4368E+4,1.4372E+5,3.6032E+5,7.8278E+4,9.7346E+3,4.2122E+5,1.0255E+5,1.2871E+5,2.7494E+5,5.2268E+5,6.4715E+5,1.8621E+5,1.3721E+5,8.5156E+3,2.5048E+5,3.8192E+5,2.3244E+5,5.1405E+3
EIAQDFKTDLR,XP_005463512.2,NA,E[+43]IAQDFK[+56]TDLR,#N/A,#N/A,65.18,NA,6.4417E+4,1.9624E+6,9.1891E+5,6.2580E+4,6.0272E+3,8.5839E+5,8.3891E+5,1.8519E+6,4.2951E+5,4.7942E+5,3.8313E+6,2.4671E+5,6.6144E+5,1.7493E+4,5.0108E+5,9.2189E+5,3.0493E+5,7.4439E+3
EIAQDFKTDLR,XP_005463512.2,NA,E[+43]IAQDFK[+28]TDLR,#N/A,#N/A,47.62,NA,3.3161E+3,6.1560E+4,3.3152E+4,6.6125E+3,1.0215E+3,5.2518E+4,3.3740E+4,5.5181E+4,9.3023E+4,3.1069E+4,6.3559E+4,1.9139E+4,3.7546E+4,4.4178E+3,3.0091E+4,4.6695E+4,2.2158E+4,1.4771E+3
EIAQDFKTDLR,XP_005463512.2,NA,E[+43]IAQDFK[+14]TDLR,#N/A,#N/A,47.97,NA,1.9436E+4,2.1418E+5,2.0525E+5,3.0668E+4,1.9392E+3,2.0069E+5,1.7329E+5,2.0811E+5,1.2699E+5,1.8360E+5,2.5935E+5,1.2304E+5,1.6930E+5,1.0990E+4,8.6804E+4,2.0522E+5,1.2703E+5,1.2013E+3
EIAQDFKTDLR,XP_005463512.2,NA,E[+43]IAQDFKTD[+57]LR,#N/A,#N/A,65.12,NA,4.3474E+4,1.3464E+6,6.5746E+5,4.0383E+4,1.1525E+4,6.5055E+5,5.6755E+5,1.2897E+6,2.9192E+5,3.1327E+5,2.5523E+6,2.4031E+5,4.6032E+5,1.4887E+4,3.8807E+5,6.1202E+5,2.0972E+5,2.8796E+3
EIAQDFKTDLR,XP_005463512.2,NA,E[+57]IAQDFK[+56]TDLR,#N/A,#N/A,68.96,NA,1.4195E+6,7.6353E+6,4.4772E+6,1.0762E+6,8.6607E+4,5.4555E+6,5.2863E+6,5.3380E+6,3.7631E+6,6.8998E+6,1.2102E+7,2.4619E+6,3.1537E+6,1.4468E+5,2.7110E+6,5.4780E+6,3.0225E+6,2.0574E+4
EIAQDFKTDLR,XP_005463512.2,NA,E[+57]IAQDFK[+28]TDLR,#N/A,#N/A,52.93,NA,3.9708E+5,4.4361E+6,6.3311E+6,8.6597E+5,6.3190E+4,5.4058E+6,4.6599E+6,4.4045E+6,3.8033E+6,4.3788E+6,6.5718E+6,2.9373E+6,3.6547E+6,1.2983E+5,3.2563E+6,4.5484E+6,2.9847E+6,6.1995E+3
EIAQDFKTDLR,XP_005463512.2,NA,E[+57]IAQDFK[+14]TDLR,#N/A,#N/A,52.75,NA,2.1548E+5,2.8915E+6,4.9235E+6,6.4041E+5,2.8379E+4,5.3327E+6,2.6835E+6,2.5756E+6,3.1199E+6,4.5045E+6,5.3018E+6,2.1544E+6,2.4766E+6,3.8918E+4,2.8243E+6,4.0264E+6,2.7126E+6,2.5392E+3
EIAQDFKTDLR,XP_005463512.2,NA,EIAQ[+1]DFK[+56]TDLR,#N/A,#N/A,47.95,NA,7.2740E+6,3.0950E+7,2.1495E+7,6.0843E+6,6.8879E+5,2.7816E+7,4.2843E+7,3.1188E+7,1.8552E+7,1.8990E+7,2.6705E+7,2.3360E+7,2.5234E+7,4.9380E+6,1.3765E+7,2.9130E+7,1.7279E+7,1.6084E+5
EIAQDFKTDLR,XP_005463512.2,NA,EIAQD[-18]FK[+56]TDLR,#N/A,#N/A,63.59,NA,1.7918E+4,2.7445E+5,3.4601E+5,2.8593E+4,8.4215E+3,3.8666E+5,2.7556E+5,3.6356E+5,2.5519E+5,2.2808E+5,6.5256E+5,2.3785E+5,2.0885E+5,6.0196E+3,1.8424E+5,3.0713E+5,2.0776E+5,3.8006E+3
EIAQDFKTDLR,XP_005463512.2,NA,EIAQDFK[+56]TDLR[+14],#N/A,#N/A,52.6,NA,9.0671E+3,8.3922E+4,7.1517E+4,1.1200E+4,8.1985E+2,6.6273E+4,1.1148E+5,7.1401E+4,5.2536E+4,5.5693E+4,6.2115E+4,4.7042E+4,5.7107E+4,4.5133E+3,4.1229E+4,4.7543E+4,4.1255E+4,7.4005E+2
NA,NA,NA,NA,NA,NA,NA,NA,NA,NA,NA,NA,NA,NA,NA,NA,NA,NA,NA,NA,NA,NA,NA,NA,NA,NA
EIAQDFKTDLR,XP_005463512.2,NA,EIAQDFK[+42]TDLR[+28],#N/A,#N/A,52.7,NA,1.4835E+3,5.5887E+4,3.5473E+4,5.5050E+3,0.0000E+0,4.4011E+4,7.2982E+4,4.9507E+4,3.1303E+4,2.5682E+4,3.4730E+4,3.5272E+4,4.0329E+4,0.0000E+0,2.4456E+4,5.1831E+4,2.7801E+4,0.0000E+0
EIAQDFKTDLR,XP_005463512.2,NA,EIAQDFK[+14]T[+80]DLR,#N/A,#N/A,47.96,NA,9.7419E+4,4.5973E+5,1.7855E+5,1.2450E+5,1.7517E+4,3.3201E+5,5.0763E+5,4.1087E+5,2.0230E+5,3.6700E+5,5.2460E+5,2.0205E+5,3.0047E+5,7.4283E+4,1.2845E+5,4.2443E+5,1.8748E+5,7.0241E+3
EIAQDFKTDLR,XP_005463512.2,NA,EIAQDFK[+14]T[+42]DLR,#N/A,#N/A,47.95,NA,2.0257E+5,7.9986E+5,4.5948E+5,1.8917E+5,2.6855E+4,7.2591E+5,1.2065E+6,8.5352E+5,4.8552E+5,5.1155E+5,6.9520E+5,5.5422E+5,7.2348E+5,1.6244E+5,2.8831E+5,8.1631E+5,4.2578E+5,6.4613E+3
EIAQDFKTDLR,XP_005463512.2,NA,EIAQDFK[+14]T[+56]DLR,#N/A,#N/A,52.69,NA,5.1833E+3,9.3137E+4,7.9264E+4,1.0112E+4,4.6147E+2,8.5902E+4,1.1511E+5,9.7471E+4,6.3259E+4,4.2319E+4,6.2718E+4,7.6098E+4,7.2036E+4,1.0737E+3,3.9532E+4,7.6033E+4,5.6348E+4,1.7177E+3
EIAQDFKTDLR,XP_005463512.2,NA,EIAQDFK[+71]TDLR[-1],#N/A,#N/A,52.67,NA,5.1304E+5,6.3929E+6,5.0713E+6,7.5724E+5,3.3901E+4,5.0941E+6,7.9919E+6,5.9717E+6,3.7486E+6,3.6119E+6,4.4314E+6,5.1401E+6,5.0568E+6,2.9902E+5,2.9841E+6,5.3253E+6,3.4936E+6,1.6183E+4
EIAQDFKTDLR,XP_005463512.2,NA,EIAQDFK[+16]T[+42]DLR,#N/A,#N/A,47.97,NA,1.2869E+6,4.8266E+6,3.6064E+6,1.0356E+6,1.4342E+5,4.0173E+6,6.6044E+6,5.0337E+6,2.7129E+6,3.0174E+6,3.8793E+6,3.9483E+6,3.6856E+6,9.8869E+5,2.1584E+6,4.3860E+6,2.4349E+6,4.2790E+4
EIAQDFKTDLR,XP_005463512.2,NA,EIAQDFK[+42]TDLR[+16],#N/A,#N/A,47.97,NA,1.8597E+6,9.0120E+6,6.0665E+6,1.6841E+6,1.7819E+5,8.0867E+6,1.2799E+7,8.9638E+6,5.0139E+6,5.8725E+6,7.8252E+6,6.4755E+6,7.5270E+6,1.2103E+6,3.7130E+6,8.6172E+6,4.9123E+6,5.8491E+4
EIAQDFKTDLR,XP_005463512.2,NA,E[+56]IAQ[+1]DFK[+56]TDLR,#N/A,#N/A,68.96,NA,1.8135E+6,9.4511E+6,5.6197E+6,1.3426E+6,1.2457E+5,6.7785E+6,6.5217E+6,6.6326E+6,4.7320E+6,8.4875E+6,1.5215E+7,3.1169E+6,3.9662E+6,2.0581E+5,3.3615E+6,6.8063E+6,3.7944E+6,2.8353E+4
EIAQDFKTDLR,XP_005463512.2,NA,E[+56]IAQD[+57]FK[+14]TDLR,#N/A,#N/A,52.19,NA,4.0042E+2,2.7024E+4,5.3556E+4,9.5193E+3,1.1394E+3,5.6253E+4,2.4574E+4,2.8701E+4,3.0438E+4,7.1266E+4,8.0424E+4,8.8804E+3,2.6062E+4,1.3286E+3,3.1203E+4,5.0553E+4,2.2329E+4,0.0000E+0
NA,NA,NA,NA,NA,NA,NA,NA,NA,NA,NA,NA,NA,NA,NA,NA,NA,NA,NA,NA,NA,NA,NA,NA,NA,NA
EIAQDFKTDLR,XP_005463512.2,NA,E[+56]IAQDFK[+42]TDLR[+28],#N/A,#N/A,69.28,NA,1.2179E+4,2.1822E+5,1.5139E+5,1.3513E+4,4.5294E+3,1.6785E+5,1.5879E+5,1.5498E+5,1.0376E+5,1.7255E+5,4.1297E+5,6.6863E+4,8.2852E+4,2.4893E+3,7.8931E+4,1.7262E+5,8.5975E+4,2.4934E+3
EIAQDFKTDLR,XP_005463512.2,NA,E[+56]IAQDFK[+14]TD[+57]LR,#N/A,#N/A,52.12,NA,1.1390E+3,2.9143E+4,5.3591E+4,6.9878E+3,7.5373E+2,6.7279E+4,1.9300E+4,2.9170E+4,3.4607E+4,7.3234E+4,1.2407E+5,2.8739E+4,2.0434E+4,1.8868E+3,3.1913E+4,7.2537E+4,2.5797E+4,1.1968E+2
EIAQDFKTDLR,XP_005463512.2,NA,E[+56]IAQDFK[+71]TDLR[-1],#N/A,#N/A,69.28,NA,4.8470E+4,1.2048E+6,7.8149E+5,7.7364E+4,2.0661E+4,7.2191E+5,8.5231E+5,7.8531E+5,5.9905E+5,9.4865E+5,2.4454E+6,3.8291E+5,4.6233E+5,7.5377E+3,4.0211E+5,9.3697E+5,4.8316E+5,4.8746E+3
EIAQDFKTDLR,XP_005463512.2,NA,E[+56]IAQDFKTD[+57]LR[-1],#N/A,#N/A,68.96,NA,1.6196E+6,8.4861E+6,4.9879E+6,1.2071E+6,8.4549E+4,6.0222E+6,5.8788E+6,5.9157E+6,3.9057E+6,7.6599E+6,1.3649E+7,2.7449E+6,3.5396E+6,1.3905E+5,2.9982E+6,6.0781E+6,3.3465E+6,2.2783E+4
EIAQDFKTDLR,XP_005463512.2,NA,E[+43]IAQ[+1]DFK[+56]TDLR,#N/A,#N/A,65.19,NA,6.5452E+4,1.8652E+6,7.9697E+5,4.4590E+4,1.4469E+4,7.4354E+5,7.6429E+5,1.7988E+6,3.8156E+5,4.3154E+5,3.4351E+6,2.7004E+5,6.0994E+5,1.8055E+4,4.7337E+5,9.2304E+5,2.4660E+5,7.5926E+3
VTIMPKDIQLAR,XP_005463512.2,NA,VT[+114]IMPKDIQLAR,#N/A,#N/A,37.21,NA,1.4185E+6,9.2553E+6,9.9057E+6,2.7403E+6,7.0666E+5,1.2181E+7,1.3599E+7,9.5764E+6,5.5905E+6,7.9932E+6,8.0850E+6,8.1930E+6,9.5832E+6,2.6020E+6,4.5872E+6,1.3036E+7,6.5313E+6,1.8119E+5
VTIMPKDIQLAR,XP_005463512.2,NA,VTIMPK[+56]DIQLAR,#N/A,#N/A,50.38,NA,5.9566E+3,1.3788E+5,2.8289E+5,6.1945E+4,5.6939E+4,1.7858E+5,2.3713E+5,1.9630E+5,2.2074E+5,8.4220E+4,1.1011E+5,1.9600E+5,1.6026E+5,2.0027E+4,1.3715E+5,2.7288E+5,1.0046E+5,7.8042E+4
VTIMPKDIQLAR,XP_005463512.2,NA,VTIMPK[+72]DIQLAR,#N/A,#N/A,45.61,NA,1.0744E+6,7.6393E+5,5.3138E+5,2.5501E+5,4.0623E+4,4.4076E+5,1.7998E+6,7.4205E+5,4.5467E+5,3.2071E+5,3.6580E+5,2.8619E+5,8.0921E+5,1.8216E+5,3.4768E+5,4.6833E+5,4.2942E+5,1.0468E+4
VTIMPKDIQLAR,XP_005463512.2,NA,VTIMPK[+43]DIQLAR,#N/A,#N/A,49.31,NA,1.3720E+4,6.3253E+4,8.9931E+4,3.6964E+4,7.9761E+3,1.4525E+5,1.0681E+5,8.4524E+4,1.0875E+5,1.1070E+5,9.0596E+4,6.0641E+4,6.6606E+4,1.5129E+4,1.2392E+5,1.1841E+5,1.4994E+5,9.0971E+3
VTIMPKDIQLAR,XP_005463512.2,NA,VTIMPKD[+57]IQLAR,#N/A,#N/A,51.82,NA,3.4813E+6,2.6402E+7,1.8022E+7,5.6981E+6,2.4353E+5,2.5757E+7,2.9832E+7,2.4470E+7,1.5291E+7,1.5383E+7,1.5416E+7,2.0191E+7,2.0974E+7,4.1205E+6,1.0472E+7,2.2569E+7,1.7846E+7,3.2304E+4
VTIMPKDIQLAR,XP_005463512.2,NA,V[+56]TIMPK[+56]DIQLAR,#N/A,#N/A,69.12,NA,1.8405E+6,1.3975E+7,8.6178E+6,2.7003E+6,2.1510E+5,1.0882E+7,9.8820E+6,1.0078E+7,7.6433E+6,1.2571E+7,1.7155E+7,5.8757E+6,5.8016E+6,3.6771E+5,5.3177E+6,9.4784E+6,6.9615E+6,1.4378E+5
VTIMPKDIQLAR,XP_005463512.2,NA,V[+56]TIMPK[+72]DIQLAR,#N/A,#N/A,64.2,NA,3.1135E+6,6.9699E+6,4.5661E+6,5.5356E+5,3.3729E+4,4.0559E+6,1.0569E+7,6.0201E+6,3.5256E+6,3.5275E+6,8.6419E+6,2.4998E+6,4.5029E+6,1.2520E+5,2.7032E+6,3.7914E+6,2.6070E+6,4.5776E+3
VTIMPKDIQLAR,XP_005463512.2,NA,V[+56]TIMPKD[+57]IQLAR,#N/A,#N/A,69.11,NA,6.3878E+5,5.1571E+6,3.2695E+6,9.2352E+5,6.9160E+4,4.0903E+6,3.7070E+6,3.7516E+6,2.8942E+6,4.6287E+6,6.2795E+6,2.2238E+6,2.1802E+6,1.1590E+5,#N/A,3.5212E+6,2.6031E+6,4.1687E+4
VTIMPKDIQLAR,XP_005463512.2,NA,V[+43]TIMPK[+56]DIQLAR,#N/A,#N/A,66.36,NA,3.1550E+4,1.9758E+6,9.9376E+5,2.4487E+4,2.2920E+3,9.6493E+5,7.6278E+5,1.8305E+6,4.6132E+5,4.3780E+5,2.4529E+6,3.0418E+5,6.7007E+5,8.5907E+3,4.9426E+5,8.3107E+5,2.7366E+5,1.5052E+3
VTIMPKDIQLAR,XP_005463512.2,NA,V[+43]TIMPK[+42]DIQLAR,#N/A,#N/A,61.71,NA,2.4421E+3,2.4042E+4,4.1723E+4,3.7840E+3,6.6945E+2,3.9962E+4,2.3590E+4,4.4311E+4,2.4107E+4,2.6713E+4,2.7145E+4,3.2561E+4,3.4561E+4,8.9793E+2,3.6376E+4,1.6671E+4,4.1438E+4,4.8892E+2
VTIMPKDIQLAR,XP_005463512.2,NA,V[+43]TIMPK[+43]DIQLAR,#N/A,#N/A,63.94,NA,1.7710E+3,2.1401E+4,1.7062E+4,3.0359E+3,1.8344E+3,2.9301E+4,2.7229E+4,1.0269E+4,2.4450E+4,1.2940E+4,1.1600E+4,2.1684E+4,2.3358E+4,8.3755E+2,2.4684E+4,1.4470E+4,1.8849E+4,4.1159E+2
VTIMPKDIQLAR,XP_005463512.2,NA,V[+43]TIMPKD[+57]IQLAR,#N/A,#N/A,66.38,NA,2.3146E+4,1.3339E+6,7.3217E+5,1.9832E+4,2.3431E+3,7.0109E+5,5.7957E+5,1.2569E+6,3.6601E+5,3.2350E+5,1.6494E+6,2.8471E+5,5.3389E+5,5.5249E+3,3.9821E+5,6.0006E+5,2.2891E+5,7.2804E+2
VTIMPKDIQLAR,XP_005463512.2,NA,V[+226.1]TIMPK[+56]DIQLAR,#N/A,#N/A,51.77,NA,7.6673E+4,4.5529E+6,4.5151E+6,2.5620E+5,3.7384E+3,4.4183E+6,7.7970E+6,5.6425E+6,3.4494E+6,1.8720E+6,1.1082E+6,4.2429E+6,5.1435E+6,1.0457E+5,2.6484E+6,3.8872E+6,2.7019E+6,1.0763E+3
VTIMPKDIQLAR,XP_005463512.2,NA,V[+57]TIMPK[+56]DIQLAR,#N/A,#N/A,52.54,NA,4.9952E+4,1.1533E+6,1.1008E+6,2.1161E+5,1.7524E+4,1.9778E+6,8.1812E+5,1.0361E+6,4.1897E+5,1.9188E+6,4.0776E+6,7.3304E+5,8.1104E+5,5.3013E+4,5.0710E+5,2.1561E+6,7.1749E+5,1.3040E+3
VTIMPKDIQLAR,XP_005463512.2,NA,VT[-18]IMPK[+56]DIQLAR,#N/A,#N/A,52.06,NA,1.4187E+4,5.9086E+4,5.5414E+4,3.0460E+4,4.5464E+3,5.8191E+4,7.2135E+4,5.4007E+4,4.1639E+4,6.2530E+4,5.8751E+4,6.3183E+4,6.9945E+4,5.5330E+3,4.8234E+4,5.7828E+4,4.7235E+4,5.1206E+3
VTIMPKDIQLAR,XP_005463512.2,NA,VTIM[+16]PK[+56]DIQLAR,#N/A,#N/A,45.57,NA,8.4093E+6,1.2924E+7,8.1410E+6,1.6487E+6,3.4948E+5,7.7043E+6,2.3635E+7,1.2153E+7,6.2158E+6,4.8725E+6,7.1415E+6,7.3016E+6,1.2773E+7,1.7787E+6,5.6393E+6,8.2630E+6,6.9207E+6,3.9010E+4
VTIMPKDIQLAR,XP_005463512.2,NA,VTIM[+16]PKD[+57]IQLAR,#N/A,#N/A,45.59,NA,5.3083E+6,8.4038E+6,5.2392E+6,1.0200E+6,2.1886E+5,4.9243E+6,1.5775E+7,7.6631E+6,3.9617E+6,3.1285E+6,4.5692E+6,4.6072E+6,8.3213E+6,1.1234E+6,3.6124E+6,5.4965E+6,4.2888E+6,2.3358E+4
VTIMPKDIQLAR,XP_005463512.2,NA,VTIMP[+32]K[+56]DIQLAR,#N/A,#N/A,50.75,NA,3.0307E+4,3.4121E+5,3.8751E+5,5.6429E+4,8.8961E+3,3.9683E+5,2.6773E+5,2.7444E+5,3.0475E+5,2.7319E+5,4.8826E+5,3.2293E+5,2.6926E+5,1.1239E+4,2.9385E+5,3.3212E+5,3.3766E+5,7.5386E+3
VTIMPKDIQLAR,XP_005463512.2,NA,VTIMPK[+56]DIQ[+1]LAR,#N/A,#N/A,53.53,NA,5.2470E+3,3.5369E+4,2.0767E+4,3.9553E+3,1.6422E+3,2.7315E+4,3.2706E+4,2.7437E+4,3.0783E+4,2.2843E+4,3.3419E+4,8.8560E+3,2.1737E+4,4.4063E+3,2.2659E+4,2.9354E+4,3.0275E+4,2.4521E+2
VTIMPKDIQLAR,XP_005463512.2,NA,VTIMPK[+56]DIQLAR[+1],#N/A,#N/A,51.83,NA,5.2011E+4,4.3205E+5,2.9113E+5,9.0599E+4,3.3474E+3,4.0380E+5,5.5392E+5,3.8732E+5,2.3490E+5,2.7381E+5,2.3502E+5,2.9424E+5,3.8366E+5,6.1496E+4,1.5822E+5,3.9825E+5,2.8006E+5,1.5739E+3
VTIMPKDIQLAR,XP_005463512.2,NA,V[+56]TIM[+16]PK[+56]DIQLAR,#N/A,#N/A,64.16,NA,5.5261E+6,1.2601E+7,8.4765E+6,9.2037E+5,6.7542E+4,7.6900E+6,1.8686E+7,1.0840E+7,6.5851E+6,6.3608E+6,1.5784E+7,4.6434E+6,8.1497E+6,2.0241E+5,4.9723E+6,6.8768E+6,4.8889E+6,5.5882E+3
VTIMPKDIQLAR,XP_005463512.2,NA,V[+56]TIMPK[+56]DIQ[+1]LAR,#N/A,#N/A,69.11,NA,1.0251E+6,7.1993E+6,5.6712E+6,1.2616E+6,1.4494E+5,4.0966E+6,4.0706E+6,3.8688E+6,4.5438E+6,7.3081E+6,7.5142E+6,3.8677E+6,3.8750E+6,2.3100E+5,3.6000E+6,5.3789E+6,2.4258E+6,5.5075E+4
VTIMPKDIQLAR,XP_005463512.2,NA,V[+43]TIM[+16]PK[+56]DIQLAR,#N/A,#N/A,58.75,NA,5.6864E+4,3.8088E+5,1.8171E+5,1.1858E+4,1.8730E+3,1.3975E+5,2.2095E+5,3.2075E+5,7.5567E+4,7.9994E+4,5.3865E+5,6.6577E+4,1.7850E+5,1.1065E+4,1.0529E+5,1.5337E+5,7.7260E+4,2.2419E+3
VTIMPKDIQLAR,XP_005463512.2,NA,V[+43]TIMP[+32]K[+28]DIQLAR,#N/A,#N/A,66.33,NA,1.5858E+4,5.8068E+5,3.3464E+5,1.1983E+4,1.9196E+3,3.1376E+5,2.6611E+5,5.4334E+5,1.5164E+5,1.5402E+5,7.0799E+5,1.4739E+5,2.2663E+5,3.3298E+3,1.9819E+5,3.0161E+5,8.8810E+4,1.4443E+3
VTIMPKDIQLAR,XP_005463512.2,NA,V[+57]TIM[+16]PK[+56]DIQLAR,#N/A,#N/A,64.06,NA,4.4373E+6,1.0619E+7,7.0777E+6,6.7203E+5,4.6124E+4,6.4645E+6,1.5827E+7,9.1550E+6,5.5101E+6,5.1619E+6,1.3413E+7,3.8197E+6,6.8584E+6,1.4179E+5,4.1292E+6,5.7119E+6,4.0487E+6,5.8722E+3
VTIMPKDIQLAR,XP_005463512.2,NA,V[+57]TIMP[+32]K[+42]DIQLAR,#N/A,#N/A,64.18,NA,1.0440E+6,2.3981E+6,1.8035E+6,2.0565E+5,1.1108E+4,1.4179E+6,3.5736E+6,2.0643E+6,1.2321E+6,1.3057E+6,3.0602E+6,9.4228E+5,1.5971E+6,4.7212E+4,1.0488E+6,1.4642E+6,9.0716E+5,1.7043E+3
VTIMPKDIQLAR,XP_005463512.2,NA,V[+57]TIMP[+32]K[+32]DIQLAR,#N/A,#N/A,66.42,NA,6.2768E+3,3.0783E+5,1.9416E+5,9.5141E+3,1.2643E+3,1.8087E+5,1.0921E+5,2.7959E+5,1.0196E+5,8.6398E+4,4.3000E+5,9.9267E+4,9.1294E+4,1.4079E+3,1.1899E+5,1.3170E+5,7.7947E+4,3.6487E+2
VTIMPKDIQLAR,XP_005463512.2,NA,VT[+80]IMP[+32]K[+71]DIQLAR,#N/A,#N/A,64.26,NA,1.7439E+5,2.6583E+5,1.2833E+5,3.2857E+4,2.9978E+3,1.2906E+5,3.0131E+5,2.0812E+5,1.1970E+5,1.9244E+5,4.9408E+5,6.3795E+4,9.1102E+4,#N/A,7.1938E+4,1.2824E+5,7.6724E+4,5.7577E+2
VTIMPKDIQLAR,XP_005463512.2,NA,VTIM[+16]PK[+56]DIQ[+1]LAR,#N/A,#N/A,45.58,NA,5.2011E+6,6.3921E+6,4.8433E+6,7.4701E+5,1.9307E+5,2.1911E+6,1.3816E+7,6.8283E+6,3.6719E+6,2.5584E+6,4.0769E+6,3.8414E+6,5.0541E+6,9.6870E+5,3.1133E+6,4.0424E+6,2.5324E+6,1.6505E+4
VTIMPKDIQLAR,XP_005463512.2,NA,VTIMP[+32]K[+43]D[-18]IQLAR,#N/A,#N/A,51.76,NA,9.2325E+5,5.4511E+6,2.4859E+6,1.2606E+6,9.4154E+4,3.3712E+6,6.0571E+6,3.4363E+6,2.7155E+6,2.6847E+6,2.7023E+6,2.3212E+6,3.6599E+6,8.7756E+5,1.7782E+6,3.3559E+6,2.5649E+6,2.2656E+4
KGVSLAALKKALAAGGYDVEKNNAR,XP_003459589.1,NA,K[+112.1]GVS[+56]LAALKKALAAGGYDVEK[+56]NNAR,#N/A,#N/A,58.36,NA,3.9826E+3,1.0105E+5,5.5527E+4,1.0362E+4,5.3304E+2,7.6945E+4,7.6045E+4,1.1682E+5,7.3286E+4,4.5005E+4,8.1430E+4,1.6225E+5,6.5540E+4,1.3229E+3,7.9088E+4,7.9722E+4,6.6135E+4,1.5759E+3
KGVSLAALKKALAAGGYDVEKNNAR,XP_003459589.1,NA,K[+112.1]GVSLAALKK[+56]ALAAGGYDVEK[+56]NNAR,#N/A,#N/A,58.45,NA,4.9240E+3,6.9007E+4,6.7625E+4,8.1795E+3,1.1854E+2,7.3520E+4,4.5166E+4,9.1745E+4,1.0261E+5,6.4471E+4,7.0199E+4,1.9271E+5,4.0731E+4,5.1625E+2,7.4411E+4,8.1936E+4,7.5213E+4,4.6805E+2
KGVSLAALKKALAAGGYDVEKNNAR,XP_003459589.1,NA,KGVSLAALK[+56]K[+56]ALAAGGYDVEK[+56]NNAR,#N/A,#N/A,68.43,NA,0.0000E+0,2.4755E+4,3.8634E+4,1.1100E+3,3.0001E+2,2.3907E+4,6.9019E+4,4.0506E+4,2.4839E+4,2.8271E+3,1.7872E+4,3.2434E+4,4.4884E+4,0.0000E+0,2.1469E+4,4.1904E+4,1.4438E+4,5.9242E+2
KAAAKSHKQR,XP_003450682.1,NA,K[+56]AAAK[+56]SHK[+56]QR,#N/A,#N/A,17.35,NA,1.1996E+4,6.5225E+4,8.3657E+4,2.1086E+4,8.4252E+3,6.9308E+4,8.4139E+4,4.1686E+4,7.5722E+4,3.4973E+4,2.3798E+4,9.8475E+4,7.5535E+4,1.1980E+4,8.3631E+4,6.1066E+4,1.0750E+5,3.1392E+4
KAAAKSHKQR,XP_003450682.1,NA,K[+112.1]AAAK[+56]SHK[+56]QR,#N/A,#N/A,30.23,NA,0.0000E+0,2.0246E+3,2.2554E+3,5.0356E+2,3.3746E+2,5.7573E+3,1.7599E+3,2.1667E+3,4.3115E+3,9.1243E+2,7.2304E+2,3.4742E+3,2.4187E+3,2.4653E+2,3.2848E+3,3.5488E+3,3.9344E+3,4.5650E+2
KAAAKSHKQR,XP_003450682.1,NA,K[+112.1]AAAKS[+56]HK[+56]QR,#N/A,#N/A,31.31,NA,5.2710E+2,2.0811E+3,4.3408E+2,3.6079E+3,1.2650E+3,5.0364E+3,3.8971E+3,3.3114E+3,2.1657E+3,4.2410E+3,3.8775E+3,7.5670E+3,2.6114E+3,6.4532E+2,2.2830E+3,4.2676E+3,4.7633E+3,0.0000E+0
KKTGPTVSDLILKALSTSTQR,XP_003446112.1,NA,K[+112.1]KTGPTVSDLILK[+56]ALSTSTQR,#N/A,#N/A,69.37,NA,0.0000E+0,1.5411E+5,1.0883E+5,1.5654E+3,1.0623E+3,5.9310E+4,2.1540E+5,1.4677E+5,6.7684E+4,1.3006E+4,1.7455E+5,9.1744E+4,1.0537E+5,5.3959E+2,6.5555E+4,1.0560E+5,2.6917E+4,2.4894E+3
KKTGPTVSDLILKALSTSTQR,XP_003446112.1,NA,KK[+56]TGPTVSDLILK[+56]ALSTSTQR,#N/A,#N/A,68.87,NA,9.1391E+3,5.1589E+5,3.9204E+5,9.2965E+3,4.0227E+3,2.0176E+5,5.9282E+5,3.1708E+5,2.7909E+5,8.0181E+4,2.6635E+5,2.5937E+5,2.9406E+5,2.0408E+3,1.8324E+5,3.1686E+5,1.0628E+5,5.7167E+3
KKTGPTVSDLILKALSTSTQR,XP_003446112.1,NA,K[+56]K[+56]TGPTVSDLILK[+56]ALSTSTQR,#N/A,#N/A,69.37,NA,0.0000E+0,6.0620E+4,3.5696E+4,4.4479E+2,4.3217E+2,2.5305E+4,8.9472E+4,5.7282E+4,2.6977E+4,6.2674E+3,5.9317E+4,3.7720E+4,4.5270E+4,0.0000E+0,2.0822E+4,4.6099E+4,1.2019E+4,3.0817E+2
NA,NA,NA,NA,NA,NA,NA,NA,NA,NA,NA,NA,NA,NA,NA,NA,NA,NA,NA,NA,NA,NA,NA,NA,NA,NA
KKTGPTVSDLILKALSTSTQR,XP_003446112.1,NA,K[+112.1]K[+56]TGPTVSDLILKALS[+56]TSTQR,#N/A,#N/A,70.15,NA,0.0000E+0,7.7195E+3,4.6444E+4,1.4235E+2,4.3428E+1,2.5669E+4,6.9209E+4,4.4770E+4,3.0544E+4,2.4879E+2,1.0149E+5,2.9450E+4,4.3914E+4,0.0000E+0,2.8193E+4,2.5278E+4,1.0427E+4,3.4953E+2
NA,NA,NA,NA,NA,NA,NA,NA,NA,NA,NA,NA,NA,NA,NA,NA,NA,NA,NA,NA,NA,NA,NA,NA,NA,NA
ILIAVKR,XP_003446112.1,NA,I[+56]LIAVKR,#N/A,#N/A,49.44,NA,5.5797E+2,2.6560E+5,3.9624E+5,2.0600E+4,5.8918E+3,2.9540E+5,5.9606E+4,3.2799E+4,1.5770E+5,1.9384E+5,1.8512E+5,1.1849E+5,7.6661E+4,4.1170E+3,1.0236E+5,2.0339E+5,4.9804E+4,1.5761E+3
ILIAVKR,XP_003446112.1,NA,ILIAVK[+56]R,#N/A,#N/A,36.48,NA,4.3216E+6,4.4425E+7,4.0047E+7,8.3880E+6,3.9324E+6,2.6000E+7,3.8842E+7,3.3939E+7,3.2238E+7,1.7557E+7,2.6265E+7,5.1818E+7,3.3011E+7,9.3147E+6,2.4950E+7,3.3368E+7,2.2526E+7,4.9727E+5
ILIAVKR,XP_003446112.1,NA,I[+56]LIAVK[+56]R,#N/A,#N/A,69.48,NA,1.1953E+6,1.2807E+7,7.7901E+6,2.9726E+6,6.6393E+5,6.3893E+6,5.5552E+6,5.5741E+6,5.8637E+6,9.9919E+6,1.9952E+7,5.8169E+6,4.6091E+6,7.1475E+5,3.3091E+6,8.7496E+6,4.2881E+6,1.3065E+5
ILIAVKR,XP_003446112.1,NA,I[+43]LIAVK[+56]R,#N/A,#N/A,65.47,NA,2.8005E+4,1.4530E+6,8.4240E+5,4.0035E+4,2.6186E+4,4.3613E+5,3.4680E+5,7.2178E+5,2.8912E+5,3.3280E+5,2.6186E+6,3.1755E+5,5.3242E+5,2.8794E+4,3.4968E+5,7.0124E+5,1.6461E+5,7.5293E+3
