Protein Accession,Protein Description,Position,Amino Acid,Amino Acid + Position,Unimod Accession,PTM Description,Biologically Relevant,Digestion Conditions,Gills,Kidney,Testes
XP_003438147.1,H2B.L4,7,K,K7,35,Oxidation,Yes,Napho only,100,100,1.00E+02
XP_003438147.1,H2B.L4,50,S,S50,1,Acetyl,Yes,Trypsin only,9.805034511,3.068091871,5.121648042
XP_003438147.1,H2B.L4,50,S,S50,21 + 23,Phospho / Dehydrated,Yes,Trypsin only,6.088251497,5.252850781,7.305206431
XP_003438147.1,H2B.L4,54,S,S54,1,Acetyl,Yes,Trypsin only,2.271957989,2.90937168,2.142249713
XP_003438147.1,H2B.L4,54,S,S54,21 + 23,Phospho / Dehydrated,Yes,Trypsin only,18.35401389,17.68943602,23.25732095
XP_003438147.1,H2B.L4,68,S,S68,21 + 23,Phospho / Dehydrated,Yes,Ambic and Napho,21.59793477,23.20597414,23.14427292
XP_003438147.1,H2B.L4,69,R,R69,34,Methyl,Yes,Ambic and Napho,6.488376745,3.14255355,2.496496638
XP_003438147.1,H2B.L4,69,R,R69,35,Oxidation,Yes,Ambic only,0.235003436,0.131060377,0.283192182
XP_003438147.1,H2B.L4,69,R,R69,36,Dimethyl,Yes,Ambic and Napho,8.802489444,13.53791283,9.563708765
XP_003438147.1,H2B.L4,69,R,R69,425,Dioxidation,Yes,Napho only,4.079980665,4.4797564,6.800778397
XP_003438147.1,H2B.L4,73,Y,Y73,21 + 23,Phospho / Dehydrated,Yes,Ambic and Napho,20.950351,10.87245984,15.99191791
XP_003438147.1,H2B.L4,73,Y,Y73,35,Oxidation,Yes,Ambic only,1.06892915,0.582469016,1.086800393
XP_003438147.1,H2B.L4,73,Y,Y73,425,Dioxidation,Yes,Ambic only,7.872401345,4.882844645,8.390259166
XP_003438147.1,H2B.L4,74,N,N74,35,Oxidation,Yes,Ambic only,3.565829645,2.81031042,2.081279263
XP_003438147.1,H2B.L4,74,N,N74,213,ADP-Ribosyl,Yes,Napho only,1.429732112,1.086617266,1.722161321
XP_003438147.1,H2B.L4,75,K,K75,34,Methyl,Yes,Ambic and Napho,5.966944855,2.21082412,3.355725275
XP_003438147.1,H2B.L4,75,K,K75,255,Dimethyl,Yes,Ambic and Napho,0.21096672,0.083066764,0.188542249
XP_003438147.1,H2B.L4,75,K,K75,378,Lactyl / Carboxyethyl,Yes,Ambic and Napho,11.93835927,4.191724682,7.390046396
XP_003438147.1,H2B.L4,75,K,K75,425,Dioxidation,Yes,Ambic and Napho,2.986086856,3.426832563,1.548860308
XP_003438147.1,H2B.L4,76,R,R76,7,Deamidated,Yes,Ambic and Napho,4.479586097,4.65532543,4.269298021
XP_003438147.1,H2B.L4,76,R,R76,34,Methyl,Yes,Ambic only,4.238637541,2.534952249,4.750940073
XP_003438147.1,H2B.L4,76,R,R76,35,Oxidation,Yes,Ambic and Napho,2.352309287,3.982616822,1.323732105
XP_003438147.1,H2B.L4,76,R,R76,36,Dimethyl,Yes,Ambic and Napho,5.596306831,3.110042614,5.829785163
XP_003438147.1,H2B.L4,76,R,R76,425,Dioxidation,Yes,Ambic and Napho,2.124535501,1.071707921,1.562658009
XP_003438147.1,H2B.L4,77,S,S77,21 + 23,Phospho / Dehydrated,Yes,Ambic and Napho,9.713806665,4.698513942,8.109756444
XP_003438147.1,H2B.L4,80,T,T80,21 + 23,Phospho / Dehydrated,Yes,Napho only,1.415605673,2.6511978,0.852463111
XP_003438147.1,H2B.L4,82,R,R82,34,Methyl,Yes,Ambic only,2.026285436,1.198549513,2.210728183
XP_003438147.1,H2B.L4,86,T,T86,1,Acetyl,Yes,Ambic and Napho,26.5516677,4.813277951,6.683595416
XP_003438147.1,H2B.L4,86,T,T86,21 + 23,Phospho / Dehydrated,Yes,Ambic and Napho,21.66440704,30.53559274,26.9372459
XP_003438147.1,H2B.L4,86,T,T86,121,GlyGly,Other,Ambic and Napho,5.778396973,0.151057813,0.214375101
XP_003438147.1,H2B.L4,89,R,R89,7,Deamidated,Yes,Ambic and Napho,1.601812744,0.617467406,0.584064537
XP_003438147.1,H2B.L4,89,R,R89,34,Methyl,Yes,Ambic and Napho,45.01340199,26.19826133,30.58308031
XP_003438147.1,H2B.L4,89,R,R89,35,Oxidation,Yes,Ambic and Napho,12.35654436,19.98399569,16.87679486
XP_003438147.1,H2B.L4,89,R,R89,36,Dimethyl,Yes,Ambic and Napho,9.207944539,6.570680182,8.140802971
XP_003438147.1,H2B.L4,89,R,R89,425,Dioxidation,Yes,Ambic and Napho,8.096613156,12.60640638,9.822324204
XP_003438147.1,H2B.L4,93,P,P93,35,Oxidation,Yes,Napho only,0.038373386,0.173307357,0.097652214
XP_003438147.1,H2B.L4,93,P,P93,425,Dioxidation,Yes,Napho only,0.217693435,0.040595185,0.091966623
XP_003438147.1,H2B.L4,98,K,K98,1,Acetyl,Yes,Napho only,0.787481847,0.189888045,0.41363974
XP_003438147.1,H2B.L4,98,K,K98,121,GlyGly,Other,Ambic only,0.187234325,0.021753742,0.006974705
XP_003438501.2,H1.0-B,81,T,T81,21 + 23,Phospho / Dehydrated,Yes,Trypsin only,18.31480427,6.881018254,12.56998045
XP_003438501.2,H1.0-B,89,S,S89,21 + 23,Phospho / Dehydrated,Yes,Trypsin only,5.008385118,9.333436122,15.27559789
XP_003438501.2,H1.0-B,91,R,R91,34,Methyl,Yes,Trypsin only,5.008385118,9.333436122,15.27559789
XP_003439548.1,H3.3,127,T,T127,1,Acetyl,Yes,Trypsin only,16.55893892,33.01505797,23.28146615
XP_003439548.1,H3.3,127,T,T127,21 + 23,Phospho / Dehydrated,Yes,Trypsin only,8.108812569,10.01799691,15.94498989
XP_003439548.1,H3.3,127,T,T127,121,GlyGly,Other,Trypsin only,30.18675527,2.753202883,4.775451563
XP_003439548.1,H3.3,130,P,P130,35,Oxidation,Yes,Trypsin only,12.44324072,15.96957404,14.72379149
XP_003439548.1,H3.3,130,P,P130,425,Dioxidation,Yes,Trypsin only,16.4445138,22.42167814,21.43887628
XP_003439548.1,H3.3,131,R,R131,34,Methyl,Yes,Trypsin only,45.81593494,25.13766896,30.7814942
XP_003439548.1,H3.3,131,R,R131,35,Oxidation,Yes,Trypsin only,0.047889581,0.12158717,0.016922842
XP_003439548.1,H3.3,131,R,R131,36,Dimethyl,Yes,Trypsin only,36.3935324,49.45241997,47.60181597
XP_003439548.1,H3.3,131,R,R131,425,Dioxidation,Yes,Trypsin only,0.535535364,1.331880332,0.661478261
XP_003446112.1,protamine-like protein,1,S,S1,1,Acetyl,Yes,Ambic only,100,100,100
XP_003446112.1,protamine-like protein,25,K,K25,209,Acrolein112,Other,Trypsin only,4.309508463,11.22177829,3.07562623
XP_003448795.2,H1.10,76,P,P76,35,Oxidation,Yes,Ambic only,7.341972584,3.454205328,0.83724227
XP_003448795.2,H1.10,78,T,T78,21 + 23,Phospho / Dehydrated,Yes,Ambic only,6.62097609,5.078310102,5.098479321
XP_003448795.2,H1.10,110,K,K110,34,Methyl,Yes,Ambic and Napho,6.611707279,8.491302597,1.283278591
XP_003448795.2,H1.10,113,K,K113,1,Acetyl,Yes,Ambic and Napho,0.099281686,0.009912135,0.0102769
XP_003448795.2,H1.10,113,K,K113,35,Oxidation,Yes,Napho only,5.570096622,6.5842594,0.521846416
XP_003448795.2,H1.10,113,K,K113,425,Dioxidation,Yes,Ambic only,1.041610658,1.907043196,0.761432175
XP_003448795.2,H1.10,116,K,K116,1,Acetyl,Yes,Napho only,0.31610655,0.01412713,0.057058813
XP_003448795.2,H1.10,119,K,K119,1,Acetyl,Yes,Trypsin only,50,50,50
XP_003448795.2,H1.10,141,S,S141,21 + 23,Phospho / Dehydrated,Yes,Trypsin only,0.097328179,0.784006732,0.226928802
XP_003448795.2,H1.10,145,R,R145,7,Deamidated,Yes,Trypsin only,1.248278129,1.476771793,2.008884546
XP_003448939.1,H2A,18,S,S18,1,Acetyl,Yes,Trypsin only,2.474134249,0.765132111,0.652236284
XP_003448939.1,H2A,18,S,S18,21 + 23,Phospho / Dehydrated,Yes,Trypsin only,0.406040916,0.179269428,0.370026985
XP_003448939.1,H2A,18,S,S18,121,GlyGly,Other,Trypsin only,0.503169855,0.208291276,0.296191282
XP_003448939.1,H2A,19,S,S19,21 + 23,Phospho / Dehydrated,Yes,Trypsin only,13.62432675,18.49305743,11.83773571
XP_003448939.1,H2A,19,S,S19,121,GlyGly,Other,Trypsin only,63.34669197,52.76313734,69.71064523
XP_003448939.1,H2A,20,R,R20,7,Deamidated,Yes,Trypsin only,20.27874614,27.77863274,17.53134698
XP_003448939.1,H2A,20,R,R20,34,Methyl,Yes,Trypsin only,62.13251913,52.32367525,68.75834281
XP_003448939.1,H2A,35,R,R35,36,Dimethyl,Yes,Trypsin only,100,100,100
XP_003448939.1,H2A,36,K,K36,209,Acrolein112,Other,Trypsin only,97.89623695,91.66745041,93.79383418
XP_003448939.1,H2A,36,K,K36,255,Dimethyl,Yes,Trypsin only,0.200159959,0.515133685,0.579805938
XP_003448939.1,H2A,42,R,R42,7,Deamidated,Yes,Ambic only,0.000279658,0.000646876,3.98191E-05
XP_003448939.1,H2A,42,R,R42,36,Dimethyl,Yes,Napho only,0.022751986,0.035708676,0.012749972
XP_003448939.1,H2A,48,P,P48,35,Oxidation,Yes,Napho only,0.790339966,1.21776632,1.506389929
XP_003448939.1,H2A,48,P,P48,425,Dioxidation,Yes,Ambic and Napho,0.279630873,0.389594333,0.49421096
XP_003448939.1,H2A,50,Y,Y50,21 + 23,Phospho / Dehydrated,Yes,Napho only,0.664950625,0.648365166,0.824370605
XP_003448939.1,H2A,50,Y,Y50,35,Oxidation,Yes,Ambic only,0.042854848,0.04759324,0.009765557
XP_003448939.1,H2A,50,Y,Y50,425,Dioxidation,Yes,Ambic only,0.116150824,0.117414213,0.155227261
XP_003448939.1,H2A,57,Y,Y57,21 + 23,Phospho / Dehydrated,Yes,Ambic and Napho,52.23250375,54.94988818,50.07970427
XP_003448939.1,H2A,59,T,T59,1,Acetyl,Yes,Ambic and Napho,2.163759784,0.469892219,4.167517599
XP_003448939.1,H2A,59,T,T59,21 + 23,Phospho / Dehydrated,Yes,Ambic and Napho,49.45567358,53.81031556,44.41003174
XP_003448939.1,H2A,59,T,T59,121,GlyGly,Other,Napho only,5.48674964,4.605149429,6.837325827
XP_003448939.1,H2A,74,K,K74,1,Acetyl,Yes,Napho only,4.37498286,0.822336019,1.653994862
XP_003448939.1,H2A,76,T,T76,21 + 23,Phospho / Dehydrated,Yes,Napho only,11.57439962,27.04748553,7.89442921
XP_003448939.1,H2A,77,R,R77,7,Deamidated,Yes,Napho only,1.493895083,0.043264808,1.039402712
XP_003448939.1,H2A,80,P,P80,35,Oxidation,Yes,Trypsin only,33.33333333,33.33333333,33.33333333
XP_003448939.1,H2A,81,R,R81,7,Deamidated,Yes,Trypsin only,16.6208973,16.17209098,16.54948779
XP_003448939.1,H2A,88,R,R88,34,Methyl,Yes,Trypsin only,0.435917827,0.462008993,2.171438356
XP_003448939.1,H2A,91,E,E91,213,ADP-Ribosyl,Yes,Napho only,40.94387973,31.71371019,23.11497408
XP_003448939.1,H2A,95,K,K95,1,Acetyl,Yes,Napho only,0.033699296,0.019888613,0.011449525
XP_003448939.1,H2A,95,K,K95,35,Oxidation,Yes,Ambic only,0.191917364,0.269718589,0.181821339
XP_003448939.1,H2A,95,K,K95,121,GlyGly,Other,Napho only,0.059203051,0.07244709,0.071932306
XP_003448939.1,H2A,95,K,K95,255,Dimethyl,Yes,Napho only,0.55021896,0.619656998,0.777722755
XP_003448939.1,H2A,95,K,K95,425,Dioxidation,Yes,Napho only,1.330141286,0.291929745,0.418424957
XP_003448939.1,H2A,101,T,T101,21 + 23,Phospho / Dehydrated,Yes,Ambic and Napho,2.957038239,0.888246509,1.067408159
XP_003448939.1,H2A,109,P,P109,35,Oxidation,Yes,Napho only,2.558211514,3.999099353,2.457545107
XP_003448939.1,H2A,109,P,P109,425,Dioxidation,Yes,Ambic and Napho,7.704473827,10.63747649,6.687520914
XP_003448939.1,H2A,117,P,P117,425,Dioxidation,Yes,Napho only,0.22464595,0.35205777,0.219349651
XP_003448939.1,H2A,118,K,K118,1,Acetyl,Yes,Ambic and Napho,14.10946903,14.14021764,11.30588872
XP_003448939.1,H2A,118,K,K118,34,Methyl,Yes,Napho only,4.229017741,3.435971237,6.0797273
XP_003448939.1,H2A,118,K,K118,35,Oxidation,Yes,Napho only,0.278142449,0.205114424,0.140285333
XP_003448939.1,H2A,118,K,K118,121,GlyGly,Other,Napho only,0,0,0
XP_003448939.1,H2A,118,K,K118,255,Dimethyl,Yes,Ambic and Napho,10.00332104,9.859662757,12.36593237
XP_003448939.1,H2A,118,K,K118,378,Lactyl / Carboxyethyl,Yes,Ambic and Napho,1.163946134,1.78469588,5.613129252
XP_003448939.1,H2A,119,K,K119,1,Acetyl,Yes,Napho only,0.314567521,0.272454215,0.194916644
XP_003448939.1,H2A,119,K,K119,34,Methyl,Yes,Ambic only,0.15049121,0.081672594,0.120778173
XP_003448939.1,H2A,119,K,K119,121,GlyGly,Other,Napho only,5.815597487,3.865575422,8.966791707
XP_003448939.1,H2A,119,K,K119,255,Dimethyl,Yes,Napho only,2.47512816,0.583269838,0.469040538
XP_003448939.1,H2A,119,K,K119,378,Lactyl / Carboxyethyl,Yes,Ambic and Napho,0.475208965,0.64910551,1.461244994
XP_003448939.1,H2A,120,T,T120,21 + 23,Phospho / Dehydrated,Yes,Ambic and Napho,4.81512889,5.129351128,4.338468579
XP_003448939.1,H2A,120,T,T120,121,GlyGly,Other,Napho only,3.346130962,2.252696855,5.098415991
XP_003448939.1,H2A,122,K,K122,121,GlyGly,Other,Napho only,0,0,0
XP_003448939.1,H2A,122,K,K122,255,Dimethyl,Yes,Napho only,1.285649781,1.373654425,1.780637551
XP_003448939.1,H2A,124,T,T124,21 + 23,Phospho / Dehydrated,Yes,Ambic and Napho,22.30561105,21.3174197,23.09031707
XP_003448939.1,H2A,126,S,S126,21 + 23,Phospho / Dehydrated,Yes,Ambic and Napho,10.35859254,10.05681822,11.50009493
XP_003448939.1,H2A,127,K,K127,1,Acetyl,Yes,Napho only,1.497234817,0.291328115,0.395828379
XP_003448939.1,H2A,127,K,K127,2,Amidated,Yes,Ambic only,16.13413774,17.94564954,15.54845278
XP_003448939.1,H2A,127,K,K127,121,GlyGly,Other,Napho only,0.270503282,0.12432143,0.09694447
XP_003448939.1,H2A,127,K,K127,255,Dimethyl,Yes,Napho only,0,0,0
XP_003450682.1,H1,267,K,K267,209,Acrolein112,Other,Trypsin only,21.36814252,25.21864357,52.03527591
XP_003451196.1,H2B 1/2,54,S,S54,121,GlyGly,Other,Napho only,9.050794153,15.10126914,13.32274605
XP_003451196.1,H2B 1/2,55,K,K55,1,Acetyl,Yes,Ambic and Napho,16.05043828,19.56823432,15.700255
XP_003451196.1,H2B 1/2,55,K,K55,425,Dioxidation,Yes,Napho only,3.824857971,0.97206069,0.865473755
XP_003451196.1,H2B 1/2,58,S,S58,121,GlyGly,Other,Ambic and Napho,6.829764938,15.15946385,20.96812762
XP_003451196.1,H2B 1/2,70,R,R70,7,Deamidated,Yes,Ambic and Napho,15.67299859,19.99066642,26.65367571
XP_003451196.1,H2B 1/2,70,R,R70,35,Oxidation,Yes,Ambic and Napho,15.37852104,20.09046869,24.93176424
XP_003451196.1,H2B 1/2,76,S,S76,21 + 23,Phospho / Dehydrated,Yes,Ambic and Napho,4.792586799,12.53920086,9.24998116
XP_003451196.1,H2B 1/2,76,S,S76,121,GlyGly,Other,Ambic and Napho,0.859763717,0.058490557,0.077899113
XP_003451196.1,H2B 1/2,77,R,R77,7,Deamidated,Yes,Ambic and Napho,5.383209253,7.252986349,5.949775261
XP_003451196.1,H2B 1/2,77,R,R77,34,Methyl,Yes,Napho only,0.723603789,0.941322713,1.732850929
XP_003451196.1,H2B 1/2,77,R,R77,35,Oxidation,Yes,Ambic and Napho,2.937206408,9.641316994,4.293953927
XP_003451196.1,H2B 1/2,77,R,R77,36,Dimethyl,Yes,Ambic only,0.339218752,0.142746625,0.261678234
XP_003451196.1,H2B 1/2,77,R,R77,425,Dioxidation,Yes,Napho only,1.242896987,1.525065684,3.094593504
XP_003451196.1,H2B 1/2,81,Y,Y81,21 + 23,Phospho / Dehydrated,Yes,Ambic and Napho,5.671633739,7.680800455,6.14398774
XP_003451196.1,H2B 1/2,81,Y,Y81,35,Oxidation,Yes,Ambic only,4.203557658,4.199179927,4.111763838
XP_003451196.1,H2B 1/2,81,Y,Y81,425,Dioxidation,Yes,Ambic only,0.572265266,0.384534608,0.68521593
XP_003451196.1,H2B 1/2,82,N,N82,35,Oxidation,Yes,Ambic only,2.006030406,2.087993837,2.104930891
XP_003451196.1,H2B 1/2,83,K,K83,1,Acetyl,Yes,Ambic and Napho,9.495508205,6.167732464,7.926261934
XP_003451196.1,H2B 1/2,83,K,K83,34,Methyl,Yes,Ambic and Napho,3.657714957,3.331776804,4.10896445
XP_003451196.1,H2B 1/2,83,K,K83,35,Oxidation,Yes,Ambic and Napho,0.992078706,0.703507301,0.989525506
XP_003451196.1,H2B 1/2,83,K,K83,121,GlyGly,Other,Ambic only,0.124597976,0.134621815,0.034389068
XP_003451196.1,H2B 1/2,83,K,K83,255,Dimethyl,Yes,Ambic and Napho,7.474013498,4.45572528,7.407080011
XP_003451196.1,H2B 1/2,83,K,K83,378,Lactyl / Carboxyethyl,Yes,Ambic only,0.966199009,0.524953985,0.881015706
XP_003451196.1,H2B 1/2,83,K,K83,425,Dioxidation,Yes,Ambic and Napho,2.022806771,0.941411016,1.525003932
XP_003451196.1,H2B 1/2,84,R,R84,7,Deamidated,Yes,Ambic and Napho,8.924991084,6.072350635,7.834866498
XP_003451196.1,H2B 1/2,84,R,R84,34,Methyl,Yes,Ambic and Napho,8.051651082,4.526307051,7.536238764
XP_003451196.1,H2B 1/2,84,R,R84,35,Oxidation,Yes,Ambic and Napho,4.51175047,2.764401339,3.745461087
XP_003451196.1,H2B 1/2,84,R,R84,36,Dimethyl,Yes,Ambic and Napho,2.91331904,1.960723519,2.606948191
XP_003451196.1,H2B 1/2,84,R,R84,425,Dioxidation,Yes,Ambic and Napho,1.696948928,0.988438916,1.588278782
XP_003451196.1,H2B 1/2,85,S,S85,21 + 23,Phospho / Dehydrated,Yes,Ambic and Napho,5.288673346,4.692991781,6.337190203
XP_003451196.1,H2B 1/2,85,S,S85,121,GlyGly,Other,Ambic only,0.030012957,0.001820811,0.010867354
XP_003451196.1,H2B 1/2,86,T,T86,21 + 23,Phospho / Dehydrated,Yes,Ambic and Napho,0.277424548,0.268288229,0.112147195
XP_003451196.1,H2B 1/2,88,T,T88,21 + 23,Phospho / Dehydrated,Yes,Ambic and Napho,0.517731462,0.997274557,0.358856794
XP_003451196.1,H2B 1/2,94,T,T94,1,Acetyl,Yes,Ambic and Napho,17.66936546,1.757580465,2.274429902
XP_003451196.1,H2B 1/2,94,T,T94,21 + 23,Phospho / Dehydrated,Yes,Ambic and Napho,7.945668473,11.50511437,11.02299416
XP_003451196.1,H2B 1/2,94,T,T94,121,GlyGly,Other,Ambic and Napho,3.316242147,1.025971159,0.747170897
XP_003451196.1,H2B 1/2,97,R,R97,7,Deamidated,Yes,Ambic and Napho,12.45469876,8.54484543,7.382775179
XP_003451196.1,H2B 1/2,97,R,R97,34,Methyl,Yes,Ambic and Napho,3.959977123,3.772711872,2.570382245
XP_003451196.1,H2B 1/2,97,R,R97,35,Oxidation,Yes,Ambic and Napho,2.324855276,5.252615727,4.469843657
XP_003451196.1,H2B 1/2,97,R,R97,36,Dimethyl,Yes,Napho only,0.133868771,0.532104271,0.3235983
XP_003451196.1,H2B 1/2,97,R,R97,425,Dioxidation,Yes,Ambic and Napho,0.316719528,0.490420851,0.463858143
XP_003451196.1,H2B 1/2,101,P,P101,35,Oxidation,Yes,Ambic and Napho,6.02043013,9.963806852,8.506152113
XP_003451196.1,H2B 1/2,101,P,P101,425,Dioxidation,Yes,Ambic and Napho,2.529802752,3.26096042,3.001225097
XP_003451196.1,H2B 1/2,106,K,K106,1,Acetyl,Yes,Ambic and Napho,22.82985313,7.245593189,11.15321806
XP_003451196.1,H2B 1/2,106,K,K106,3,Biotin,Yes,Napho only,0.033591204,0.051322371,0.071321061
XP_003451196.1,H2B 1/2,106,K,K106,34,Methyl,Yes,Ambic and Napho,8.124948687,4.048597833,5.777281935
XP_003451196.1,H2B 1/2,106,K,K106,35,Oxidation,Yes,Ambic only,1.528811893,0.544122575,0.44028637
XP_003451196.1,H2B 1/2,106,K,K106,121,GlyGly,Other,Ambic only,0.15973071,0.0790578,0.135690676
XP_003451196.1,H2B 1/2,106,K,K106,255,Dimethyl,Yes,Ambic and Napho,0.996354874,0.78552417,0.944428038
XP_003451196.1,H2B 1/2,106,K,K106,378,Lactyl / Carboxyethyl,Yes,Ambic and Napho,0.271005973,0.22366935,0.337409185
XP_003451196.1,H2B 1/2,106,K,K106,425,Dioxidation,Yes,Ambic and Napho,1.686121155,3.629065203,3.044881767
XP_003451196.1,H2B 1/2,110,S,S110,21 + 23,Phospho / Dehydrated,Yes,Ambic and Napho,21.12274518,15.53572267,15.34953636
XP_003451196.1,H2B 1/2,113,T,T113,21 + 23,Phospho / Dehydrated,Yes,Ambic and Napho,13.27552385,13.23616316,13.03124965
XP_003451196.1,H2B 1/2,113,T,T113,121,GlyGly,Other,Ambic and Napho,0.27241162,0.134139571,0.05157946
XP_003451196.1,H2B 1/2,114,K,K114,1,Acetyl,Yes,Ambic and Napho,7.275018119,7.887534522,7.596935569
XP_003451196.1,H2B 1/2,114,K,K114,35,Oxidation,Yes,Ambic and Napho,13.37940866,13.10953284,14.03830352
XP_003451196.1,H2B 1/2,114,K,K114,121,GlyGly,Other,Napho only,0.519403105,0.221625665,0.411518406
XP_003451196.1,H2B 1/2,114,K,K114,255,Dimethyl,Yes,Napho only,4.295382817,4.361561184,4.315910213
XP_003451196.1,H2B 1/2,114,K,K114,378,Lactyl / Carboxyethyl,Yes,Napho only,1.64610861,1.67324709,1.612917342
XP_003451196.1,H2B 1/2,117,T,T117,21 + 23,Phospho / Dehydrated,Yes,Ambic and Napho,7.462021212,7.930080439,7.447628181
XP_003451196.1,H2B 1/2,117,T,T117,121,GlyGly,Other,Ambic only,0.461117016,0.084567098,0.351242867
XP_003451196.1,H2B 1/2,118,K,K118,1,Acetyl,Yes,Napho only,0.866466056,0.786769865,0.781828234
XP_003451196.1,H2B 1/2,118,K,K118,34,Methyl,Yes,Ambic only,4.241171905,4.89225758,4.445482176
XP_003451196.1,H2B 1/2,118,K,K118,35,Oxidation,Yes,Napho only,0,0,0
XP_003451196.1,H2B 1/2,118,K,K118,53,4-hydroxynonenal,Yes,Napho only,0.077906264,0.008461427,0.077530609
XP_003451196.1,H2B 1/2,118,K,K118,378,Lactyl / Carboxyethyl,Yes,Ambic and Napho,5.815912602,6.256833349,5.834710839
XP_003451196.1,H2B 1/2,119,Y,Y119,21 + 23,Phospho / Dehydrated,Yes,Ambic and Napho,6.277029618,6.341400446,6.185953706
XP_003451196.1,H2B 1/2,119,Y,Y119,425,Dioxidation,Yes,Ambic only,4.241171905,4.89225758,4.445482176
XP_003451211.1,H2A,94,N,N94,35,Oxidation,Yes,Ambic only,0.316983998,0.224289517,0.35913289
XP_003451211.1,H2A,95,K,K95,1,Acetyl,Yes,Napho only,0.472169555,0.517189767,0.639861624
XP_003451211.1,H2A,95,K,K95,3,Biotin,Yes,Napho only,0.056520073,0.022085055,0.073720197
XP_003451211.1,H2A,95,K,K95,34,Methyl,Yes,Ambic and Napho,4.182153571,3.931579056,4.830015324
XP_003451211.1,H2A,95,K,K95,35,Oxidation,Yes,Ambic and Napho,2.762929133,2.461039161,3.860035878
XP_003451211.1,H2A,95,K,K95,121,GlyGly,Other,Ambic only,0.32319666,0.342596009,0.392192134
XP_003451211.1,H2A,95,K,K95,255,Dimethyl,Yes,Napho only,3.211710927,3.504303276,3.563527963
XP_003451211.1,H2A,95,K,K95,378,Lactyl / Carboxyethyl,Yes,Napho only,0.439641407,0.420902537,0.711633207
XP_003451211.1,H2A,95,K,K95,425,Dioxidation,Yes,Napho only,0.46585428,0.646355622,0.825094395
XP_003451211.1,H2A,101,T,T101,21 + 23,Phospho / Dehydrated,Yes,Ambic and Napho,24.04480494,25.62462072,23.91593324
XP_003451211.1,H2A,101,T,T101,121,GlyGly,Other,Napho only,0.028019134,0.011688664,0.038447939
XP_003451211.1,H2A,109,P,P109,35,Oxidation,Yes,Ambic and Napho,5.701191597,5.749380723,5.320863988
XP_003451211.1,H2A,109,P,P109,425,Dioxidation,Yes,Ambic and Napho,18.99584657,20.81156087,18.23574909
XP_003451211.1,H2A,117,P,P117,35,Oxidation,Yes,Ambic only,3.662954297,3.644095819,3.746400199
XP_003451211.1,H2A,117,P,P117,425,Dioxidation,Yes,Ambic and Napho,4.333020759,4.302406974,4.436383634
XP_003451211.1,H2A,118,K,K118,34,Methyl,Yes,Napho only,1.001552316,0.875388097,0.788687494
XP_003451211.1,H2A,118,K,K118,35,Oxidation,Yes,Ambic and Napho,1.30527471,1.232251845,1.429693854
XP_003451211.1,H2A,118,K,K118,213,ADP-Ribosyl,Yes,Napho only,0.152315071,0.041738841,0.28942757
XP_003451211.1,H2A,118,K,K118,255,Dimethyl,Yes,Ambic and Napho,6.288956311,6.087826375,5.912182558
XP_003451211.1,H2A,119,K,K119,1,Acetyl,Yes,Napho only,0.346031469,0.397511681,0.466901174
XP_003451211.1,H2A,119,K,K119,34,Methyl,Yes,Napho only,2.826963734,2.917234905,2.399963596
XP_003451211.1,H2A,119,K,K119,255,Dimethyl,Yes,Ambic and Napho,0.805596069,0.58788744,0.96650502
XP_003451211.1,H2A,119,K,K119,378,Lactyl / Carboxyethyl,Yes,Napho only,0.377937843,0.350488201,0.313407427
XP_003451211.1,H2A,120,T,T120,21 + 23,Phospho / Dehydrated,Yes,Napho only,4.979649119,4.508552137,3.88716434
XP_003451211.1,H2A,122,K,K122,1,Acetyl,Yes,Napho only,0.377937843,0.350488201,0.313407427
XP_003451211.1,H2A,122,K,K122,34,Methyl,Yes,Napho only,1.059037001,0.994282754,0.952242788
XP_003451211.1,H2A,122,K,K122,121,GlyGly,Other,Napho only,0.28460524,0.123301736,0.099422803
XP_003451211.1,H2A,122,K,K122,255,Dimethyl,Yes,Napho only,2.797225991,2.739605097,2.279144335
XP_003451211.1,H2A,123,P,P123,35,Oxidation,Yes,Napho only,0,0,0
XP_003451211.1,H2A,125,K,K125,425,Dioxidation,Yes,Napho only,0.538726854,0.568410147,0.657151869
XP_003451211.1,H2A,127,K,K127,2,Amidated,Yes,Napho only,3.574358097,3.511871841,2.886427006
XP_003451211.1,H2A,127,K,K127,425,Dioxidation,Yes,Napho only,0.538726854,0.568410147,0.657151869
XP_003458968.1,H2A.Z isoform X2,4,K,K4,34,Methyl,Yes,Ambic only,100,100,100
XP_003459572.1,H2A,94,K,K94,1,Acetyl,Yes,Napho only,0.189417662,0.55254442,0.098785034
XP_003459572.1,H2A,94,K,K94,35,Oxidation,Yes,Ambic only,6.715784317,6.397234991,8.805988705
XP_003459572.1,H2A,100,T,T100,21 + 23,Phospho / Dehydrated,Yes,Ambic and Napho,8.033269346,9.030286405,9.614695844
XP_003459572.1,H2A,108,P,P108,425,Dioxidation,Yes,Napho only,1.371940971,2.65893924,0.878978356
XP_003459572.1,H2A,117,K,K117,1,Acetyl,Yes,Napho only,0,0,0
XP_003459572.1,H2A,117,K,K117,34,Methyl,Yes,Napho only,11.36612679,11.17772503,15.20584642
XP_003459572.1,H2A,117,K,K117,53,4-hydroxynonenal,Yes,Napho only,0.016291209,0.034813807,0.007794197
XP_003459572.1,H2A,118,K,K118,1,Acetyl,Yes,Napho only,1.100182868,0.538867496,0.070560943
XP_003459572.1,H2A,118,K,K118,121,GlyGly,Other,Napho only,2.869727074,3.936468848,0.834888966
XP_003459572.1,H2A,119,T,T119,21 + 23,Phospho / Dehydrated,Yes,Napho only,5.614842081,5.702733626,2.708738371
XP_003459572.1,H2A,119,T,T119,121,GlyGly,Other,Napho only,11.18290754,10.81734814,15.06451199
XP_003459572.1,H2A,121,K,K121,53,4-hydroxynonenal,Yes,Napho only,2.625895212,3.662541436,0.797116898
XP_003459572.1,H2A,123,K,K123,1,Acetyl,Yes,Napho only,3.040433869,1.062027925,2.011916833
XP_003459572.1,H2A,123,K,K123,2,Amidated,Yes,Napho only,2.545540322,0.914320387,1.689077557
XP_003459572.1,H2A,123,K,K123,121,GlyGly,Other,Ambic and Napho,10.19293381,10.42298995,13.60024259
XP_003459572.1,H2A,123,K,K123,378,Lactyl / Carboxyethyl,Yes,Napho only,7.97928,7.794692795,11.16663118
XP_003459589.1,H1-like,1,A,A1,1,Acetyl,Yes,Ambic only,24.44263146,34.00972108,26.52004175
XP_003459589.1,H1-like,1,A,A1,122,Formyl,Yes,Ambic only,9.713798948,3.900980346,4.021622871
XP_003459589.1,H1-like,5,P,P5,35,Oxidation,Yes,Ambic and Napho,7.451047713,9.050308175,10.54078296
XP_003459589.1,H1-like,7,P,P7,35,Oxidation,Yes,Napho only,9.060234271,8.313034263,6.681002808
XP_003459589.1,H1-like,11,P,P11,35,Oxidation,Yes,Ambic and Napho,13.51787087,10.90712106,15.27862863
XP_003459589.1,H1-like,11,P,P11,425,Dioxidation,Yes,Napho only,4.843402465,6.570431168,6.998172558
XP_003459589.1,H1-like,13,K,K13,1,Acetyl,Yes,Ambic and Napho,1.898040454,2.074798876,2.36511993
XP_003459589.1,H1-like,13,K,K13,34,Methyl,Yes,Napho only,3.681982159,5.456050001,4.921286686
XP_003459589.1,H1-like,13,K,K13,35,Oxidation,Yes,Ambic only,3.352041613,2.701711868,4.045603378
XP_003459589.1,H1-like,13,K,K13,255,Dimethyl,Yes,Ambic and Napho,8.504542512,6.940068824,9.984440435
XP_003459589.1,H1-like,18,K,K18,1,Acetyl,Yes,Ambic only,0,0,0
XP_003459589.1,H1-like,18,K,K18,37,Trimethyl,Yes,Napho only,4.349971023,4.774039396,4.353593477
XP_003459589.1,H1-like,21,K,K21,34,Methyl,Yes,Ambic only,2.064559661,1.952756099,3.201615569
XP_003459589.1,H1-like,21,K,K21,35,Oxidation,Yes,Ambic and Napho,4.349971023,4.774039396,4.353593477
XP_003459589.1,H1-like,21,K,K21,37,Trimethyl,Yes,Ambic only,3.352041613,2.701711868,4.045603378
XP_003459589.1,H1-like,21,K,K21,255,Dimethyl,Yes,Napho only,2.861029064,5.19896232,5.014266123
XP_003459589.1,H1-like,35,K,K35,3,Biotin,Yes,Napho only,4.790026254,5.40208993,7.174681107
XP_003459589.1,H1-like,35,K,K35,34,Methyl,Yes,Ambic only,2.846187953,0.432786927,0.269045865
XP_003459589.1,H1-like,35,K,K35,255,Dimethyl,Yes,Ambic only,2.147914705,0.4153019,0.370518921
XP_003459589.1,H1-like,35,K,K35,378,Lactyl / Carboxyethyl,Yes,Napho only,2.545399668,4.586336871,0.395752819
XP_003459589.1,H1-like,38,T,T38,21 + 23,Phospho / Dehydrated,Yes,Ambic only,2.846187953,0.432786927,0.269045865
XP_003459589.1,H1-like,43,R,R43,7,Deamidated,Yes,Ambic and Napho,12.8053133,12.00508126,17.22716297
XP_003459589.1,H1-like,43,R,R43,34,Methyl,Yes,Ambic and Napho,0.012864287,0.023881529,0.0127017
XP_003459589.1,H1-like,43,R,R43,36,Dimethyl,Yes,Ambic only,0.154149984,0.101098812,0.047213382
XP_003459589.1,H1-like,44,K,K44,1,Acetyl,Yes,Ambic and Napho,1.294514846,1.166050078,1.377618072
XP_003459589.1,H1-like,44,K,K44,34,Methyl,Yes,Ambic and Napho,0.013587469,0.016373098,0.010287216
XP_003459589.1,H1-like,44,K,K44,121,GlyGly,Other,Ambic only,0.119328527,0.107985203,0.096159612
XP_003459589.1,H1-like,44,K,K44,209,Acrolein112,Other,Trypsin only,29.6533211,17.89712108,21.51021418
XP_003459589.1,H1-like,44,K,K44,255,Dimethyl,Yes,Ambic only,0.641159465,0.303754154,0.166332498
XP_003459589.1,H1-like,44,K,K44,425,Dioxidation,Yes,Napho only,0.524844927,0.338348757,0.127668875
XP_003459589.1,H1-like,47,S,S47,21 + 23,Phospho / Dehydrated,Yes,Napho only,0.524844927,0.338348757,0.127668875
XP_003459589.1,H1-like,47,S,S47,121,GlyGly,Other,Ambic only,0,0,0
XP_003459589.1,H1-like,52,K,K52,1,Acetyl,Yes,Ambic and Napho,2.647734327,2.313122998,2.535051509
XP_003459589.1,H1-like,52,K,K52,34,Methyl,Yes,Napho only,0,0,0
XP_003459589.1,H1-like,52,K,K52,35,Oxidation,Yes,Ambic and Napho,2.467228559,2.386361467,2.922515203
XP_003459589.1,H1-like,52,K,K52,53,4-hydroxynonenal,Yes,Ambic only,0.779024989,0.987430538,0.612095966
XP_003459589.1,H1-like,52,K,K52,121,GlyGly,Other,Ambic and Napho,4.495251455,5.999132635,6.00664479
XP_003459589.1,H1-like,52,K,K52,255,Dimethyl,Yes,Ambic only,0.2878673,0.359162086,0.210032559
XP_003459589.1,H1-like,52,K,K52,378,Lactyl / Carboxyethyl,Yes,Ambic only,1.057250947,2.217295564,1.987557848
XP_003459589.1,H1-like,52,K,K52,425,Dioxidation,Yes,Napho only,9.959893362,6.726180568,0.032463282
XP_003459589.1,H1-like,53,K,K53,1,Acetyl,Yes,Ambic and Napho,4.741021889,5.308659221,4.802728388
XP_003459589.1,H1-like,53,K,K53,34,Methyl,Yes,Napho only,0,0,0
XP_003459589.1,H1-like,53,K,K53,35,Oxidation,Yes,Ambic only,0.280058979,1.178192892,0.6873327
XP_003459589.1,H1-like,53,K,K53,53,4-hydroxynonenal,Yes,Ambic only,0.19172099,0.126695388,0.23610416
XP_003459589.1,H1-like,53,K,K53,121,GlyGly,Other,Ambic and Napho,4.935077776,6.832238158,7.039229451
XP_003459589.1,H1-like,53,K,K53,255,Dimethyl,Yes,Ambic only,0.061593127,0.070999015,0.050061315
XP_003459589.1,H1-like,53,K,K53,378,Lactyl / Carboxyethyl,Yes,Ambic only,1.43731328,2.863186498,2.446412756
XP_003459589.1,H1-like,53,K,K53,425,Dioxidation,Yes,Napho only,0.461884599,0.703377493,0.169182682
XP_003459589.1,H1-like,60,Y,Y60,21 + 23,Phospho / Dehydrated,Yes,Ambic only,4.174860177,4.714151899,4.205019739
XP_003459589.1,H1-like,60,Y,Y60,35,Oxidation,Yes,Ambic only,6.274415093,5.317590204,6.824472106
XP_003459589.1,H1-like,61,D,D61,35,Oxidation,Yes,Ambic only,0.43247086,0.370110471,0.347563497
XP_003459589.1,H1-like,64,K,K64,1,Acetyl,Yes,Napho only,10.71414593,10.6857121,18.5460917
XP_003459589.1,H1-like,68,R,R68,7,Deamidated,Yes,Napho only,25.24787778,28.26118395,28.54636466
XP_003459589.1,H1-like,75,S,S75,21 + 23,Phospho / Dehydrated,Yes,Napho only,21.05709779,25.34834512,13.68750377
XP_005461836.1,H1-like,34,K,K34,255,Dimethyl,Yes,Napho only,8.74891946,8.128321784,1.817686112
XP_005461836.1,H1-like,34,K,K34,378,Lactyl / Carboxyethyl,Yes,Napho only,3.065850996,1.930918746,0.659043056
XP_005461836.1,H1-like,66,P,P66,425,Dioxidation,Yes,Napho only,26.54051172,18.50513645,30.44130496
XP_005461836.1,H1-like,67,K,K67,255,Dimethyl,Yes,Ambic only,43.06270192,37.5661071,16.11627961
XP_005461836.1,H1-like,70,K,K70,34,Methyl,Yes,Napho only,10.65114329,16.86967612,9.253096451
XP_005461836.1,H1-like,71,R,R71,7,Deamidated,Yes,Napho only,0,0,0
XP_005461836.1,H1-like,74,T,T74,21 + 23,Phospho / Dehydrated,Yes,Napho only,37.191655,35.37481257,39.69440141
XP_005463512.2,H3,9,K,K9,209,Acrolein112,Other,Trypsin only,65.92986108,40.03618226,47.52130538
XP_005463512.2,H3,14,K,K14,1,Acetyl,Yes,Trypsin only,25.98530102,12.19345028,19.5839084
XP_005463512.2,H3,18,K,K18,121,GlyGly,Other,Trypsin only,11.41538046,2.246419936,3.262738286
XP_005463512.2,H3,18,K,K18,209,Acrolein112,Other,Trypsin only,52.87857049,16.11048619,27.85608685
XP_005463512.2,H3,22,T,T22,21 + 23,Phospho / Dehydrated,Yes,Trypsin only,4.042091462,1.558291382,3.269170543
XP_005463512.2,H3,23,K,K23,1,Acetyl,Yes,Trypsin only,33.85908309,16.62236806,13.07211225
XP_005463512.2,H3,27,K,K27,1,Acetyl,Yes,Trypsin only,9.704681745,5.0155336,5.426684572
XP_005463512.2,H3,27,K,K27,34,Methyl,Yes,Trypsin only,1.383675108,2.360826314,6.397312213
XP_005463512.2,H3,27,K,K27,35,Oxidation,Yes,Trypsin only,0.987048983,1.333096867,3.296390285
XP_005463512.2,H3,27,K,K27,209,Acrolein112,Other,Trypsin only,5.200036206,8.420317381,6.672211974
XP_005463512.2,H3,27,K,K27,255,Dimethyl,Yes,Trypsin only,70.35638225,62.97365303,54.61018335
XP_005463512.2,H3,27,K,K27,378,Lactyl / Carboxyethyl,Yes,Trypsin only,0.903194955,1.311182619,3.642055357
XP_005463512.2,H3,27,K,K27,425,Dioxidation,Yes,Trypsin only,1.087694738,1.475022523,3.857135001
XP_005463512.2,H3,27,K,K27,1289,Butyryl,Yes,Trypsin only,0.075228562,0.244733034,0.144372913
XP_005463512.2,H3,28,S,S28,21 + 23,Phospho / Dehydrated,Yes,Trypsin only,2.143881418,3.265334894,7.276938034
XP_005463512.2,H3,28,S,S28,121,GlyGly,Other,Trypsin only,5.24116338,11.49080214,7.405161313
XP_005463512.2,H3,30,P,P30,425,Dioxidation,Yes,Trypsin only,1.288328256,1.573549442,4.018285737
XP_005463512.2,H3,32,T,T32,21 + 23,Phospho / Dehydrated,Yes,Trypsin only,5.352334436,13.02100726,12.29935267
XP_005463512.2,H3,32,T,T32,121,GlyGly,Other,Trypsin only,1.942111404,4.713982796,6.753007875
XP_005463512.2,H3,36,K,K36,1,Acetyl,Yes,Trypsin only,0.632837807,2.0929178,0.405846931
XP_005463512.2,H3,36,K,K36,34,Methyl,Yes,Trypsin only,0.10648987,0.277980093,0.082348704
XP_005463512.2,H3,36,K,K36,121,GlyGly,Other,Trypsin only,73.60435167,44.29477079,46.85576595
XP_005463512.2,H3,36,K,K36,255,Dimethyl,Yes,Trypsin only,3.404452467,1.927475372,1.33895494
XP_005463512.2,H3,37,K,K37,121,GlyGly,Other,Trypsin only,2.999443123,12.20160874,6.99104316
XP_005463512.2,H3,37,K,K37,255,Dimethyl,Yes,Trypsin only,0.075099232,0.055529832,0.065948019
XP_005463512.2,H3,40,R,R40,36,Dimethyl,Yes,Trypsin only,0.000625418,0.037225609,0.003052965
XP_005463512.2,H3,41,Y,Y41,21 + 23,Phospho / Dehydrated,Yes,Trypsin only,7.657019481,1.993469969,4.84362687
XP_005463512.2,H3,42,R,R42,35,Oxidation,Yes,Trypsin only,0.112146138,0.920186398,0.256781956
XP_005463512.2,H3,43,P,P43,425,Dioxidation,Yes,Trypsin only,7.657019481,1.993469969,4.84362687
XP_005463512.2,H3,54,Y,Y54,21 + 23,Phospho / Dehydrated,Yes,Trypsin only,0.065285947,0.078402673,0.060851193
XP_005463512.2,H3,56,K,K56,1,Acetyl,Yes,Trypsin only,0.752262698,3.364386301,1.131788581
XP_005463512.2,H3,56,K,K56,34,Methyl,Yes,Trypsin only,0.020771337,0.005591809,0.007190119
XP_005463512.2,H3,56,K,K56,378,Lactyl / Carboxyethyl,Yes,Trypsin only,0.533231656,0.285699481,0.383625137
XP_005463512.2,H3,57,S,S57,21 + 23,Phospho / Dehydrated,Yes,Trypsin only,0.937439262,0.396178614,0.573253934
XP_005463512.2,H3,58,T,T58,21 + 23,Phospho / Dehydrated,Yes,Trypsin only,0.007662498,0.002205318,0.002008902
XP_005463512.2,H3,63,R,R63,7,Deamidated,Yes,Ambic and Napho,43.89592572,37.92283238,36.18624277
XP_005463512.2,H3,63,R,R63,35,Oxidation,Yes,Ambic and Napho,3.70508505,5.342434802,4.862793792
XP_005463512.2,H3,63,R,R63,425,Dioxidation,Yes,Ambic and Napho,4.933486555,8.760342213,8.467454281
XP_005463512.2,H3,64,K,K64,1,Acetyl,Yes,Ambic and Napho,1.522790162,0.083283928,0.165408979
XP_005463512.2,H3,64,K,K64,34,Methyl,Yes,Ambic and Napho,17.78437807,24.36858604,22.61411231
XP_005463512.2,H3,64,K,K64,35,Oxidation,Yes,Ambic and Napho,15.73488368,8.4888205,7.696622658
XP_005463512.2,H3,64,K,K64,121,GlyGly,Other,Ambic only,2.356734553,0.042741468,0.254378069
XP_005463512.2,H3,64,K,K64,425,Dioxidation,Yes,Ambic only,0,0,0
XP_005463512.2,H3,66,P,P66,35,Oxidation,Yes,Napho only,0.798874826,2.874509891,2.560420653
XP_005463512.2,H3,66,P,P66,425,Dioxidation,Yes,Ambic and Napho,2.411291587,7.5946805,6.758846046
XP_005463512.2,H3,69,R,R69,7,Deamidated,Yes,Ambic and Napho,1.128160688,0.158412546,0.223447335
XP_005463512.2,H3,69,R,R69,35,Oxidation,Yes,Ambic only,1.488313494,4.157881455,3.579427304
XP_005463512.2,H3,72,R,R72,7,Deamidated,Yes,Ambic only,0,0,0
XP_005463512.2,H3,79,K,K79,1,Acetyl,Yes,Trypsin only,0.046044693,0.015105452,0.024329369
XP_005463512.2,H3,79,K,K79,34,Methyl,Yes,"Ambic, Napho, and Trypsin",14.61912713,10.90535411,10.91263533
XP_005463512.2,H3,79,K,K79,35,Oxidation,Yes,Trypsin only,0.581821041,0.898985107,1.192993931
XP_005463512.2,H3,79,K,K79,37,Trimethyl,Yes,Trypsin only,1.003515048,1.433870853,1.91129266
XP_005463512.2,H3,79,K,K79,53,4-hydroxynonenal,Yes,Napho only,0.047850895,0.168824281,0.035256441
XP_005463512.2,H3,79,K,K79,255,Dimethyl,Yes,Napho and Trypsin,4.306289772,1.43238892,1.380170001
XP_005463512.2,H3,79,K,K79,378,Lactyl / Carboxyethyl,Yes,Napho only,0.176430656,0.684581166,0.232035691
XP_005463512.2,H3,79,K,K79,425,Dioxidation,Yes,Ambic only,0.002041531,0.002594568,0.011946088
XP_005463512.2,H3,80,T,T80,1,Acetyl,Yes,Trypsin only,0.742929466,1.049854206,1.380417152
XP_005463512.2,H3,80,T,T80,21 + 23,Phospho / Dehydrated,Yes,Trypsin and Ambic,0.015764071,0.007018036,0.006065734
XP_005463512.2,H3,80,T,T80,121,GlyGly,Other,Napho only,0.047850895,0.168824281,0.035256441
XP_005463512.2,H3,81,D,D81,35,Oxidation,Yes,Ambic only,0.195621208,0.351214531,0.101184628
XP_005463512.2,H3,83,R,R83,7,Deamidated,Yes,Ambic only,5.705199625,6.945583367,6.627442186
XP_005463512.2,H3,83,R,R83,34,Methyl,Yes,"Ambic, Napho, and Trypsin",4.032696121,7.200567941,7.189839372
XP_005463512.2,H3,83,R,R83,35,Oxidation,Yes,Ambic and Trypsin,1.087764702,1.516855791,1.940646011
XP_005463512.2,H3,83,R,R83,36,Dimethyl,Yes,Napho and Trypsin,1.867448234,4.649566203,4.220417308
XP_005463512.2,H3,83,R,R83,425,Dioxidation,Yes,Ambic only,0,0,0
XP_005463512.2,H3,86,S,S86,21 + 23,Phospho / Dehydrated,Yes,Ambic only,0.684645655,0.791500079,0.230983647
XP_005463512.2,H3,87,S,S87,21 + 23,Phospho / Dehydrated,Yes,Ambic only,0.633759375,1.215716309,0.323655149
XP_005463512.2,H3,118,T,T118,21 + 23,Phospho / Dehydrated,Yes,Trypsin only,0.093027475,0.115422321,0.048121778
XP_005463512.2,H3,118,T,T118,121,GlyGly,Other,Trypsin only,1.736103238,1.83309851,1.910446678
XP_005463512.2,H3,121,P,P121,425,Dioxidation,Yes,Trypsin only,2.618208387,3.272004397,3.06154587
XP_005463512.2,H3,122,K,K122,1,Acetyl,Yes,Trypsin only,1.152040117,1.424943596,0.937464981
XP_005463512.2,H3,122,K,K122,255,Dimethyl,Yes,Trypsin only,0.665990575,1.462806671,0.866105147
XP_005463512.2,H3,122,K,K122,378,Lactyl / Carboxyethyl,Yes,Trypsin only,1.594170387,0.588817808,0.527098103
XP_005463512.2,H3,122,K,K122,425,Dioxidation,Yes,Trypsin only,0.269038564,0.656073474,0.391891065
XP_005463512.2,H3,128,R,R128,7,Deamidated,Yes,Trypsin only,0.105643709,0.140850665,0.221033311
XP_005464230.1,H2A.Z isoform X1,56,S,S56,1,Acetyl,Yes,Trypsin only,0.850522488,0.352271895,0.563685764
XP_005464230.1,H2A.Z isoform X1,56,S,S56,21 + 23,Phospho / Dehydrated,Yes,Trypsin only,0.362251472,0.287723786,0.37319303
XP_005464230.1,H2A.Z isoform X1,56,S,S56,121,GlyGly,Other,Trypsin only,2.754567636,1.569498179,1.804477953
XP_005464230.1,H2A.Z isoform X1,58,R,R58,34,Methyl,Yes,Trypsin only,1.161848324,0.359664243,0.625358331
XP_005464230.1,H2A.Z isoform X1,58,R,R58,36,Dimethyl,Yes,Trypsin only,0.850522488,0.352271895,0.563685764
XP_005464230.1,H2A.Z isoform X1,58,R,R58,425,Dioxidation,Yes,Trypsin only,0.362251472,0.287723786,0.37319303
XP_005464230.1,H2A.Z isoform X1,73,K,K73,34,Methyl,Yes,Trypsin only,100,100,100
XP_005464230.1,H2A.Z isoform X1,98,T,T98,21 + 23,Phospho / Dehydrated,Yes,Napho only,99.94571242,99.97651458,98.55327117
XP_005464230.1,H2A.Z isoform X1,110,K,K110,3,Biotin,Yes,Napho only,0.052317337,0.02185524,0.334127349
XP_005464230.1,H2A.Z isoform X1,115,K,K115,378,Lactyl / Carboxyethyl,Yes,Napho only,13.92122671,19.10177691,7.552800581
XP_005464230.1,H2A.Z isoform X1,119,P,P119,35,Oxidation,Yes,Trypsin only,16.57828473,16.56430428,16.62211835
XP_005464230.1,H2A.Z isoform X1,120,R,R120,35,Oxidation,Yes,Trypsin only,16.57828473,16.56430428,16.62211835
XP_005464230.1,H2A.Z isoform X1,120,R,R120,425,Dioxidation,Yes,Trypsin only,16.75504861,16.76902905,16.71121499
XP_005464230.1,H2A.Z isoform X1,137,K,K137,378,Lactyl / Carboxyethyl,Yes,Ambic only,1.432987318,1.612158585,1.922223115
XP_005464230.1,H2A.Z isoform X1,147,P,P147,35,Oxidation,Yes,Ambic and Napho,12.04013695,12.42243299,16.31472558
XP_005464230.1,H2A.Z isoform X1,147,P,P147,425,Dioxidation,Yes,Napho only,13.41317869,11.5044716,6.03640793
XP_005464230.1,H2A.Z isoform X1,151,K,K151,34,Methyl,Yes,Ambic and Napho,16.08520256,10.26605148,9.573733569
XP_005464230.1,H2A.Z isoform X1,151,K,K151,255,Dimethyl,Yes,Ambic only,0.094034692,0.053997885,0.078976961
XP_005464230.1,H2A.Z isoform X1,151,K,K151,425,Dioxidation,Yes,Ambic only,7.158790118,6.856757512,7.994103624
XP_005464230.1,H2A.Z isoform X1,152,S,S152,21 + 23,Phospho / Dehydrated,Yes,Napho only,5.43925602,6.100682031,8.84625315
XP_005464230.1,H2A.Z isoform X1,156,K,K156,34,Methyl,Yes,Ambic and Napho,6.282760449,6.886187708,7.025579439
XP_005464230.1,H2A.Z isoform X1,156,K,K156,255,Dimethyl,Yes,Ambic only,0.057589716,0.030484884,0.067644372
XP_005464230.1,H2A.Z isoform X1,157,K,K157,34,Methyl,Yes,Ambic only,1.404733315,1.241209139,1.303097357
XP_005464230.1,H2A.Z isoform X1,157,K,K157,255,Dimethyl,Yes,Ambic only,1.932943531,2.012090047,2.398244544
XP_005464230.1,H2A.Z isoform X1,157,K,K157,378,Lactyl / Carboxyethyl,Yes,Ambic only,2.152517731,2.408189288,0.828610627
XP_005464230.1,H2A.Z isoform X1,161,K,K161,34,Methyl,Yes,Ambic only,0.045438117,0.019888955,0.050307372
XP_005464230.1,H2A.Z isoform X1,161,K,K161,255,Dimethyl,Yes,Ambic only,0,0,0
XP_005464230.1,H2A.Z isoform X1,162,T,T162,21 + 23,Phospho / Dehydrated,Yes,Napho only,11.37780238,12.71212793,10.26196907
XP_005464230.1,H2A.Z isoform X1,163,V,V163,2,Amidated,Yes,Ambic only,9.987838643,10.17368028,11.22431456
XP_013130603.1,core histone macro-H2A.1 isoform X5,98,T,T98,21 + 23,Phospho / Dehydrated,Yes,Ambic only,7.312412065,7.965055623,5.588543692
XP_019209842.1,H1-like,9,P,P9,425,Dioxidation,Yes,Ambic only,100,100,100
XP_019209842.1,H1-like,11,P,P11,425,Dioxidation,Yes,Ambic only,100,100,100
XP_019209842.1,H1-like,38,K,K38,1,Acetyl,Yes,Napho only,5.178618658,0.358400923,0.995989899
XP_019209842.1,H1-like,38,K,K38,121,GlyGly,Other,Ambic only,1.753486616,1.528169597,0.130353936
XP_019209842.1,H1-like,38,K,K38,425,Dioxidation,Yes,Ambic and Napho,2.888653998,2.035330694,2.631379051
XP_019209842.1,H1-like,43,S,S43,121,GlyGly,Other,Ambic only,0.02556215,0.023673755,0.004230686
XP_019209842.1,H1-like,44,K,K44,53,4-hydroxynonenal,Yes,Ambic and Napho,16.0157082,3.441485874,0.60027903
XP_019209842.1,H1-like,44,K,K44,121,GlyGly,Other,Ambic only,0.25414202,0.110102822,0.041737505
XP_019209842.1,H1-like,55,K,K55,3,Biotin,Yes,Napho only,1.025637086,1.807816888,2.648569855
XP_019209842.1,H1-like,55,K,K55,35,Oxidation,Yes,Ambic only,9.48379278,3.053686867,2.947090286
XP_019209842.1,H1-like,55,K,K55,53,4-hydroxynonenal,Yes,Ambic only,0.55557083,0.50029145,1.218184653
XP_019209842.1,H1-like,55,K,K55,121,GlyGly,Other,Trypsin only,33.33333333,33.33333333,33.33333333
XP_019209842.1,H1-like,55,K,K55,255,Dimethyl,Yes,Ambic and Napho,6.658049943,7.477156968,12.83546236
XP_019209842.1,H1-like,56,K,K56,1,Acetyl,Yes,Ambic and Napho,4.34754019,1.423499108,2.725570744
XP_019209842.1,H1-like,56,K,K56,34,Methyl,Yes,Ambic only,2.338468353,2.803694554,5.637216816
XP_019209842.1,H1-like,56,K,K56,255,Dimethyl,Yes,Ambic only,2.589157552,1.045600528,1.291997827
XP_019209842.1,H1-like,56,K,K56,425,Dioxidation,Yes,Napho only,2.280436252,1.506583805,3.095792896
XP_019209842.1,H1-like,63,Y,Y63,21 + 23,Phospho / Dehydrated,Yes,Napho only,5.359803082,8.288649394,9.459866045
XP_019209842.1,H1-like,64,D,D64,35,Oxidation,Yes,Ambic only,2.338468353,2.803694554,5.637216816
XP_019209842.1,H1-like,66,D,D66,2,Amidated,Yes,Napho only,33.09701707,22.7258395,20.30046721
XP_019209843.1,H1-like,1,S,S1,21 + 23,Phospho / Dehydrated,Yes,Napho only,1.178842743,0.073150841,0.333653296
XP_019209843.1,H1-like,11,P,P11,35,Oxidation,Yes,Ambic only,30.0944222,23.74727019,31.55198744
XP_019209843.1,H1-like,13,K,K13,34,Methyl,Yes,Napho only,48.82115726,49.92684916,49.66634671
XP_019209843.1,H1-like,13,K,K13,255,Dimethyl,Yes,Ambic and Napho,4.151220121,8.943958179,5.102762094
XP_019209843.1,H1-like,15,T,T15,21 + 23,Phospho / Dehydrated,Yes,Ambic only,2.577511553,5.12882899,2.240505139
XP_019209843.1,H1-like,16,K,K16,37,Trimethyl,Yes,Ambic only,0.092985973,0.204059039,0.109856949
XP_019209843.1,H1-like,16,K,K16,53,4-hydroxynonenal,Yes,Ambic only,1.602651861,0.930515923,3.778122655
XP_019209843.1,H1-like,16,K,K16,255,Dimethyl,Yes,Ambic and Napho,6.769919694,3.686625881,5.268465069
XP_019209843.1,H1-like,16,K,K16,378,Lactyl / Carboxyethyl,Yes,Ambic only,4.05086618,8.925543722,5.004540173
XP_019209843.1,H1-like,17,K,K17,37,Trimethyl,Yes,Ambic only,0.142773574,0.065795086,0.574972906
XP_019209843.1,H1-like,17,K,K17,255,Dimethyl,Yes,Ambic only,0,0,0
XP_019209843.1,H1-like,18,K,K18,255,Dimethyl,Yes,Ambic only,5.747357769,7.36609755,1.706981051
XP_019209844.1,H1-like,1,S,S1,1,Acetyl,Yes,Ambic only,100,100,100
XP_019209845.1,H1-like,1,S,S1,1,Acetyl,Yes,Ambic only,4.444891914,2.155665626,3.841761912
XP_019209845.1,H1-like,11,P,P11,425,Dioxidation,Yes,Ambic only,1.440800472,0.839073799,0.787114257
XP_019209845.1,H1-like,17,K,K17,121,GlyGly,Other,Ambic only,0,0,0
XP_019209845.1,H1-like,17,K,K17,378,Lactyl / Carboxyethyl,Yes,Napho only,31.52565867,31.57756496,35.88479399
XP_019209845.1,H1-like,17,K,K17,425,Dioxidation,Yes,Ambic only,1.647402068,0.9392339,0.551980021
XP_019209845.1,H1-like,18,K,K18,121,GlyGly,Other,Ambic only,3.422719677,5.628442686,3.783185599
XP_019209845.1,H1-like,19,K,K19,121,GlyGly,Other,Ambic only,0.051791208,0.024029427,0.067221466
XP_019209845.1,H1-like,47,S,S47,21 + 23,Phospho / Dehydrated,Yes,Napho only,100,100,100
XP_019210164.1,H1 isoform X1,1,S,S1,1,Acetyl,Yes,Ambic only,16.45558605,14.08447076,19.165552
XP_019210164.1,H1 isoform X1,1,S,S1,21 + 23,Phospho / Dehydrated,Yes,Ambic only,1.765139105,1.338002211,1.889864635
XP_019210164.1,H1 isoform X1,5,P,P5,35,Oxidation,Yes,Ambic only,0.642978619,0.492463709,1.019000023
XP_019210164.1,H1 isoform X1,5,P,P5,425,Dioxidation,Yes,Napho only,36.07328127,39.28766,39.66687622
XP_019210164.1,H1 isoform X1,11,P,P11,35,Oxidation,Yes,Ambic only,12.20288819,11.21420827,9.973061945
XP_019210164.1,H1 isoform X1,13,K,K13,34,Methyl,Yes,Ambic only,1.119505207,2.65093435,1.270296607
XP_019210164.1,H1 isoform X1,13,K,K13,37,Trimethyl,Yes,Napho only,0.862872359,1.529992211,2.435856374
XP_019210164.1,H1 isoform X1,13,K,K13,121,GlyGly,Other,Ambic only,0.355982194,0.337086093,0.56579276
XP_019210164.1,H1 isoform X1,13,K,K13,255,Dimethyl,Yes,Ambic only,12.20288819,11.21420827,9.973061945
XP_019210164.1,H1 isoform X1,13,K,K13,378,Lactyl / Carboxyethyl,Yes,Ambic and Napho,9.429608065,4.877428127,5.347684676
XP_019210164.1,H1 isoform X1,16,K,K16,121,GlyGly,Other,Ambic only,2.081326147,4.752284505,2.180523954
XP_019210164.1,H1 isoform X1,17,K,K17,37,Trimethyl,Yes,Napho only,0.500571965,0.747368489,1.287579933
XP_019210164.1,H1 isoform X1,17,K,K17,121,GlyGly,Other,Ambic only,0.096536912,0.013582571,0.166926029
XP_019210164.1,H1 isoform X1,18,K,K18,121,GlyGly,Other,Ambic only,0,0.000193731,1.39597E-06
XP_019210164.1,H1 isoform X1,19,T,T19,121,GlyGly,Other,Ambic only,0.024460198,0.019433552,0.039819335
XP_019210164.1,H1 isoform X1,22,S,S22,121,GlyGly,Other,Ambic only,0.450098719,0.412192507,0.836564069
XP_019210164.1,H1 isoform X1,23,K,K23,121,GlyGly,Other,Ambic only,0,0,0
XP_019210164.1,H1 isoform X1,25,K,K25,121,GlyGly,Other,Ambic only,0.123450384,0.075170931,0.254419536
XP_019218826.1,H1-like,5,P,P5,425,Dioxidation,Yes,Napho only,40.86504632,37.24175317,42.35973865
XP_019218826.1,H1-like,9,P,P9,35,Oxidation,Yes,Napho only,0.412772786,0.807242,0.46890784
XP_019218826.1,H1-like,11,P,P11,35,Oxidation,Yes,Ambic and Napho,1.123884531,1.439428582,0.52424388
XP_019218826.1,H1-like,11,P,P11,425,Dioxidation,Yes,Ambic and Napho,23.09967424,23.99998888,26.02392714
XP_019218826.1,H1-like,13,K,K13,35,Oxidation,Yes,Ambic only,0.760905356,0.778052498,0.972657503
XP_019218826.1,H1-like,13,K,K13,53,4-hydroxynonenal,Yes,Napho only,0.678260495,0.610884358,2.662926197
XP_019218826.1,H1-like,13,K,K13,378,Lactyl / Carboxyethyl,Yes,Napho only,26.9254421,27.63354463,24.29082111
XP_019218826.1,H1-like,16,K,K16,425,Dioxidation,Yes,Ambic and Napho,0.556745911,0.59034963,0.494416896
XP_019218826.1,H1-like,17,K,K17,425,Dioxidation,Yes,Ambic and Napho,27.41963532,26.86436664,26.07700556
XP_019219600.2,H2B 1/2 isoform X1,94,T,T94,1,Acetyl,Yes,Napho only,7.078632646,3.654655471,6.425601622
XP_019219600.2,H2B 1/2 isoform X1,97,R,R97,36,Dimethyl,Yes,Napho only,7.078632646,3.654655471,6.425601622
XP_019219600.2,H2B 1/2 isoform X1,101,P,P101,35,Oxidation,Yes,Ambic only,11.31698299,13.02148662,13.15114769
XP_019219600.2,H2B 1/2 isoform X1,101,P,P101,425,Dioxidation,Yes,Ambic and Napho,50.73060582,49.55955206,47.9636379
XP_025766508.1,"H2A, sperm-like",102,T,T102,21 + 23,Phospho / Dehydrated,Yes,Napho only,16.18031139,3.509047716,3.601811616
XP_025766508.1,"H2A, sperm-like",119,K,K119,53,4-hydroxynonenal,Yes,Napho only,3.948264344,6.488567248,6.771000659
XP_025766508.1,"H2A, sperm-like",120,K,K120,53,4-hydroxynonenal,Yes,Ambic and Napho,75.46348024,82.76561005,81.87395873
XP_025766508.1,"H2A, sperm-like",120,K,K120,378,Lactyl / Carboxyethyl,Yes,Napho only,3.948264344,6.488567248,6.771000659
XP_025766521.1,H4-like,22,K,K22,34,Methyl,Yes,Trypsin only,5.393007905,3.687112252,3.616162948
XP_025766521.1,H4-like,42,R,R42,36,Dimethyl,Yes,Trypsin only,34.07172473,2.979385812,8.107136083
XP_025766521.1,H4-like,46,K,K46,1,Acetyl,Yes,Trypsin only,18.86849372,27.83521567,26.27873355
XP_025766521.1,H4-like,46,K,K46,255,Dimethyl,Yes,Trypsin only,20.88928729,30.82930729,28.99986995
XP_025766521.1,H4-like,46,K,K46,425,Dioxidation,Yes,Trypsin only,0.338203489,0.219613729,0.514741001
XP_025766521.1,H4-like,47,R,R47,34,Methyl,Yes,Trypsin only,8.329811841,12.63150637,12.08093459
XP_025766521.1,H4-like,47,R,R47,36,Dimethyl,Yes,Trypsin only,0.062415443,0.040197176,0.09735996
XP_025766521.1,H4-like,47,R,R47,425,Dioxidation,Yes,Trypsin only,17.35822884,25.44255423,23.83661929
XP_025766521.1,H4-like,49,S,S49,1,Acetyl,Yes,Trypsin only,4.998023494,7.895586442,5.794435451
XP_025766521.1,H4-like,49,S,S49,21 + 23,Phospho / Dehydrated,Yes,Trypsin only,15.2466803,20.50811182,18.99895522
XP_025766521.1,H4-like,53,Y,Y53,21 + 23,Phospho / Dehydrated,Yes,Trypsin only,0,0,0
XP_025766521.1,H4-like,56,T,T56,1,Acetyl,Yes,Ambic and Napho,3.030877027,3.62821659,5.375318664
XP_025766521.1,H4-like,56,T,T56,21 + 23,Phospho / Dehydrated,Yes,"Ambic, Napho, and Trypsin",15.5327843,15.07451115,8.477460679
XP_025766521.1,H4-like,56,T,T56,121,GlyGly,Other,Ambic only,0.049452869,0.01406065,0.030461862
XP_025766521.1,H4-like,57,R,R57,7,Deamidated,Yes,Ambic and Napho,3.877057482,4.588678774,6.740846986
XP_025766521.1,H4-like,57,R,R57,34,Methyl,Yes,"Ambic, Napho, and Trypsin",14.22308567,13.46405297,7.042678398
XP_025766521.1,H4-like,57,R,R57,35,Oxidation,Yes,"Ambic, Napho, and Trypsin",0.047471888,0.090267661,0.053896649
XP_025766521.1,H4-like,57,R,R57,425,Dioxidation,Yes,Ambic and Napho,2.175569329,0.896411559,3.972786
XP_025766521.1,H4-like,61,K,K61,1,Acetyl,Yes,Ambic and Napho,2.648276416,1.500312968,4.645860629
XP_025766521.1,H4-like,61,K,K61,34,Methyl,Yes,Napho only,2.258556841,2.441854613,3.321820782
XP_025766521.1,H4-like,61,K,K61,35,Oxidation,Yes,Ambic and Napho,9.889117266,9.598913467,6.653613926
XP_025766521.1,H4-like,61,K,K61,121,GlyGly,Other,"Ambic, Napho, and Trypsin",3.027272894,1.831284975,2.377648154
XP_025766521.1,H4-like,61,K,K61,378,Lactyl / Carboxyethyl,Yes,Napho only,0.545055659,0.530324522,1.196795916
XP_025766521.1,H4-like,61,K,K61,425,Dioxidation,Yes,Napho only,0.116602947,0.050772983,0.31281456
XP_025766521.1,H4-like,69,R,R69,7,Deamidated,Yes,Ambic and Napho,0.670606872,1.040581395,1.457989292
XP_025766521.1,H4-like,69,R,R69,34,Methyl,Yes,Ambic and Napho,2.54077746,2.477978674,2.274327848
XP_025766521.1,H4-like,69,R,R69,35,Oxidation,Yes,Ambic and Napho,2.603939185,2.887150717,2.400338852
XP_025766521.1,H4-like,73,T,T73,1,Acetyl,Yes,Ambic and Napho,3.497645728,3.353829656,3.339022176
XP_025766521.1,H4-like,73,T,T73,21 + 23,Phospho / Dehydrated,Yes,"Ambic, Napho, and Trypsin",6.786690529,12.18261422,7.91933712
XP_025766521.1,H4-like,74,Y,Y74,21 + 23,Phospho / Dehydrated,Yes,Ambic and Napho,12.11583018,12.20934519,11.00260731
XP_025766521.1,H4-like,74,Y,Y74,35,Oxidation,Yes,Ambic only,0.282350405,0.24604629,0.555410075
XP_025766521.1,H4-like,74,Y,Y74,425,Dioxidation,Yes,Ambic only,0.219427093,0.184698159,0.395199554
XP_025766521.1,H4-like,75,T,T75,1,Acetyl,Yes,Ambic and Napho,3.948798549,4.072807023,3.94888819
XP_025766521.1,H4-like,75,T,T75,21 + 23,Phospho / Dehydrated,Yes,Ambic and Napho,13.92707988,13.34673238,12.22708679
XP_025766521.1,H4-like,79,K,K79,1,Acetyl,Yes,Napho only,0.028667059,0.031617534,0.087626296
XP_025766521.1,H4-like,79,K,K79,425,Dioxidation,Yes,Ambic and Napho,62.23923201,62.40959119,56.63819013
XP_025766521.1,H4-like,80,R,R80,35,Oxidation,Yes,Napho only,0.026918644,0.019010552,0.055022759
XP_025766521.1,H4-like,80,R,R80,425,Dioxidation,Yes,Napho only,0.330268348,0.378460719,1.427282634
XP_025766521.1,H4-like,81,K,K81,1,Acetyl,Yes,Napho only,0.647903666,0.861788775,2.553425819
XP_025766521.1,H4-like,81,K,K81,425,Dioxidation,Yes,Napho only,0.511103763,0.58520818,2.1907625
XP_025766521.1,H4-like,84,T,T84,21 + 23,Phospho / Dehydrated,Yes,Napho only,0.466431185,0.564491335,2.189403522
