Protein Accession,Protein Description,Position,Amino Acid,Amino Acid + Position,Unimod Accession,PTM Description,Biologically Relevant,Digestion Conditions,Mean Relative Abundance - Gills,Standard Deviation - Gills,SEM - Gills,Mean Relative Abundance - Kidney,Standard Deviation - Kidney,SEM - Kidney,Mean Relative Abundance - Testes,Standard Deviation - Testes,SEM - Testes
XP_003438147.1,H2B.L4,7,K,K7,35,Oxidation,Yes,Napho only,100,0,0,100,0,0,100,0,0
XP_003438147.1,H2B.L4,50,S,S50,1,Acetyl,Yes,Trypsin only,9.298012281,9.591651655,1.957887696,3.705943788,2.816616893,0.629814684,5.856814247,5.689524232,1.341033722
XP_003438147.1,H2B.L4,50,S,S50,21 + 23,Phospho / Dehydrated,Yes,Trypsin only,6.58463287,6.176420723,1.260756601,3.835268254,3.565301618,0.797225678,6.835568362,6.072752551,1.431361503
XP_003438147.1,H2B.L4,54,S,S54,1,Acetyl,Yes,Trypsin only,2.909336317,2.501277145,0.510571059,2.342650328,1.468805537,0.328434903,1.998919605,2.077011682,0.489556348
XP_003438147.1,H2B.L4,54,S,S54,21 + 23,Phospho / Dehydrated,Yes,Trypsin only,18.93113771,6.122471036,1.249744167,16.13787403,5.831014892,1.303854568,24.40940475,7.075455404,1.667700832
XP_003438147.1,H2B.L4,68,S,S68,21 + 23,Phospho / Dehydrated,Yes,Ambic and Napho,28.38643847,7.157393194,1.460996768,38.07139299,7.780971762,1.739878179,31.6628888,7.247135341,1.708166181
XP_003438147.1,H2B.L4,69,R,R69,34,Methyl,Yes,Ambic and Napho,6.011835113,3.742265328,0.763886711,2.792431218,1.247880784,0.279034626,1.88269896,0.877458456,0.206818941
XP_003438147.1,H2B.L4,69,R,R69,35,Oxidation,Yes,Ambic only,0.128970557,0.209539268,0.042772024,0.091228468,0.089411762,0.019993078,0.192837969,0.160471762,0.037823557
XP_003438147.1,H2B.L4,69,R,R69,36,Dimethyl,Yes,Ambic and Napho,17.69047924,6.243305583,1.274409416,25.35603744,6.699469751,1.498046978,20.66097442,4.950303467,1.166797717
XP_003438147.1,H2B.L4,69,R,R69,425,Dioxidation,Yes,Napho only,4.540839251,1.869855108,0.381682576,6.506388343,2.107198171,0.471183835,5.100434447,2.447264026,0.576825663
XP_003438147.1,H2B.L4,73,Y,Y73,21 + 23,Phospho / Dehydrated,Yes,Ambic and Napho,17.36445744,4.765156902,0.97268358,10.51560359,2.716192582,0.607359125,12.68361655,3.007572082,0.708891538
XP_003438147.1,H2B.L4,73,Y,Y73,35,Oxidation,Yes,Ambic only,0.598932596,0.708819475,0.144687169,0.444256977,0.301383432,0.067391384,0.648324543,0.569468364,0.134224981
XP_003438147.1,H2B.L4,73,Y,Y73,425,Dioxidation,Yes,Ambic only,4.445085839,3.518433255,0.718197181,4.909630745,2.703553986,0.604533049,4.937641077,4.395394462,1.03600441
XP_003438147.1,H2B.L4,74,N,N74,35,Oxidation,Yes,Ambic only,5.026145364,3.28499178,0.670546139,2.631980934,1.214517345,0.271574334,1.826247745,0.881281992,0.207720157
XP_003438147.1,H2B.L4,74,N,N74,213,ADP-Ribosyl,Yes,Napho only,1.511644482,1.202495895,0.245458447,1.46268096,1.067309223,0.238657597,1.54900141,0.484799665,0.114268377
XP_003438147.1,H2B.L4,75,K,K75,34,Methyl,Yes,Ambic and Napho,3.327811973,1.559755464,0.318383751,3.117654699,1.320747848,0.295328197,2.76410015,0.723724187,0.170583427
XP_003438147.1,H2B.L4,75,K,K75,255,Dimethyl,Yes,Ambic and Napho,0.512170167,0.399771594,0.081603035,0.108594073,0.045747333,0.010229415,0.143493994,0.059195301,0.013952466
XP_003438147.1,H2B.L4,75,K,K75,378,Lactyl / Carboxyethyl,Yes,Ambic and Napho,7.331036326,3.101345545,0.633059508,3.575718297,1.408902051,0.315040076,6.384128868,2.117741394,0.499156434
XP_003438147.1,H2B.L4,75,K,K75,425,Dioxidation,Yes,Ambic and Napho,2.341529813,1.346572064,0.274867872,0.943895166,1.121108393,0.250687458,0.796141053,0.453268579,0.106836429
XP_003438147.1,H2B.L4,76,R,R76,7,Deamidated,Yes,Ambic and Napho,2.178488012,1.432348936,0.292377002,2.217831203,1.499936779,0.33539606,2.142156449,0.99646186,0.234868313
XP_003438147.1,H2B.L4,76,R,R76,34,Methyl,Yes,Ambic only,2.212119769,2.701213772,0.551382952,2.101540679,1.653019768,0.369626457,3.018077315,1.985854422,0.468070376
XP_003438147.1,H2B.L4,76,R,R76,35,Oxidation,Yes,Ambic and Napho,4.025165705,1.769495508,0.361196758,3.38836378,1.026498292,0.229531996,1.523932087,0.757619325,0.178572588
XP_003438147.1,H2B.L4,76,R,R76,36,Dimethyl,Yes,Ambic and Napho,8.475533804,3.945716044,0.805415915,3.860155194,1.583049698,0.353980674,7.067694827,2.126813794,0.501294819
XP_003438147.1,H2B.L4,76,R,R76,425,Dioxidation,Yes,Ambic and Napho,2.853636517,2.164778736,0.441883609,0.674780588,0.216445147,0.048398606,1.43375736,0.528802648,0.124639979
XP_003438147.1,H2B.L4,77,S,S77,21 + 23,Phospho / Dehydrated,Yes,Ambic and Napho,5.309785923,3.127753391,0.638449987,4.933765597,2.653638267,0.593371555,4.630873455,4.46104331,1.051477992
XP_003438147.1,H2B.L4,80,T,T80,21 + 23,Phospho / Dehydrated,Yes,Napho only,2.628457196,1.152982871,0.235351643,2.03407738,0.736434607,0.164671784,1.154886585,0.661150532,0.155834675
XP_003438147.1,H2B.L4,82,R,R82,34,Methyl,Yes,Ambic only,1.324572242,1.948023456,0.397638623,1.0081077,0.819053447,0.183145918,1.532792612,1.308487592,0.308413483
XP_003438147.1,H2B.L4,86,T,T86,1,Acetyl,Yes,Ambic and Napho,23.7143318,13.94938876,2.847407058,4.730848538,3.205414418,0.716752454,5.660007463,2.152126539,0.50726109
XP_003438147.1,H2B.L4,86,T,T86,21 + 23,Phospho / Dehydrated,Yes,Ambic and Napho,22.53021586,5.509452006,1.124612181,31.40370469,4.963554678,1.109884567,28.43611508,3.170208838,0.747225389
XP_003438147.1,H2B.L4,86,T,T86,121,GlyGly,Other,Ambic and Napho,6.4351471,4.418022197,0.901825005,0.675150493,2.359095909,0.527509882,0.209735905,0.221830472,0.052285944
XP_003438147.1,H2B.L4,89,R,R89,7,Deamidated,Yes,Ambic and Napho,1.351764981,1.189424793,0.242790319,0.689269742,0.826904891,0.184901555,0.412052805,0.171710512,0.040472556
XP_003438147.1,H2B.L4,89,R,R89,34,Methyl,Yes,Ambic and Napho,44.35866207,8.72446824,1.780874622,25.95475153,7.268697955,1.625330274,32.19805272,5.442783781,1.28287644
XP_003438147.1,H2B.L4,89,R,R89,35,Oxidation,Yes,Ambic and Napho,10.97918123,1.58054713,0.322627832,18.9014616,4.402479751,0.984424399,14.78937089,2.964459993,0.698729921
XP_003438147.1,H2B.L4,89,R,R89,36,Dimethyl,Yes,Ambic and Napho,10.33414878,3.286278733,0.670808837,7.060343071,2.752010769,0.615368315,8.133536691,2.32043337,0.54693139
XP_003438147.1,H2B.L4,89,R,R89,425,Dioxidation,Yes,Ambic and Napho,9.379931377,3.128535478,0.63860963,12.69333144,3.226781548,0.721530289,10.39538342,2.745072943,0.647019898
XP_003438147.1,H2B.L4,93,P,P93,35,Oxidation,Yes,Napho only,0.056165554,0.079384597,0.016204313,0.057225509,0.099850929,0.022327347,0.022207962,0.057464114,0.013544422
XP_003438147.1,H2B.L4,93,P,P93,425,Dioxidation,Yes,Napho only,0.487882956,0.545512716,0.111352317,0.073258831,0.12245807,0.027382457,0.101464755,0.086318012,0.020345351
XP_003438147.1,H2B.L4,98,K,K98,1,Acetyl,Yes,Napho only,0.877193138,1.156661782,0.236102598,0.126429201,0.228181469,0.051022927,0.125142623,0.122459819,0.028864056
XP_003438147.1,H2B.L4,98,K,K98,121,GlyGly,Other,Ambic only,0.057489285,0.105121159,0.021457767,0.033433466,0.087840616,0.019641759,0.001552456,0.00182441,0.000430017
XP_003438501.2,H1.0-B,81,T,T81,21 + 23,Phospho / Dehydrated,Yes,Trypsin only,19.88007872,7.963506731,1.625544004,14.32901935,8.775067529,1.96216475,14.17817327,4.763186649,1.12269386
XP_003438501.2,H1.0-B,89,S,S89,21 + 23,Phospho / Dehydrated,Yes,Trypsin only,4.653728168,5.065902416,1.034073001,7.109064082,4.812528728,1.076114138,13.90788715,10.74393382,2.532369487
XP_003438501.2,H1.0-B,91,R,R91,34,Methyl,Yes,Trypsin only,4.653728168,5.065902416,1.034073001,7.109064082,4.812528728,1.076114138,13.90788715,10.74393382,2.532369487
XP_003439548.1,H3.3,127,T,T127,1,Acetyl,Yes,Trypsin only,17.19494547,7.692597318,1.570244852,39.30732584,13.60571995,3.04233147,28.94416297,7.901918195,1.86249998
XP_003439548.1,H3.3,127,T,T127,21 + 23,Phospho / Dehydrated,Yes,Trypsin only,9.903283327,8.065188359,1.64629968,12.46657894,4.636755425,1.036810032,22.99010755,5.721459702,1.348560984
XP_003439548.1,H3.3,127,T,T127,121,GlyGly,Other,Trypsin only,32.2918417,20.49062069,4.182630434,3.753469757,6.58886602,1.473315231,6.711374762,7.055341772,1.662960004
XP_003439548.1,H3.3,130,P,P130,35,Oxidation,Yes,Trypsin only,13.50791276,6.184581371,1.262422386,20.20079457,4.440023925,0.992819532,20.61852728,4.039050036,0.952013223
XP_003439548.1,H3.3,130,P,P130,425,Dioxidation,Yes,Trypsin only,17.21133767,8.512341408,1.737574414,28.16790794,7.608086301,1.701219815,28.57338056,5.308882228,1.251315541
XP_003439548.1,H3.3,131,R,R131,34,Methyl,Yes,Trypsin only,49.78153148,13.17124017,2.688568142,29.6954442,7.269532546,1.625516894,40.3025332,6.432798862,1.516225232
XP_003439548.1,H3.3,131,R,R131,35,Oxidation,Yes,Trypsin only,0.100504273,0.238715939,0.048727687,0.155865424,0.329778045,0.073740613,0.038566556,0.066748948,0.015732878
XP_003439548.1,H3.3,131,R,R131,36,Dimethyl,Yes,Trypsin only,32.01607713,12.06117204,2.461976433,38.63916211,12.82985878,2.868843638,31.1489906,9.554257486,2.251960086
XP_003439548.1,H3.3,131,R,R131,425,Dioxidation,Yes,Trypsin only,0.587765399,0.436755952,0.089152435,1.687058194,0.867389662,0.193954225,0.665381071,0.480956113,0.113362443
XP_003446112.1,protamine-like protein,1,S,S1,1,Acetyl,Yes,Ambic only,100,0,0,100,0,0,100,0,0
XP_003446112.1,protamine-like protein,25,K,K25,209,Acrolein112,Other,Trypsin only,6.860593171,5.870255404,1.198260867,16.65629919,9.690976995,2.166968333,4.519418083,4.19938585,0.989804737
XP_003448795.2,H1.10,76,P,P76,35,Oxidation,Yes,Ambic only,2.335042815,1.932915167,0.394554656,3.753453174,3.151836299,0.704772022,4.395348035,8.662074762,2.041670601
XP_003448795.2,H1.10,78,T,T78,21 + 23,Phospho / Dehydrated,Yes,Ambic only,4.241216376,2.053631783,0.419195832,5.602061459,4.446717979,0.994316368,18.65953978,16.77414192,3.953703167
XP_003448795.2,H1.10,110,K,K110,34,Methyl,Yes,Ambic and Napho,4.559815114,4.241298496,0.86575143,7.412681159,6.866165518,1.535321284,1.900050391,6.114934038,1.441303775
XP_003448795.2,H1.10,113,K,K113,1,Acetyl,Yes,Ambic and Napho,0.302107639,0.558139765,0.113929802,0.00978672,0.01642431,0.003672587,0.009633166,0.006038898,0.001423382
XP_003448795.2,H1.10,113,K,K113,35,Oxidation,Yes,Napho only,4.048973425,4.172469467,0.851701763,6.526882063,6.044245333,1.351534344,0.314542235,0.151853939,0.035792317
XP_003448795.2,H1.10,113,K,K113,425,Dioxidation,Yes,Ambic only,0.510841689,0.445265226,0.090889384,0.885799096,1.093948751,0.244614377,1.585508156,6.167408018,1.453672011
XP_003448795.2,H1.10,116,K,K116,1,Acetyl,Yes,Napho only,0.667289581,0.989103416,0.201899889,0.012241059,0.01821877,0.004073841,0.053951706,0.023697097,0.005585459
XP_003448795.2,H1.10,119,K,K119,1,Acetyl,Yes,Trypsin only,50,0,0,50,0,0,50,0,0
XP_003448795.2,H1.10,141,S,S141,21 + 23,Phospho / Dehydrated,Yes,Trypsin only,0.043867712,0.054190406,0.01106157,0.427415063,0.770969658,0.172394056,0.158361539,0.080205093,0.018904522
XP_003448795.2,H1.10,145,R,R145,7,Deamidated,Yes,Trypsin only,1.433900335,1.675630085,0.342036559,1.098727446,0.668436658,0.149466981,2.04276366,2.497450183,0.588654653
XP_003448939.1,H2A,18,S,S18,1,Acetyl,Yes,Trypsin only,2.664610424,3.714821292,0.758284721,0.931855868,0.861029767,0.192532109,0.901688213,1.113509396,0.262456682
XP_003448939.1,H2A,18,S,S18,21 + 23,Phospho / Dehydrated,Yes,Trypsin only,0.410688878,0.177426236,0.036216979,0.21447705,0.091629558,0.020488992,0.835113306,0.976999377,0.230280962
XP_003448939.1,H2A,18,S,S18,121,GlyGly,Other,Trypsin only,0.56486331,0.374555827,0.076455888,0.246558611,0.183742139,0.041085991,0.645539652,0.657487746,0.154971348
XP_003448939.1,H2A,19,S,S19,21 + 23,Phospho / Dehydrated,Yes,Trypsin only,4.360570046,6.157384323,1.256870812,4.701047289,10.51627197,2.351509899,6.605954483,9.711931462,2.289124198
XP_003448939.1,H2A,19,S,S19,121,GlyGly,Other,Trypsin only,68.27683679,24.09822917,4.919030432,64.39077542,21.09984626,4.718069056,60.06041374,31.93814009,7.527891812
XP_003448939.1,H2A,20,R,R20,7,Deamidated,Yes,Trypsin only,24.38137781,22.53790516,4.600530627,29.74540326,18.61284085,4.161957738,31.84333317,30.33849841,7.150852652
XP_003448939.1,H2A,20,R,R20,34,Methyl,Yes,Trypsin only,66.98874962,23.75551298,4.849073782,63.86128278,20.9548457,4.685645944,57.96615792,33.56239944,7.910733412
XP_003448939.1,H2A,35,R,R35,36,Dimethyl,Yes,Trypsin only,100,0,0,100,0,0,100,0,0
XP_003448939.1,H2A,36,K,K36,209,Acrolein112,Other,Trypsin only,82.97705969,29.53369426,6.028540096,82.96762835,26.12461739,5.841642037,60.8574531,38.9359188,9.177284071
XP_003448939.1,H2A,36,K,K36,255,Dimethyl,Yes,Trypsin only,5.677250576,16.5175139,3.371623406,0.996497857,1.534956813,0.343226778,2.891093799,3.171230385,0.74746617
XP_003448939.1,H2A,42,R,R42,7,Deamidated,Yes,Ambic only,0.013647167,0.048446649,0.009889131,0.085489706,0.213247357,0.047683559,0.001421801,0.003293716,0.000776336
XP_003448939.1,H2A,42,R,R42,36,Dimethyl,Yes,Napho only,0.010554351,0.008290031,0.001692196,0.022640035,0.026901079,0.006015264,0.010159999,0.004513654,0.001063878
XP_003448939.1,H2A,48,P,P48,35,Oxidation,Yes,Napho only,0.725850347,0.28978463,0.05915204,1.106978924,0.739464476,0.165349284,1.470477463,0.443780774,0.104600132
XP_003448939.1,H2A,48,P,P48,425,Dioxidation,Yes,Ambic and Napho,1.310021078,1.797642187,0.366942175,1.419774202,1.863172244,0.416617979,1.105264389,1.546109979,0.364421617
XP_003448939.1,H2A,50,Y,Y50,21 + 23,Phospho / Dehydrated,Yes,Napho only,0.519375134,0.217945526,0.044487944,0.314646197,0.242482055,0.054220636,0.778875531,0.164317484,0.038730002
XP_003448939.1,H2A,50,Y,Y50,35,Oxidation,Yes,Ambic only,0.54501273,1.292851815,0.263902272,1.091645141,2.579706233,0.57683985,0.143662899,0.233769474,0.055099994
XP_003448939.1,H2A,50,Y,Y50,425,Dioxidation,Yes,Ambic only,0.317518378,0.45985901,0.093868327,0.583949275,0.80203723,0.179340977,0.347590442,0.831437731,0.195971753
XP_003448939.1,H2A,57,Y,Y57,21 + 23,Phospho / Dehydrated,Yes,Ambic and Napho,50.95684457,2.822402551,0.576120508,58.37656765,14.60212106,3.265133532,46.07128333,10.52947294,2.481820574
XP_003448939.1,H2A,59,T,T59,1,Acetyl,Yes,Ambic and Napho,0.898453633,1.37417237,0.28050176,0.646494704,1.0933082,0.244471145,0.911012424,1.63525179,0.385432543
XP_003448939.1,H2A,59,T,T59,21 + 23,Phospho / Dehydrated,Yes,Ambic and Napho,49.59160865,2.598708315,0.530459113,57.47777897,14.00952892,3.132625899,43.27457203,11.13830501,2.625323669
XP_003448939.1,H2A,59,T,T59,121,GlyGly,Other,Napho only,5.493102181,0.575669268,0.117507997,4.513654464,0.913867775,0.204347047,8.423482995,8.486341109,2.000249782
XP_003448939.1,H2A,74,K,K74,1,Acetyl,Yes,Napho only,5.192012855,5.51365485,1.125470083,0.374810816,0.416765905,0.093191689,1.678854523,0.63035489,0.148576072
XP_003448939.1,H2A,76,T,T76,21 + 23,Phospho / Dehydrated,Yes,Napho only,16.13789875,9.949618806,2.030957434,38.36598195,10.45115116,2.336948444,9.343338633,4.009515252,0.945051808
XP_003448939.1,H2A,77,R,R77,7,Deamidated,Yes,Napho only,1.741117292,2.706394264,0.552440416,0.061962626,0.215133068,0.048105216,1.04311654,0.39203855,0.092404372
XP_003448939.1,H2A,80,P,P80,35,Oxidation,Yes,Trypsin only,33.33333333,7.25825E-15,1.48158E-15,33.33333333,0,0,33.33333333,0,0
XP_003448939.1,H2A,81,R,R81,7,Deamidated,Yes,Trypsin only,17.92688035,4.576285299,0.934130325,19.13324179,6.750873205,1.509541139,16.5837734,0.197820889,0.046626831
XP_003448939.1,H2A,88,R,R88,34,Methyl,Yes,Trypsin only,0.456695516,0.443887333,0.090608122,0.467530008,0.44433893,0.099357205,2.179115441,1.444617288,0.34049956
XP_003448939.1,H2A,91,E,E91,213,ADP-Ribosyl,Yes,Napho only,42.48564022,12.20118778,2.490557027,30.16945098,13.75614044,3.075966514,24.73373929,7.321131326,1.725607202
XP_003448939.1,H2A,95,K,K95,1,Acetyl,Yes,Napho only,0.042044584,0.044665028,0.009117211,0.018625861,0.014145431,0.003163014,0.014308559,0.008209103,0.001934904
XP_003448939.1,H2A,95,K,K95,35,Oxidation,Yes,Ambic only,0.2058649,0.048133128,0.009825134,0.507458203,0.646019817,0.144454423,0.177184895,0.086833178,0.020466776
XP_003448939.1,H2A,95,K,K95,121,GlyGly,Other,Napho only,0.059642036,0.094512409,0.019292265,0.067050449,0.041580728,0.009297734,0.104205084,0.048082233,0.011333091
XP_003448939.1,H2A,95,K,K95,255,Dimethyl,Yes,Napho only,0.209661535,0.152456106,0.031119972,0.106130067,0.114975768,0.025709363,0.200107657,0.224818032,0.052990118
XP_003448939.1,H2A,95,K,K95,425,Dioxidation,Yes,Napho only,1.690596015,0.996551175,0.203420157,0.279336017,0.254716697,0.056956385,0.619857339,0.370364927,0.08729585
XP_003448939.1,H2A,101,T,T101,21 + 23,Phospho / Dehydrated,Yes,Ambic and Napho,3.690153417,2.023924594,0.413131878,1.116033476,0.744990403,0.166584918,1.48723155,0.786484591,0.185376196
XP_003448939.1,H2A,109,P,P109,35,Oxidation,Yes,Napho only,2.755621604,1.623918964,0.33148107,4.201807878,1.305903536,0.292008908,3.604532182,1.480027197,0.348845756
XP_003448939.1,H2A,109,P,P109,425,Dioxidation,Yes,Ambic and Napho,8.804568791,3.446662141,0.703546963,12.93186999,4.450947517,0.995262121,8.935661312,4.085516906,0.96296557
XP_003448939.1,H2A,117,P,P117,425,Dioxidation,Yes,Napho only,0.153730038,0.128064802,0.026141118,0.334981829,0.138764498,0.031028685,0.134769021,0.158577879,0.037377165
XP_003448939.1,H2A,118,K,K118,1,Acetyl,Yes,Ambic and Napho,14.20800267,2.225310074,0.454239517,12.94849311,4.291408477,0.959588107,11.38308613,4.805509619,1.132669479
XP_003448939.1,H2A,118,K,K118,34,Methyl,Yes,Napho only,5.56469664,3.439351268,0.702054638,4.109683351,2.866545496,0.640979059,8.930328959,2.779112621,0.655043127
XP_003448939.1,H2A,118,K,K118,35,Oxidation,Yes,Napho only,0.262979597,0.178623692,0.036461408,0.200256173,0.07067823,0.015804133,0.159732944,0.080281784,0.018922598
XP_003448939.1,H2A,118,K,K118,121,GlyGly,Other,Napho only,0,0,0,0,0,0,0,0,0
XP_003448939.1,H2A,118,K,K118,255,Dimethyl,Yes,Ambic and Napho,10.2975342,4.222240485,0.86186123,8.994947854,2.828313931,0.632430221,7.177568285,5.338743333,1.258353871
XP_003448939.1,H2A,118,K,K118,378,Lactyl / Carboxyethyl,Yes,Ambic and Napho,0.105146134,0.105105313,0.021454532,1.224652366,2.549615743,0.570111412,2.767532431,5.271946159,1.242609626
XP_003448939.1,H2A,119,K,K119,1,Acetyl,Yes,Napho only,0.314621236,0.226115005,0.046155532,0.269463789,0.086224292,0.019280338,0.298922786,0.125746008,0.029638618
XP_003448939.1,H2A,119,K,K119,34,Methyl,Yes,Ambic only,0.142058987,0.056714004,0.011576698,0.155213868,0.267068201,0.059718265,0.087734404,0.04370012,0.010300217
XP_003448939.1,H2A,119,K,K119,121,GlyGly,Other,Napho only,5.323567388,5.695291642,1.162546538,2.389468644,3.79207824,0.847934472,3.278195115,5.949825957,1.402387427
XP_003448939.1,H2A,119,K,K119,255,Dimethyl,Yes,Napho only,4.829456984,4.602073989,0.939394419,3.624744991,2.949862041,0.659609205,1.071426018,1.505025456,0.354737902
XP_003448939.1,H2A,119,K,K119,378,Lactyl / Carboxyethyl,Yes,Ambic and Napho,0.144441941,0.113544187,0.02317711,0.382702585,0.294968848,0.06595704,0.694212475,1.093640889,0.257773629
XP_003448939.1,H2A,120,T,T120,21 + 23,Phospho / Dehydrated,Yes,Ambic and Napho,5.008404539,0.475408783,0.097042411,6.310761014,3.30587617,0.739216384,4.989792891,2.184544505,0.514902078
XP_003448939.1,H2A,120,T,T120,121,GlyGly,Other,Napho only,4.729814857,3.713226364,0.757959158,2.842753461,3.017498666,0.674733214,7.593210129,2.96634995,0.699175388
XP_003448939.1,H2A,122,K,K122,121,GlyGly,Other,Napho only,0,0,0,0,0,0,0,0,0
XP_003448939.1,H2A,122,K,K122,255,Dimethyl,Yes,Napho only,0.962034743,0.858478744,0.17523624,0.69869521,0.449075419,0.100416316,0.982262799,0.746212709,0.175884022
XP_003448939.1,H2A,124,T,T124,21 + 23,Phospho / Dehydrated,Yes,Ambic and Napho,22.09667432,4.156238398,0.84838861,21.67287487,1.125173381,0.251596417,22.94532301,2.511540161,0.591975693
XP_003448939.1,H2A,126,S,S126,21 + 23,Phospho / Dehydrated,Yes,Ambic and Napho,8.692058237,1.033208687,0.21090284,9.722361997,2.559468815,0.572314626,9.485863161,1.745653373,0.411454446
XP_003448939.1,H2A,127,K,K127,1,Acetyl,Yes,Napho only,1.346295294,2.832958605,0.578275254,0.27596809,0.105767493,0.02365033,0.425337136,0.119795209,0.028236002
XP_003448939.1,H2A,127,K,K127,2,Amidated,Yes,Ambic only,16.26348117,0.832507187,0.169934818,16.84566693,3.147830553,0.70387631,16.77870762,6.794578143,1.601497427
XP_003448939.1,H2A,127,K,K127,121,GlyGly,Other,Napho only,0.176747276,0.137648083,0.028097297,0.085597789,0.034605556,0.007738037,0.081932521,0.024082426,0.005676282
XP_003448939.1,H2A,127,K,K127,255,Dimethyl,Yes,Napho only,0,0,0,0,0,0,0,0,0
XP_003450682.1,H1,267,K,K267,209,Acrolein112,Other,Trypsin only,38.40139412,18.04433063,3.683283566,45.09452126,22.74771227,5.086543096,62.08954293,26.97969276,6.359174568
XP_003451196.1,H2B 1/2,54,S,S54,121,GlyGly,Other,Napho only,19.03922891,13.37933745,2.731045821,20.50273459,3.751609881,0.838885472,15.53317683,2.174146147,0.512451161
XP_003451196.1,H2B 1/2,55,K,K55,1,Acetyl,Yes,Ambic and Napho,17.90012935,8.865249144,1.809611404,27.25369705,11.09065474,2.479945792,17.63887501,2.894844619,0.68232142
XP_003451196.1,H2B 1/2,55,K,K55,425,Dioxidation,Yes,Napho only,2.716892523,2.282386809,0.465890257,0.167284698,0.108821967,0.024333332,0.737020226,0.431772803,0.101769826
XP_003451196.1,H2B 1/2,58,S,S58,121,GlyGly,Other,Ambic and Napho,23.2104036,10.08779319,2.059162162,26.89844595,13.88184383,3.104074646,37.09615953,12.14581555,2.862796179
XP_003451196.1,H2B 1/2,70,R,R70,7,Deamidated,Yes,Ambic and Napho,23.90811074,14.99543232,3.060929804,33.31601164,18.20653688,4.07110541,23.65653542,17.69988536,4.171902989
XP_003451196.1,H2B 1/2,70,R,R70,35,Oxidation,Yes,Ambic and Napho,21.29294317,7.643397212,1.560201923,31.65453749,9.157231169,2.047619138,34.06064149,10.26540336,2.419578776
XP_003451196.1,H2B 1/2,76,S,S76,21 + 23,Phospho / Dehydrated,Yes,Ambic and Napho,6.034060285,2.747208376,0.560771561,10.68908542,2.77762155,0.62109506,8.351304235,1.220618791,0.287702608
XP_003451196.1,H2B 1/2,76,S,S76,121,GlyGly,Other,Ambic and Napho,1.403569157,0.896768185,0.183052039,0.512086005,0.523634631,0.117088263,0.42632976,0.397992475,0.093807726
XP_003451196.1,H2B 1/2,77,R,R77,7,Deamidated,Yes,Ambic and Napho,6.954363682,1.940574406,0.396118092,8.691730774,2.533314889,0.56646643,5.71673263,1.560846631,0.367895079
XP_003451196.1,H2B 1/2,77,R,R77,34,Methyl,Yes,Napho only,0.604100584,0.262755456,0.053634733,0.736591028,0.430955862,0.09636466,1.248653297,0.815839387,0.192295188
XP_003451196.1,H2B 1/2,77,R,R77,35,Oxidation,Yes,Ambic and Napho,3.546803323,1.990683918,0.406346653,8.293924347,2.840326419,0.635116295,4.561495501,1.248130848,0.294187262
XP_003451196.1,H2B 1/2,77,R,R77,36,Dimethyl,Yes,Ambic only,0.637948248,1.134576641,0.231594487,0.198591945,0.14709706,0.032891903,0.183921259,0.226163276,0.053307195
XP_003451196.1,H2B 1/2,77,R,R77,425,Dioxidation,Yes,Napho only,1.135527874,0.650515069,0.132785832,1.769455203,0.760057708,0.16995407,3.055979327,0.554722938,0.13074945
XP_003451196.1,H2B 1/2,81,Y,Y81,21 + 23,Phospho / Dehydrated,Yes,Ambic and Napho,7.128865879,2.605517679,0.531849069,7.70729916,1.392487686,0.311369712,6.26688077,1.493244594,0.351961126
XP_003451196.1,H2B 1/2,81,Y,Y81,35,Oxidation,Yes,Ambic only,4.62805936,2.184392326,0.445887216,6.986463865,2.702255079,0.604242605,3.329458922,2.031541172,0.478838846
XP_003451196.1,H2B 1/2,81,Y,Y81,425,Dioxidation,Yes,Ambic only,0.345577915,0.374355348,0.076414965,0.455906285,0.352143744,0.078741735,0.566876379,0.583580791,0.137551311
XP_003451196.1,H2B 1/2,82,N,N82,35,Oxidation,Yes,Ambic only,1.461350282,1.203150201,0.245592006,1.325176894,0.969887798,0.216873505,2.276140144,1.441555838,0.33977797
XP_003451196.1,H2B 1/2,83,K,K83,1,Acetyl,Yes,Ambic and Napho,8.955256044,3.027393446,0.617964099,5.726761949,1.305206122,0.291852961,8.443676659,1.267801057,0.298823575
XP_003451196.1,H2B 1/2,83,K,K83,34,Methyl,Yes,Ambic and Napho,3.039751657,2.869910914,0.585818112,2.683828959,1.869666007,0.418070029,4.377238092,2.558678131,0.603086219
XP_003451196.1,H2B 1/2,83,K,K83,35,Oxidation,Yes,Ambic and Napho,1.86902645,1.134934803,0.231667597,1.167759717,0.559826737,0.125181064,1.140812023,0.919335368,0.216689424
XP_003451196.1,H2B 1/2,83,K,K83,121,GlyGly,Other,Ambic only,0.424005868,0.676222236,0.138033286,0.059645401,0.059240141,0.013246498,0.10236105,0.112694725,0.026562401
XP_003451196.1,H2B 1/2,83,K,K83,255,Dimethyl,Yes,Ambic and Napho,5.50466191,1.359048018,0.277414515,4.926373357,1.410647215,0.315430306,7.732495476,1.240805852,0.292460744
XP_003451196.1,H2B 1/2,83,K,K83,378,Lactyl / Carboxyethyl,Yes,Ambic only,0.568256679,0.73093354,0.149201184,0.443132858,0.368551993,0.082410731,0.70115971,0.731163329,0.172336849
XP_003451196.1,H2B 1/2,83,K,K83,425,Dioxidation,Yes,Ambic and Napho,1.240580869,0.471842365,0.096314419,0.858948161,0.252651937,0.056494691,1.550563459,0.189653278,0.044701706
XP_003451196.1,H2B 1/2,84,R,R84,7,Deamidated,Yes,Ambic and Napho,7.928861594,2.78607659,0.568705502,5.126514788,1.956047645,0.43738555,8.947779241,2.108263513,0.496922476
XP_003451196.1,H2B 1/2,84,R,R84,34,Methyl,Yes,Ambic and Napho,6.884839164,2.048742191,0.418197749,6.131243749,2.051076551,0.45863466,8.515876005,1.866877598,0.44002727
XP_003451196.1,H2B 1/2,84,R,R84,35,Oxidation,Yes,Ambic and Napho,3.309755448,1.300877929,0.265540595,2.52619828,0.592445921,0.132474935,3.759603031,0.930909432,0.219417457
XP_003451196.1,H2B 1/2,84,R,R84,36,Dimethyl,Yes,Ambic and Napho,4.5374333,2.350814887,0.479858079,2.319232483,0.566914714,0.126765984,2.671807685,0.634456169,0.149542753
XP_003451196.1,H2B 1/2,84,R,R84,425,Dioxidation,Yes,Ambic and Napho,1.270247535,0.458025761,0.093494117,0.866920785,0.23726577,0.053054239,1.613459805,0.200069416,0.047156814
XP_003451196.1,H2B 1/2,85,S,S85,21 + 23,Phospho / Dehydrated,Yes,Ambic and Napho,6.9135375,3.548126441,0.724258277,7.814949685,3.531156112,0.789590511,7.587238461,2.584697061,0.60921894
XP_003451196.1,H2B 1/2,85,S,S85,121,GlyGly,Other,Ambic only,0.014429759,0.04099851,0.008368786,0.008096379,0.015013742,0.003357175,0.020171252,0.02893175,0.006819279
XP_003451196.1,H2B 1/2,86,T,T86,21 + 23,Phospho / Dehydrated,Yes,Ambic and Napho,0.477542419,0.463906122,0.094694441,0.169232574,0.0564416,0.012620726,0.187565804,0.081922473,0.019309312
XP_003451196.1,H2B 1/2,88,T,T88,21 + 23,Phospho / Dehydrated,Yes,Ambic and Napho,1.023582804,0.393927725,0.08041016,0.725967211,0.188864226,0.042231325,0.412495755,0.181705665,0.042828436
XP_003451196.1,H2B 1/2,94,T,T94,1,Acetyl,Yes,Ambic and Napho,16.26553026,9.997159923,2.040661724,1.64164997,0.912692604,0.20408427,2.189746566,0.781149227,0.184118639
XP_003451196.1,H2B 1/2,94,T,T94,21 + 23,Phospho / Dehydrated,Yes,Ambic and Napho,7.319474117,2.515870137,0.513549841,11.6329853,1.738710949,0.388787588,11.19108758,1.008057301,0.237601385
XP_003451196.1,H2B 1/2,94,T,T94,121,GlyGly,Other,Ambic and Napho,3.714205018,2.597757219,0.530264972,1.049993882,1.404812262,0.314125571,0.587179301,0.607687554,0.14323333
XP_003451196.1,H2B 1/2,97,R,R97,7,Deamidated,Yes,Ambic and Napho,12.10538906,3.9035409,0.79680695,8.624436787,1.678958937,0.375426632,7.225650274,1.689090567,0.398122465
XP_003451196.1,H2B 1/2,97,R,R97,34,Methyl,Yes,Ambic and Napho,3.36141247,1.943211067,0.396656298,2.734354639,1.634887676,0.365571998,1.464455846,0.952618945,0.224534439
XP_003451196.1,H2B 1/2,97,R,R97,35,Oxidation,Yes,Ambic and Napho,2.731149807,1.167368262,0.238288049,5.28817966,0.835769999,0.186883853,4.797991905,0.665090498,0.156763334
XP_003451196.1,H2B 1/2,97,R,R97,36,Dimethyl,Yes,Napho only,0.203886056,0.170501658,0.034803505,0.508469104,0.241582203,0.054019423,0.293601858,0.150270045,0.035418989
XP_003451196.1,H2B 1/2,97,R,R97,425,Dioxidation,Yes,Ambic and Napho,0.335434405,0.200166438,0.040858803,0.627850707,0.581385423,0.130001733,0.488955684,0.130865141,0.03084521
XP_003451196.1,H2B 1/2,101,P,P101,35,Oxidation,Yes,Ambic and Napho,5.074763353,1.998071228,0.407854581,8.931977954,1.987299918,0.444373771,7.187146683,1.634919614,0.385354248
XP_003451196.1,H2B 1/2,101,P,P101,425,Dioxidation,Yes,Ambic and Napho,2.766370289,0.542430477,0.110723158,4.243879111,3.493005892,0.781059862,3.53646534,1.395204922,0.328852954
XP_003451196.1,H2B 1/2,106,K,K106,1,Acetyl,Yes,Ambic and Napho,19.91536252,4.453917557,0.909152114,7.198346721,2.730376181,0.610530674,10.81699191,4.627198237,1.090641084
XP_003451196.1,H2B 1/2,106,K,K106,3,Biotin,Yes,Napho only,0.035449566,0.037558839,0.007666666,0.051813521,0.026607792,0.005949683,0.072398426,0.024771412,0.005838678
XP_003451196.1,H2B 1/2,106,K,K106,34,Methyl,Yes,Ambic and Napho,8.522094078,1.24044343,0.253204455,4.122319556,1.00400953,0.224503356,5.828627999,2.033593888,0.479322676
XP_003451196.1,H2B 1/2,106,K,K106,35,Oxidation,Yes,Ambic only,1.412386198,1.069653135,0.218342032,0.565681259,0.49848285,0.111464154,0.520640445,0.301443949,0.07105102
XP_003451196.1,H2B 1/2,106,K,K106,121,GlyGly,Other,Ambic only,0.208874312,0.35609877,0.072688357,0.125564882,0.226337883,0.050610689,0.127353234,0.030589464,0.007210006
XP_003451196.1,H2B 1/2,106,K,K106,255,Dimethyl,Yes,Ambic and Napho,0.762538362,0.755820106,0.154281133,0.735118376,0.438000573,0.097939905,0.534588852,0.223990944,0.052795172
XP_003451196.1,H2B 1/2,106,K,K106,378,Lactyl / Carboxyethyl,Yes,Ambic and Napho,0.220722595,0.077711485,0.01586279,0.213583718,0.361970149,0.080938986,0.223468885,0.069801108,0.016452279
XP_003451196.1,H2B 1/2,106,K,K106,425,Dioxidation,Yes,Ambic and Napho,1.795253352,0.703981989,0.143699722,3.39551613,0.668963609,0.14958481,3.135762533,0.831044493,0.195879065
XP_003451196.1,H2B 1/2,110,S,S110,21 + 23,Phospho / Dehydrated,Yes,Ambic and Napho,18.76515149,2.728490991,0.556950891,16.00459197,2.82861196,0.632496863,15.55557007,1.737674257,0.40957375
XP_003451196.1,H2B 1/2,113,T,T113,21 + 23,Phospho / Dehydrated,Yes,Ambic and Napho,12.37730099,2.316367299,0.472826495,12.34509948,1.212026061,0.271017266,14.93180307,4.48744044,1.057699855
XP_003451196.1,H2B 1/2,113,T,T113,121,GlyGly,Other,Ambic and Napho,0.342691788,0.288358962,0.058861027,0.124744653,0.099033171,0.02214449,0.039025396,0.030875333,0.007277386
XP_003451196.1,H2B 1/2,114,K,K114,1,Acetyl,Yes,Ambic and Napho,6.790935778,2.345387331,0.478750184,7.414039246,3.158089707,0.706170326,6.764958418,2.941393582,0.693293116
XP_003451196.1,H2B 1/2,114,K,K114,35,Oxidation,Yes,Ambic and Napho,12.64864141,3.094986636,0.631761502,11.95857707,3.343364795,0.747599096,13.06256,4.624979349,1.090118087
XP_003451196.1,H2B 1/2,114,K,K114,121,GlyGly,Other,Napho only,0.374475365,0.216589331,0.044211112,0.197370436,0.089745028,0.020067598,0.398054981,0.13595815,0.032045643
XP_003451196.1,H2B 1/2,114,K,K114,255,Dimethyl,Yes,Napho only,3.835748772,1.173265064,0.239491728,4.037371112,0.176821232,0.039538429,4.152904887,1.105523772,0.260574452
XP_003451196.1,H2B 1/2,114,K,K114,378,Lactyl / Carboxyethyl,Yes,Napho only,1.616784311,0.455705702,0.093020537,1.56583643,0.069122964,0.015456365,1.685952678,0.24764994,0.058371651
XP_003451196.1,H2B 1/2,117,T,T117,21 + 23,Phospho / Dehydrated,Yes,Ambic and Napho,7.946353647,3.234267327,0.660192054,8.082360633,4.28238163,0.957569643,6.925111927,2.333270742,0.549957188
XP_003451196.1,H2B 1/2,117,T,T117,121,GlyGly,Other,Ambic only,0.580583462,0.523996238,0.106960284,0.080400783,0.074019609,0.016551288,0.399312728,0.249065574,0.058705319
XP_003451196.1,H2B 1/2,118,K,K118,1,Acetyl,Yes,Napho only,0.648061906,0.244088463,0.049824349,0.670917741,0.162989737,0.036445613,0.670061368,0.293034678,0.069068936
XP_003451196.1,H2B 1/2,118,K,K118,34,Methyl,Yes,Ambic only,4.274444573,1.237581235,0.252620212,4.20272832,1.997187617,0.446584727,4.119265536,2.006926423,0.473037094
XP_003451196.1,H2B 1/2,118,K,K118,35,Oxidation,Yes,Napho only,0,0,0,0,0,0,0,0,0
XP_003451196.1,H2B 1/2,118,K,K118,53,4-hydroxynonenal,Yes,Napho only,0.025225874,0.018281967,0.003731791,0.003790089,0.002826097,0.000631934,0.05445184,0.022609585,0.00532913
XP_003451196.1,H2B 1/2,118,K,K118,378,Lactyl / Carboxyethyl,Yes,Ambic and Napho,6.329569336,3.084028055,0.629524591,6.516524203,4.288330206,0.958899785,5.239159249,2.450267286,0.577533538
XP_003451196.1,H2B 1/2,119,Y,Y119,21 + 23,Phospho / Dehydrated,Yes,Ambic and Napho,6.910152797,3.269696293,0.667423961,6.596924986,4.267646769,0.954274828,5.638471977,2.602856042,0.613499052
XP_003451196.1,H2B 1/2,119,Y,Y119,425,Dioxidation,Yes,Ambic only,4.274444573,1.237581235,0.252620212,4.20272832,1.997187617,0.446584727,4.119265536,2.006926423,0.473037094
XP_003451211.1,H2A,94,N,N94,35,Oxidation,Yes,Ambic only,0.316708791,0.039405559,0.008043626,0.267521934,0.308431999,0.068967492,0.45962098,0.395986351,0.093334878
XP_003451211.1,H2A,95,K,K95,1,Acetyl,Yes,Napho only,0.126892432,0.141973239,0.028980166,0.23561105,0.23729459,0.053060683,0.231530809,0.228778237,0.053923548
XP_003451211.1,H2A,95,K,K95,3,Biotin,Yes,Napho only,0.049153435,0.044080404,0.008997875,0.016583043,0.014200481,0.003175324,0.079630321,0.056984719,0.013431427
XP_003451211.1,H2A,95,K,K95,34,Methyl,Yes,Ambic and Napho,4.296437138,0.801925341,0.163692325,3.847059144,0.9153497,0.204678415,4.885337734,0.594414175,0.140104765
XP_003451211.1,H2A,95,K,K95,35,Oxidation,Yes,Ambic and Napho,2.769109291,0.593886301,0.121226534,2.549971299,0.843438029,0.188598477,4.092932019,0.772175002,0.182003393
XP_003451211.1,H2A,95,K,K95,121,GlyGly,Other,Ambic only,0.315296227,0.045816349,0.009352223,0.347033724,0.588916705,0.131685779,0.483039337,0.443513452,0.104537123
XP_003451211.1,H2A,95,K,K95,255,Dimethyl,Yes,Napho only,1.741517977,0.804272072,0.164171349,2.033038722,1.098508609,0.245633992,2.099272368,0.835671022,0.196969549
XP_003451211.1,H2A,95,K,K95,378,Lactyl / Carboxyethyl,Yes,Napho only,0.331751934,0.165640261,0.033811177,0.422872783,0.114580313,0.025620937,0.784460341,0.111277174,0.026228281
XP_003451211.1,H2A,95,K,K95,425,Dioxidation,Yes,Napho only,0.402792877,0.280590684,0.057275334,0.668797445,0.268544165,0.060048301,0.961970215,0.187872924,0.044282073
XP_003451211.1,H2A,101,T,T101,21 + 23,Phospho / Dehydrated,Yes,Ambic and Napho,24.37827584,1.705184346,0.348069297,26.4214484,4.139407628,0.925599684,23.78397521,3.884785363,0.915652691
XP_003451211.1,H2A,101,T,T101,121,GlyGly,Other,Napho only,0.025994339,0.026950259,0.005501198,0.0089909,0.007375206,0.001649146,0.041823172,0.030086424,0.007091438
XP_003451211.1,H2A,109,P,P109,35,Oxidation,Yes,Ambic and Napho,5.932801159,1.290649235,0.263452672,5.979362547,0.768332084,0.171804277,5.663093033,0.667727622,0.15738491
XP_003451211.1,H2A,109,P,P109,425,Dioxidation,Yes,Ambic and Napho,19.32552364,0.893606065,0.182406574,20.23372757,2.974586839,0.665137838,17.97368749,1.819630597,0.428891045
XP_003451211.1,H2A,117,P,P117,35,Oxidation,Yes,Ambic only,3.665617089,0.550350146,0.112339753,3.843585846,1.395041496,0.311940762,3.502108364,0.489312514,0.115332066
XP_003451211.1,H2A,117,P,P117,425,Dioxidation,Yes,Ambic and Napho,4.348819776,0.579468407,0.118283493,4.576903054,1.385234291,0.309747804,4.449010205,0.465825221,0.109796058
XP_003451211.1,H2A,118,K,K118,34,Methyl,Yes,Napho only,1.16688717,0.45809449,0.093508146,0.980756586,0.089564135,0.02002715,0.740616706,0.322237837,0.075952187
XP_003451211.1,H2A,118,K,K118,35,Oxidation,Yes,Ambic and Napho,1.203227525,0.21045401,0.042958745,1.136138351,0.627827761,0.140386555,1.487442593,1.13015255,0.266379511
XP_003451211.1,H2A,118,K,K118,213,ADP-Ribosyl,Yes,Napho only,0.184686399,0.348785565,0.071195555,0.02306306,0.022833937,0.005105823,0.326280215,0.279321523,0.065836714
XP_003451211.1,H2A,118,K,K118,255,Dimethyl,Yes,Ambic and Napho,6.635708517,1.027884431,0.209816031,6.497040032,1.377484207,0.308014832,6.054362135,0.561261253,0.132290546
XP_003451211.1,H2A,119,K,K119,1,Acetyl,Yes,Napho only,0.229466431,0.141698239,0.028924032,0.311177834,0.172559107,0.038585389,0.213770685,0.201756146,0.04755438
XP_003451211.1,H2A,119,K,K119,34,Methyl,Yes,Napho only,3.39665362,0.873170338,0.178235149,3.274780034,0.457223584,0.102238302,2.753286919,0.210520446,0.049620145
XP_003451211.1,H2A,119,K,K119,255,Dimethyl,Yes,Ambic and Napho,0.840305234,0.33445688,0.068270725,0.528588205,0.401290769,0.089731344,0.856084677,0.385318968,0.090820552
XP_003451211.1,H2A,119,K,K119,378,Lactyl / Carboxyethyl,Yes,Napho only,0.324278337,0.16081379,0.032825977,0.308922607,0.127744068,0.028564442,0.338509582,0.048493036,0.011429918
XP_003451211.1,H2A,120,T,T120,21 + 23,Phospho / Dehydrated,Yes,Napho only,5.403579129,1.085580266,0.221593144,4.936280055,0.481942148,0.10776554,4.411524993,0.354902076,0.083651221
XP_003451211.1,H2A,122,K,K122,1,Acetyl,Yes,Napho only,0.324278337,0.16081379,0.032825977,0.308922607,0.127744068,0.028564442,0.338509582,0.048493036,0.011429918
XP_003451211.1,H2A,122,K,K122,34,Methyl,Yes,Napho only,0.633012099,0.689686123,0.14078159,0.525337727,0.316151343,0.070693589,0.474948845,0.251201202,0.059208691
XP_003451211.1,H2A,122,K,K122,121,GlyGly,Other,Napho only,0.146925384,0.159231553,0.032503005,0.099372056,0.047579676,0.010639139,0.08646888,0.016908379,0.003985343
XP_003451211.1,H2A,122,K,K122,255,Dimethyl,Yes,Napho only,2.733837214,1.249055167,0.254962318,2.862769676,0.689482641,0.154173005,2.175775103,0.930603825,0.219345425
XP_003451211.1,H2A,123,P,P123,35,Oxidation,Yes,Napho only,0,0,0,0,0,0,0,0,0
XP_003451211.1,H2A,125,K,K125,425,Dioxidation,Yes,Napho only,0.527284971,0.407175511,0.083114353,0.60827562,0.153696635,0.034367612,0.74308498,0.093474071,0.02203205
XP_003451211.1,H2A,127,K,K127,2,Amidated,Yes,Napho only,4.052825982,0.455565602,0.092991939,3.912245829,0.487161524,0.108932628,3.298079126,0.242758756,0.057218788
XP_003451211.1,H2A,127,K,K127,425,Dioxidation,Yes,Napho only,0.527284971,0.407175511,0.083114353,0.60827562,0.153696635,0.034367612,0.74308498,0.093474071,0.02203205
XP_003458968.1,H2A.Z isoform X2,4,K,K4,34,Methyl,Yes,Ambic only,100,0,0,100,0,0,100,0,0
XP_003459572.1,H2A,94,K,K94,1,Acetyl,Yes,Napho only,0.198327955,0.231706333,0.047296857,0.785948161,1.203938928,0.269208928,0.123729235,0.16020055,0.037759632
XP_003459572.1,H2A,94,K,K94,35,Oxidation,Yes,Ambic only,4.482361484,8.791751319,1.794608723,4.52416733,4.681689641,1.046857629,6.787140189,12.12526329,2.857951964
XP_003459572.1,H2A,100,T,T100,21 + 23,Phospho / Dehydrated,Yes,Ambic and Napho,7.82477261,10.44762815,2.132613165,6.035657098,4.66037587,1.042091725,7.633171667,12.10531607,2.85325036
XP_003459572.1,H2A,108,P,P108,425,Dioxidation,Yes,Napho only,0.735553099,0.685922456,0.140013335,2.247970777,2.46234535,0.550597159,0.724866301,0.981657754,0.231378952
XP_003459572.1,H2A,117,K,K117,1,Acetyl,Yes,Napho only,0,0,0,0,0,0,0,0,0
XP_003459572.1,H2A,117,K,K117,34,Methyl,Yes,Napho only,1.846329674,1.651936544,0.337200135,2.398918903,3.238902592,0.724240637,2.347255399,4.756578585,1.121136324
XP_003459572.1,H2A,117,K,K117,53,4-hydroxynonenal,Yes,Napho only,0.00642818,0.010354334,0.00211357,0.018155293,0.028126902,0.006289367,0.00707056,0.009752902,0.002298781
XP_003459572.1,H2A,118,K,K118,1,Acetyl,Yes,Napho only,0.756355833,0.811652776,0.165677929,0.461437536,0.50836503,0.113673876,0.076931649,0.108157577,0.025492985
XP_003459572.1,H2A,118,K,K118,121,GlyGly,Other,Napho only,1.76192672,1.885705183,0.384917959,2.110787965,3.299747677,0.737846012,1.313462517,1.696895478,0.3999621
XP_003459572.1,H2A,119,T,T119,21 + 23,Phospho / Dehydrated,Yes,Napho only,5.180932536,2.363007529,0.482346892,4.611970419,3.695435197,0.826324431,3.740968891,1.753038062,0.413195034
XP_003459572.1,H2A,119,T,T119,121,GlyGly,Other,Napho only,1.652404503,1.555738527,0.317563797,1.752760011,3.062092604,0.684704722,2.197582599,4.733776912,1.115761918
XP_003459572.1,H2A,121,K,K121,53,4-hydroxynonenal,Yes,Napho only,1.736912397,1.879069324,0.38356342,1.805390979,2.946123651,0.658773275,1.028758362,1.339941329,0.3158272
XP_003459572.1,H2A,123,K,K123,1,Acetyl,Yes,Napho only,3.98128899,1.310106631,0.267424396,1.979894009,0.718023546,0.160554946,2.83688899,0.52949131,0.124802299
XP_003459572.1,H2A,123,K,K123,2,Amidated,Yes,Napho only,3.292622821,1.049196452,0.214166329,1.695744734,0.722569613,0.161571477,2.360018929,0.445203558,0.104935485
XP_003459572.1,H2A,123,K,K123,121,GlyGly,Other,Ambic and Napho,12.4907904,4.73079665,0.965669822,22.13411918,10.74819193,2.40336878,23.20865028,12.4760675,2.94063731
XP_003459572.1,H2A,123,K,K123,378,Lactyl / Carboxyethyl,Yes,Napho only,10.60263048,3.655152448,0.746104869,14.71849195,6.39333568,1.429593318,15.68291876,2.64414902,0.623231901
XP_003459589.1,H1-like,1,A,A1,1,Acetyl,Yes,Ambic only,28.12987833,21.54788498,4.398443603,39.6255566,26.88094734,6.010762555,21.65131344,23.94379954,5.643607674
XP_003459589.1,H1-like,1,A,A1,122,Formyl,Yes,Ambic only,19.33011824,9.406252483,1.920043248,10.070455,14.15792551,3.165808387,5.98421224,6.375053191,1.502614447
XP_003459589.1,H1-like,5,P,P5,35,Oxidation,Yes,Ambic and Napho,11.10869052,3.82946705,0.781686688,9.56659099,6.537872526,1.46191274,12.73291013,3.791469834,0.89365801
XP_003459589.1,H1-like,7,P,P7,35,Oxidation,Yes,Napho only,4.837291506,3.536227124,0.721829339,2.655779417,3.934092839,0.879689902,6.490377646,3.475106688,0.819090502
XP_003459589.1,H1-like,11,P,P11,35,Oxidation,Yes,Ambic and Napho,10.15980434,5.328298492,1.087634375,6.882934054,4.269419782,0.954671286,14.6459607,5.914486433,1.394057821
XP_003459589.1,H1-like,11,P,P11,425,Dioxidation,Yes,Napho only,7.087704459,3.536193877,0.721822553,7.400526178,4.818432407,1.077434241,4.798324824,2.127258616,0.501399664
XP_003459589.1,H1-like,13,K,K13,1,Acetyl,Yes,Ambic and Napho,0.963480643,0.704964726,0.143900322,0.530032582,0.745944591,0.166798281,2.455945503,0.947307185,0.223282445
XP_003459589.1,H1-like,13,K,K13,34,Methyl,Yes,Napho only,5.892170253,3.350121979,0.683840785,6.516359401,4.999248817,1.117866019,2.795292648,2.564169694,0.604380593
XP_003459589.1,H1-like,13,K,K13,35,Oxidation,Yes,Ambic only,1.381283617,1.579074175,0.322327166,1.195642549,1.132577214,0.253251964,3.784509682,2.899777257,0.683484054
XP_003459589.1,H1-like,13,K,K13,255,Dimethyl,Yes,Ambic and Napho,4.215060186,2.293579314,0.468174917,4.144376915,3.346764364,0.748359262,9.393205024,3.616825585,0.852493966
XP_003459589.1,H1-like,18,K,K18,1,Acetyl,Yes,Ambic only,0,0,0,0,0,0,0,0,0
XP_003459589.1,H1-like,18,K,K18,37,Trimethyl,Yes,Napho only,6.818519832,2.789338074,0.56937125,8.190552826,5.054095253,1.130130055,4.131654339,2.666455298,0.628489541
XP_003459589.1,H1-like,21,K,K21,34,Methyl,Yes,Ambic only,2.55444507,1.643178043,0.335412314,0.878332043,0.891214311,0.199281578,3.342403331,1.994560409,0.470122397
XP_003459589.1,H1-like,21,K,K21,35,Oxidation,Yes,Ambic and Napho,6.818519832,2.789338074,0.56937125,8.190552826,5.054095253,1.130130055,4.131654339,2.666455298,0.628489541
XP_003459589.1,H1-like,21,K,K21,37,Trimethyl,Yes,Ambic only,1.381283617,1.579074175,0.322327166,1.195642549,1.132577214,0.253251964,3.784509682,2.899777257,0.683484054
XP_003459589.1,H1-like,21,K,K21,255,Dimethyl,Yes,Napho only,5.32497769,2.230936981,0.455388104,6.806291089,4.588042333,1.025917454,5.113452679,2.791543689,0.657973157
XP_003459589.1,H1-like,35,K,K35,3,Biotin,Yes,Napho only,2.482351537,3.306568667,0.674950503,3.121197467,3.582049142,0.800970538,8.848460857,3.811071418,0.898278148
XP_003459589.1,H1-like,35,K,K35,34,Methyl,Yes,Ambic only,3.638541612,2.742313984,0.559772498,0.99421184,1.214012952,0.271461549,0.184334685,0.170417734,0.040167845
XP_003459589.1,H1-like,35,K,K35,255,Dimethyl,Yes,Ambic only,2.913363285,3.991700891,0.814802532,1.040091287,0.976462443,0.21834364,0.449317239,0.399505845,0.094164431
XP_003459589.1,H1-like,35,K,K35,378,Lactyl / Carboxyethyl,Yes,Napho only,1.558862913,1.429657262,0.291827567,7.586132194,5.290928949,1.183087679,1.304311564,1.534177534,0.361609113
XP_003459589.1,H1-like,38,T,T38,21 + 23,Phospho / Dehydrated,Yes,Ambic only,3.638541612,2.742313984,0.559772498,0.99421184,1.214012952,0.271461549,0.184334685,0.170417734,0.040167845
XP_003459589.1,H1-like,43,R,R43,7,Deamidated,Yes,Ambic and Napho,14.14233513,4.903527757,1.000928412,14.30238598,6.08699257,1.361092916,15.9299205,1.996261205,0.470523278
XP_003459589.1,H1-like,43,R,R43,34,Methyl,Yes,Ambic and Napho,0.013642757,0.01150521,0.002348491,0.028447985,0.10790102,0.024127402,0.012719701,0.007768579,0.001831072
XP_003459589.1,H1-like,43,R,R43,36,Dimethyl,Yes,Ambic only,0.131589538,0.174774739,0.035675744,0.078200001,0.107461866,0.024029204,0.025170123,0.019521809,0.004601335
XP_003459589.1,H1-like,44,K,K44,1,Acetyl,Yes,Ambic and Napho,2.440002493,2.69223417,0.549549999,2.033976538,1.418744468,0.317240907,1.656209304,0.525236335,0.123799391
XP_003459589.1,H1-like,44,K,K44,34,Methyl,Yes,Ambic and Napho,0.009041238,0.010765052,0.002197407,0.100487678,0.175699839,0.039287678,0.01000167,0.010512144,0.002477736
XP_003459589.1,H1-like,44,K,K44,121,GlyGly,Other,Ambic only,0.054226859,0.053667241,0.01095478,0.131289406,0.16305726,0.036460712,0.067309801,0.144697381,0.0341055
XP_003459589.1,H1-like,44,K,K44,209,Acrolein112,Other,Trypsin only,32.07529052,2.6199006,0.534784971,21.93207561,7.977568916,1.783838639,22.38956224,9.83542298,2.318231428
XP_003459589.1,H1-like,44,K,K44,255,Dimethyl,Yes,Ambic only,0.344901246,0.285621074,0.058302158,0.476017962,0.552288854,0.123495542,0.168282783,0.049532591,0.011674944
XP_003459589.1,H1-like,44,K,K44,425,Dioxidation,Yes,Napho only,0.622633273,0.632878627,0.129185809,0.196020584,0.14375171,0.032143859,0.119175594,0.030605127,0.007213698
XP_003459589.1,H1-like,47,S,S47,21 + 23,Phospho / Dehydrated,Yes,Napho only,0.622633273,0.632878627,0.129185809,0.196020584,0.14375171,0.032143859,0.119175594,0.030605127,0.007213698
XP_003459589.1,H1-like,47,S,S47,121,GlyGly,Other,Ambic only,0,0,0,0,0,0,0,0,0
XP_003459589.1,H1-like,52,K,K52,1,Acetyl,Yes,Ambic and Napho,2.878812218,0.797255551,0.162739108,3.24222503,1.894215512,0.423559465,3.047572612,0.976439067,0.230148895
XP_003459589.1,H1-like,52,K,K52,34,Methyl,Yes,Napho only,0,0,0,0,0,0,0,0,0
XP_003459589.1,H1-like,52,K,K52,35,Oxidation,Yes,Ambic and Napho,2.751803961,0.913421481,0.186451379,3.18224816,1.987516996,0.444422311,3.321893716,0.749515777,0.176662563
XP_003459589.1,H1-like,52,K,K52,53,4-hydroxynonenal,Yes,Ambic only,0.894312539,0.355735433,0.072614191,0.549327808,0.543422425,0.121512948,0.663482633,0.327634291,0.077224143
XP_003459589.1,H1-like,52,K,K52,121,GlyGly,Other,Ambic and Napho,5.230095968,2.864283112,0.584669342,5.531702816,2.55979661,0.572387923,6.237603862,0.274244591,0.06464007
XP_003459589.1,H1-like,52,K,K52,255,Dimethyl,Yes,Ambic only,0.307643192,0.102971922,0.021019056,0.509322601,0.690329409,0.154362349,0.247420658,0.121226237,0.028573298
XP_003459589.1,H1-like,52,K,K52,378,Lactyl / Carboxyethyl,Yes,Ambic only,0.843754293,0.453642432,0.092599374,2.279802968,3.874774532,0.866425925,2.31720379,1.974057957,0.465289923
XP_003459589.1,H1-like,52,K,K52,425,Dioxidation,Yes,Napho only,3.429375216,6.373236787,1.300931512,5.657597527,6.152272275,1.375689902,0.079921662,0.022859323,0.005387994
XP_003459589.1,H1-like,53,K,K53,1,Acetyl,Yes,Ambic and Napho,4.215957707,1.038477028,0.211978236,5.030136258,2.093585482,0.468139945,5.497200564,1.203920805,0.283766855
XP_003459589.1,H1-like,53,K,K53,34,Methyl,Yes,Napho only,0,0,0,0,0,0,0,0,0
XP_003459589.1,H1-like,53,K,K53,35,Oxidation,Yes,Ambic only,0.205829301,0.217797815,0.044457793,0.913914909,0.792652283,0.177242439,0.834334226,0.684491431,0.161336178
XP_003459589.1,H1-like,53,K,K53,53,4-hydroxynonenal,Yes,Ambic only,0.247988551,0.154779044,0.03159414,0.115863991,0.158248825,0.035385513,0.285612599,0.15545904,0.036642047
XP_003459589.1,H1-like,53,K,K53,121,GlyGly,Other,Ambic and Napho,5.672524671,2.746965672,0.56072202,6.635955414,3.068129467,0.686054605,7.356049044,1.209868787,0.285168808
XP_003459589.1,H1-like,53,K,K53,255,Dimethyl,Yes,Ambic only,0.016135025,0.024189853,0.004937733,0.01773346,0.028306538,0.006329534,0.022200778,0.032017223,0.007546532
XP_003459589.1,H1-like,53,K,K53,378,Lactyl / Carboxyethyl,Yes,Ambic only,1.319642651,0.454257383,0.0927249,2.280843051,3.704174352,0.828278565,2.797671643,2.021537154,0.476480877
XP_003459589.1,H1-like,53,K,K53,425,Dioxidation,Yes,Napho only,0.612206427,0.788973242,0.161048489,0.259637718,0.257459458,0.057569685,0.17716169,0.044213456,0.010421212
XP_003459589.1,H1-like,60,Y,Y60,21 + 23,Phospho / Dehydrated,Yes,Ambic only,3.647276487,2.048906101,0.418231207,3.473914355,2.113461974,0.472584464,4.234474598,2.283496867,0.538225373
XP_003459589.1,H1-like,60,Y,Y60,35,Oxidation,Yes,Ambic only,7.357022227,3.234705426,0.66028148,3.267073594,3.118989648,0.697427287,5.829318091,3.574269394,0.842463376
XP_003459589.1,H1-like,61,D,D61,35,Oxidation,Yes,Ambic only,0.475359846,0.194428074,0.039687464,0.69743803,0.771513407,0.172515642,0.407252775,0.169480936,0.03994704
XP_003459589.1,H1-like,64,K,K64,1,Acetyl,Yes,Napho only,12.84419031,4.769442283,0.973558329,18.83829394,6.775755344,1.515104955,18.16890271,2.54075365,0.598861378
XP_003459589.1,H1-like,68,R,R68,7,Deamidated,Yes,Napho only,25.91708025,2.211273791,0.451374373,27.52128083,3.020164592,0.675329333,27.09254468,2.773141791,0.653635788
XP_003459589.1,H1-like,75,S,S75,21 + 23,Phospho / Dehydrated,Yes,Napho only,18.68449056,8.868093541,1.810192014,12.55816571,9.856481249,2.203976209,10.15548262,3.062180156,0.721762785
XP_005461836.1,H1-like,34,K,K34,255,Dimethyl,Yes,Napho only,17.85808746,9.98789787,2.038771115,13.98041466,6.185266243,1.383067578,3.652451273,4.299765568,1.013464464
XP_005461836.1,H1-like,34,K,K34,378,Lactyl / Carboxyethyl,Yes,Napho only,6.356174469,3.854970887,0.786892637,3.264433413,2.245416054,0.502090294,1.638030652,1.345903883,0.317232588
XP_005461836.1,H1-like,66,P,P66,425,Dioxidation,Yes,Napho only,26.71535025,9.806389647,2.001720904,29.66934253,13.57964966,3.036501975,29.34683346,4.442183992,1.047032808
XP_005461836.1,H1-like,67,K,K67,255,Dimethyl,Yes,Ambic only,41.80609754,14.0201959,2.861860505,40.64185595,9.859099211,2.204561603,5.543546839,7.140696252,1.683078247
XP_005461836.1,H1-like,70,K,K70,34,Methyl,Yes,Napho only,10.68824586,5.059122692,1.032689095,9.417826818,6.595292306,1.474752193,9.672858813,2.040316787,0.480907279
XP_005461836.1,H1-like,71,R,R71,7,Deamidated,Yes,Napho only,0,0,0,0,0,0,0,0,0
XP_005461836.1,H1-like,74,T,T74,21 + 23,Phospho / Dehydrated,Yes,Napho only,37.40359611,5.194284299,1.060278843,39.08716935,9.541964651,2.13364816,39.01969228,2.412997548,0.568748976
XP_005463512.2,H3,9,K,K9,209,Acrolein112,Other,Trypsin only,67.24752139,17.95943254,3.665953817,40.88545529,10.979928,2.45518654,48.55552169,21.85420443,5.151085383
XP_005463512.2,H3,14,K,K14,1,Acetyl,Yes,Trypsin only,27.02012344,7.543840437,1.539879981,12.07705335,4.028200141,0.900732934,20.28042413,7.787574769,1.835548976
XP_005463512.2,H3,18,K,K18,121,GlyGly,Other,Trypsin only,14.894218,7.747654991,1.581483453,3.029948001,2.227993974,0.498194598,3.346730133,1.6903301,0.398414625
XP_005463512.2,H3,18,K,K18,209,Acrolein112,Other,Trypsin only,48.40854157,16.54125454,3.376469445,15.50151739,9.929316585,2.220262685,26.98079864,10.94714462,2.580266731
XP_005463512.2,H3,22,T,T22,21 + 23,Phospho / Dehydrated,Yes,Trypsin only,4.452797546,1.83635749,0.374844903,1.56961298,1.234297861,0.275997392,3.406092916,1.392745618,0.32827329
XP_005463512.2,H3,23,K,K23,1,Acetyl,Yes,Trypsin only,36.05331209,5.809092711,1.185776084,17.44044824,2.859499756,0.639403584,13.35351017,4.123108854,0.971826077
XP_005463512.2,H3,27,K,K27,1,Acetyl,Yes,Trypsin only,5.799245621,4.243850812,0.86627242,3.610223164,2.246939461,0.502430938,3.864746119,3.38720891,0.798372797
XP_005463512.2,H3,27,K,K27,34,Methyl,Yes,Trypsin only,0.813197413,0.886165164,0.180887707,1.686838109,1.848821639,0.413409086,4.041449033,3.013389422,0.710262698
XP_005463512.2,H3,27,K,K27,35,Oxidation,Yes,Trypsin only,0.629771524,0.786191507,0.160480669,0.839238188,1.138066912,0.254479498,1.979068845,1.67212664,0.394124029
XP_005463512.2,H3,27,K,K27,209,Acrolein112,Other,Trypsin only,1.824386436,0.764946421,0.156144034,9.864520995,5.894759737,1.318108348,5.73273614,3.247396467,0.765418688
XP_005463512.2,H3,27,K,K27,255,Dimethyl,Yes,Trypsin only,77.7962275,18.06245258,3.686982693,64.46015136,9.041657411,2.02177606,60.9463963,11.40964875,2.68928
XP_005463512.2,H3,27,K,K27,378,Lactyl / Carboxyethyl,Yes,Trypsin only,0.595674659,0.748162117,0.152717953,0.810237975,1.104883393,0.247059437,2.009754346,1.626187251,0.383296011
XP_005463512.2,H3,27,K,K27,425,Dioxidation,Yes,Trypsin only,0.789168387,0.957392425,0.195426911,1.184524021,1.22866894,0.274738727,3.751754105,3.151230571,0.742752169
XP_005463512.2,H3,27,K,K27,1289,Butyryl,Yes,Trypsin only,0.03853389,0.031791631,0.006489439,0.240090494,0.215806949,0.048255901,0.156319677,0.121461933,0.028628852
XP_005463512.2,H3,28,S,S28,21 + 23,Phospho / Dehydrated,Yes,Trypsin only,1.496670189,1.638711844,0.334500655,2.280256699,2.256037533,0.504465328,5.432144805,4.025942467,0.94892374
XP_005463512.2,H3,28,S,S28,121,GlyGly,Other,Trypsin only,6.015222368,3.764866765,0.76850021,13.63187048,8.592648041,1.921374513,10.87229791,4.896960448,1.154224647
XP_005463512.2,H3,30,P,P30,425,Dioxidation,Yes,Trypsin only,0.901376358,1.21461071,0.247931373,0.991415803,1.340938898,0.299843053,2.556407411,2.216128343,0.52234646
XP_005463512.2,H3,32,T,T32,21 + 23,Phospho / Dehydrated,Yes,Trypsin only,6.507821247,4.666681816,0.952582437,15.28733293,9.165066871,2.049371254,13.3801117,5.831583374,1.374517383
XP_005463512.2,H3,32,T,T32,121,GlyGly,Other,Trypsin only,1.2286947,1.083276359,0.221122861,3.161634229,2.094510887,0.468346872,5.405329301,3.424812129,0.80723596
XP_005463512.2,H3,36,K,K36,1,Acetyl,Yes,Trypsin only,0.212096448,0.215591284,0.044007387,1.191170041,0.719240846,0.160827142,0.567990025,0.258688984,0.060973578
XP_005463512.2,H3,36,K,K36,34,Methyl,Yes,Trypsin only,0.018189442,0.01929669,0.00393892,0.232967701,0.260885448,0.05833576,0.093466048,0.07631446,0.017987491
XP_005463512.2,H3,36,K,K36,121,GlyGly,Other,Trypsin only,75.99288755,19.13190834,3.905284436,43.3327896,16.21235596,3.625193001,47.67939336,18.21946362,4.294368759
XP_005463512.2,H3,36,K,K36,255,Dimethyl,Yes,Trypsin only,4.175746104,18.52217147,3.780822419,1.584944673,2.605874149,0.582691174,0.764246767,0.910238525,0.214545278
XP_005463512.2,H3,37,K,K37,121,GlyGly,Other,Trypsin only,3.485969298,3.6112877,0.737151015,13.88088725,4.348112788,0.972267577,9.074026666,5.091246035,1.200018199
XP_005463512.2,H3,37,K,K37,255,Dimethyl,Yes,Trypsin only,0.104101923,0.337730852,0.068939022,0.084958487,0.232688264,0.052030678,0.09100758,0.131430077,0.030978366
XP_005463512.2,H3,40,R,R40,36,Dimethyl,Yes,Trypsin only,0.014645919,0.013485906,0.002752799,0.041064461,0.100645642,0.02250505,0.006615493,0.011339983,0.00267286
XP_005463512.2,H3,41,Y,Y41,21 + 23,Phospho / Dehydrated,Yes,Trypsin only,7.692828467,1.946525998,0.397332956,1.980115525,1.854332889,0.414641439,4.853093019,1.977491121,0.466099127
XP_005463512.2,H3,42,R,R42,35,Oxidation,Yes,Trypsin only,0.14023587,0.217931081,0.044484996,0.898652503,0.524816795,0.117352603,0.248324247,0.387905963,0.091430312
XP_005463512.2,H3,43,P,P43,425,Dioxidation,Yes,Trypsin only,7.692828467,1.946525998,0.397332956,1.980115525,1.854332889,0.414641439,4.853093019,1.977491121,0.466099127
XP_005463512.2,H3,54,Y,Y54,21 + 23,Phospho / Dehydrated,Yes,Trypsin only,0.059015006,0.063400509,0.012941575,0.070425203,0.059299995,0.013259882,0.067808208,0.050256574,0.011845588
XP_005463512.2,H3,56,K,K56,1,Acetyl,Yes,Trypsin only,0.631690814,0.397896327,0.081220248,3.656475813,2.730924718,0.610653331,1.242421196,1.680585829,0.396117879
XP_005463512.2,H3,56,K,K56,34,Methyl,Yes,Trypsin only,0.019293398,0.021457154,0.004379923,0.004297429,0.003884138,0.00086852,0.00802197,0.009367319,0.002207898
XP_005463512.2,H3,56,K,K56,378,Lactyl / Carboxyethyl,Yes,Trypsin only,0.521230573,0.549884846,0.112244774,0.268974775,0.209118995,0.046760429,0.41316933,0.342834696,0.080806913
XP_005463512.2,H3,57,S,S57,21 + 23,Phospho / Dehydrated,Yes,Trypsin only,0.866314532,0.752974097,0.153700194,0.35937008,0.293052088,0.065528439,0.618961061,0.489659823,0.115413927
XP_005463512.2,H3,58,T,T58,21 + 23,Phospho / Dehydrated,Yes,Trypsin only,0.006680474,0.00999282,0.002039776,0.001153952,0.001065942,0.000238352,0.002329973,0.003095455,0.000729606
XP_005463512.2,H3,63,R,R63,7,Deamidated,Yes,Ambic and Napho,40.81387,7.200748657,1.469846665,33.4144121,5.137040047,1.148677075,31.7109069,4.433191278,1.044913205
XP_005463512.2,H3,63,R,R63,35,Oxidation,Yes,Ambic and Napho,6.07666069,6.040582699,1.23302878,5.713884515,0.910110439,0.203506881,6.674820646,3.797386819,0.895052657
XP_005463512.2,H3,63,R,R63,425,Dioxidation,Yes,Ambic and Napho,5.590921288,2.839562081,0.579623183,9.240911599,1.107978372,0.247751496,9.729882896,0.905225382,0.213363669
XP_005463512.2,H3,64,K,K64,1,Acetyl,Yes,Ambic and Napho,1.216213085,1.219505056,0.248930427,0.096936873,0.12671799,0.028335004,0.222610219,0.100796984,0.023758077
XP_005463512.2,H3,64,K,K64,34,Methyl,Yes,Ambic and Napho,24.55226228,10.49183929,2.141637728,25.34485153,4.901360894,1.095977614,26.71481565,5.168614819,1.218254196
XP_005463512.2,H3,64,K,K64,35,Oxidation,Yes,Ambic and Napho,7.366109022,5.607623918,1.144651439,1.328813244,2.801865304,0.626516128,1.601720794,2.379123851,0.560764869
XP_005463512.2,H3,64,K,K64,121,GlyGly,Other,Ambic only,1.77175549,2.922245012,0.596500765,0.377597429,1.233562612,0.275832986,0.468463637,0.499354743,0.117699042
XP_005463512.2,H3,64,K,K64,425,Dioxidation,Yes,Ambic only,0,0,0,0,0,0,0,0,0
XP_005463512.2,H3,66,P,P66,35,Oxidation,Yes,Napho only,0.921949483,1.197658307,0.244470978,3.086411171,0.393446544,0.087977322,2.9463065,0.246198823,0.058029619
XP_005463512.2,H3,66,P,P66,425,Dioxidation,Yes,Ambic and Napho,2.739941319,2.802496659,0.572057235,8.335367355,1.851636953,0.41403861,8.351561708,1.434611436,0.338141158
XP_005463512.2,H3,69,R,R69,7,Deamidated,Yes,Ambic and Napho,1.039921084,0.893115781,0.182306495,0.111238109,0.059905556,0.01339529,0.175254775,0.026563358,0.006261043
XP_005463512.2,H3,69,R,R69,35,Oxidation,Yes,Ambic only,1.761743227,1.757116473,0.358669898,4.669109295,1.889788531,0.422569562,4.05470335,1.955391786,0.460890264
XP_005463512.2,H3,72,R,R72,7,Deamidated,Yes,Ambic only,0,0,0,0,0,0,0,0,0
XP_005463512.2,H3,79,K,K79,1,Acetyl,Yes,Trypsin only,0.046973565,0.023302917,0.004756688,0.04577104,0.048321625,0.010805044,0.037202966,0.029994459,0.007069762
XP_005463512.2,H3,79,K,K79,34,Methyl,Yes,"Ambic, Napho, and Trypsin",14.4837362,2.7002992,0.551196266,11.48285695,2.431859369,0.543780286,10.0788334,1.218614978,0.287230305
XP_005463512.2,H3,79,K,K79,35,Oxidation,Yes,Trypsin only,0.631406906,0.455180823,0.092913396,0.962559665,0.512901968,0.114688367,1.052725802,0.709252694,0.167172463
XP_005463512.2,H3,79,K,K79,37,Trimethyl,Yes,Trypsin only,1.150750195,0.796135167,0.16251041,1.713559611,0.671165993,0.150077278,2.195840306,0.758149094,0.178697455
XP_005463512.2,H3,79,K,K79,53,4-hydroxynonenal,Yes,Napho only,0.015765879,0.013456215,0.002746738,0.060205942,0.042823185,0.009575555,0.010930844,0.012733717,0.003001366
XP_005463512.2,H3,79,K,K79,255,Dimethyl,Yes,Napho and Trypsin,4.288971246,1.713216699,0.349708894,1.513959974,0.566802155,0.126740815,1.578213995,0.353880676,0.083410475
XP_005463512.2,H3,79,K,K79,378,Lactyl / Carboxyethyl,Yes,Napho only,0.085054082,0.064258458,0.013116703,0.370495451,0.292625542,0.06543306,0.377719788,0.851382297,0.200672732
XP_005463512.2,H3,79,K,K79,425,Dioxidation,Yes,Ambic only,0.002426914,0.002104865,0.000429654,0.0099137,0.018965175,0.004240742,0.012544726,0.008971011,0.002114487
XP_005463512.2,H3,80,T,T80,1,Acetyl,Yes,Trypsin only,0.793611936,0.49470588,0.100981415,1.148365602,0.553366635,0.123736541,1.236293925,0.777359149,0.183225309
XP_005463512.2,H3,80,T,T80,21 + 23,Phospho / Dehydrated,Yes,Trypsin and Ambic,0.013732577,0.012509246,0.002553439,0.009748656,0.006111493,0.001366571,0.010445135,0.003846682,0.000906672
XP_005463512.2,H3,80,T,T80,121,GlyGly,Other,Napho only,0.015765879,0.013456215,0.002746738,0.060205942,0.042823185,0.009575555,0.010930844,0.012733717,0.003001366
XP_005463512.2,H3,81,D,D81,35,Oxidation,Yes,Ambic only,0.146463901,0.118627139,0.024214663,0.21038341,0.191346711,0.042786425,0.081889083,0.095260641,0.022453148
XP_005463512.2,H3,83,R,R83,7,Deamidated,Yes,Ambic only,8.219159537,1.591997714,0.324965173,7.907325598,2.821596444,0.630928145,7.237620063,3.224454692,0.76001126
XP_005463512.2,H3,83,R,R83,34,Methyl,Yes,"Ambic, Napho, and Trypsin",4.304345442,1.418038824,0.289455963,9.012503123,2.531553701,0.566072616,8.897461269,1.453718117,0.342644646
XP_005463512.2,H3,83,R,R83,35,Oxidation,Yes,Ambic and Trypsin,1.261200163,0.805188323,0.164358378,1.805061201,0.627281929,0.140264503,2.227536785,0.752824139,0.177442351
XP_005463512.2,H3,83,R,R83,36,Dimethyl,Yes,Napho and Trypsin,0.467305991,0.179566748,0.036653909,2.240996312,2.520047258,0.563499698,1.267209448,1.919799347,0.452501046
XP_005463512.2,H3,83,R,R83,425,Dioxidation,Yes,Ambic only,0,0,0,0,0,0,0,0,0
XP_005463512.2,H3,86,S,S86,21 + 23,Phospho / Dehydrated,Yes,Ambic only,0.659486945,0.525708091,0.107309715,0.729589509,0.699937709,0.15651083,0.700255544,0.512224507,0.120732474
XP_005463512.2,H3,87,S,S87,21 + 23,Phospho / Dehydrated,Yes,Ambic only,0.22157955,0.192672219,0.039329052,0.890248689,0.625415522,0.139847162,0.127207977,0.128527917,0.03029432
XP_005463512.2,H3,118,T,T118,21 + 23,Phospho / Dehydrated,Yes,Trypsin only,0.137548924,0.204506125,0.041744638,0.301278957,1.076335793,0.240676,0.082506505,0.047565596,0.011211319
XP_005463512.2,H3,118,T,T118,121,GlyGly,Other,Trypsin only,2.111270353,1.483075799,0.30273158,2.527467889,1.28911829,0.288255613,2.748105178,1.577358971,0.371787075
XP_005463512.2,H3,121,P,P121,425,Dioxidation,Yes,Trypsin only,3.050711695,1.029777348,0.210202421,3.835665501,0.953009548,0.213099413,5.066302408,1.733717466,0.408641126
XP_005463512.2,H3,122,K,K122,1,Acetyl,Yes,Trypsin only,0.645811637,0.430635045,0.08790301,0.250842767,0.166739274,0.037284035,0.263437682,0.15784096,0.037203471
XP_005463512.2,H3,122,K,K122,255,Dimethyl,Yes,Trypsin only,0.773875282,0.497078821,0.101465789,1.54338895,0.939719567,0.210127683,1.453524775,1.87283184,0.441430698
XP_005463512.2,H3,122,K,K122,378,Lactyl / Carboxyethyl,Yes,Trypsin only,1.839091342,0.93227475,0.190299786,0.793103063,0.504372872,0.112781203,0.844855949,0.328366878,0.077396815
XP_005463512.2,H3,122,K,K122,425,Dioxidation,Yes,Trypsin only,0.290833817,0.181354456,0.037018823,0.746022594,0.475293517,0.106278861,0.526595062,0.333795106,0.078676261
XP_005463512.2,H3,128,R,R128,7,Deamidated,Yes,Trypsin only,0.064907515,0.115207848,0.023516703,0.120136251,0.136049719,0.030421642,0.118602447,0.165737556,0.039064717
XP_005464230.1,H2A.Z isoform X1,56,S,S56,1,Acetyl,Yes,Trypsin only,2.33856,4.757485368,0.971117634,1.860807314,4.924087447,1.101059426,1.536646187,4.20201238,0.990423816
XP_005464230.1,H2A.Z isoform X1,56,S,S56,21 + 23,Phospho / Dehydrated,Yes,Trypsin only,0.773783867,1.580655293,0.322649911,1.901347669,5.74019857,1.283547421,1.002145099,2.709319981,0.638592844
XP_005464230.1,H2A.Z isoform X1,56,S,S56,121,GlyGly,Other,Trypsin only,8.754998573,16.84335672,3.438135794,11.67640926,19.21905588,4.297511542,6.067430071,14.11838945,3.327736307
XP_005464230.1,H2A.Z isoform X1,58,R,R58,34,Methyl,Yes,Trypsin only,3.097621801,6.929084692,1.41439349,2.127509282,5.58703281,1.249298515,1.895325192,5.434498219,1.280923514
XP_005464230.1,H2A.Z isoform X1,58,R,R58,36,Dimethyl,Yes,Trypsin only,2.33856,4.757485368,0.971117634,1.860807314,4.924087447,1.101059426,1.536646187,4.20201238,0.990423816
XP_005464230.1,H2A.Z isoform X1,58,R,R58,425,Dioxidation,Yes,Trypsin only,0.773783867,1.580655293,0.322649911,1.901347669,5.74019857,1.283547421,1.002145099,2.709319981,0.638592844
XP_005464230.1,H2A.Z isoform X1,73,K,K73,34,Methyl,Yes,Trypsin only,100,0,0,100,0,0,100,0,0
XP_005464230.1,H2A.Z isoform X1,98,T,T98,21 + 23,Phospho / Dehydrated,Yes,Napho only,99.96516104,0.089658756,0.018301517,98.55419297,5.932549029,1.326558291,98.73750997,4.519137176,1.065170847
XP_005464230.1,H2A.Z isoform X1,110,K,K110,3,Biotin,Yes,Napho only,0.034250568,0.087524332,0.017865829,1.177452802,4.740637892,1.060038858,0.140821377,0.244366339,0.057597698
XP_005464230.1,H2A.Z isoform X1,115,K,K115,378,Lactyl / Carboxyethyl,Yes,Napho only,17.91109542,7.928778743,1.618455184,24.61084163,11.33362563,2.534275734,13.63383551,14.91308492,3.515047825
XP_005464230.1,H2A.Z isoform X1,119,P,P119,35,Oxidation,Yes,Trypsin only,16.65306753,0.168209565,0.034335634,16.05361388,2.767306531,0.618788552,16.63859661,0.087492486,0.020622177
XP_005464230.1,H2A.Z isoform X1,120,R,R120,35,Oxidation,Yes,Trypsin only,16.65306753,0.168209565,0.034335634,16.05361388,2.767306531,0.618788552,16.63859661,0.087492486,0.020622177
XP_005464230.1,H2A.Z isoform X1,120,R,R120,425,Dioxidation,Yes,Trypsin only,16.6802658,0.168209566,0.034335634,17.27971946,2.76730653,0.618788552,16.69473673,0.087492486,0.020622177
XP_005464230.1,H2A.Z isoform X1,137,K,K137,378,Lactyl / Carboxyethyl,Yes,Ambic only,1.444784373,0.822379276,0.167867467,3.053803657,3.827912465,0.855947248,1.186379651,0.9650755,0.227470477
XP_005464230.1,H2A.Z isoform X1,147,P,P147,35,Oxidation,Yes,Ambic and Napho,11.01192511,4.356963921,0.889361536,12.7886042,4.409569513,0.986009718,15.52128417,3.392332985,0.799580552
XP_005464230.1,H2A.Z isoform X1,147,P,P147,425,Dioxidation,Yes,Napho only,14.13165612,12.58951738,2.569824473,10.55236194,12.45002553,2.78391034,5.706654404,1.903763341,0.448721323
XP_005464230.1,H2A.Z isoform X1,151,K,K151,34,Methyl,Yes,Ambic and Napho,14.21059702,6.349044018,1.295993183,10.86496453,5.089663467,1.13808335,10.23258476,3.09582976,0.729694072
XP_005464230.1,H2A.Z isoform X1,151,K,K151,255,Dimethyl,Yes,Ambic only,0.098333092,0.069687927,0.014224989,0.035167633,0.046739538,0.010451279,0.081240561,0.05108877,0.012041739
XP_005464230.1,H2A.Z isoform X1,151,K,K151,425,Dioxidation,Yes,Ambic only,9.345005202,5.747696676,1.173243671,3.889262978,3.607724607,0.806711747,7.160539745,9.181251501,2.164041732
XP_005464230.1,H2A.Z isoform X1,152,S,S152,21 + 23,Phospho / Dehydrated,Yes,Napho only,6.433591367,3.61478336,0.737864564,7.222051309,2.872678851,0.642350519,8.099785051,0.950983619,0.224148989
XP_005464230.1,H2A.Z isoform X1,156,K,K156,34,Methyl,Yes,Ambic and Napho,4.818000581,2.585958758,0.527856621,6.737240015,9.988834168,2.233571222,5.971983937,1.322659022,0.311753721
XP_005464230.1,H2A.Z isoform X1,156,K,K156,255,Dimethyl,Yes,Ambic only,0.043469691,0.043757031,0.008931867,0.033604357,0.05895841,0.013183501,0.075721079,0.04085822,0.009630375
XP_005464230.1,H2A.Z isoform X1,157,K,K157,34,Methyl,Yes,Ambic only,1.472464023,1.182782764,0.241434521,0.542469386,0.533781647,0.119357205,1.416683123,2.008173545,0.473331044
XP_005464230.1,H2A.Z isoform X1,157,K,K157,255,Dimethyl,Yes,Ambic only,1.795493436,1.238187002,0.252743863,1.683508914,0.910716521,0.203642405,2.274310118,1.006964893,0.237343901
XP_005464230.1,H2A.Z isoform X1,157,K,K157,378,Lactyl / Carboxyethyl,Yes,Ambic only,0.972894994,0.482400008,0.098469489,3.73981325,10.18545302,2.277536534,0.880814599,0.345711408,0.08148496
XP_005464230.1,H2A.Z isoform X1,161,K,K161,34,Methyl,Yes,Ambic only,0.048135739,0.066065446,0.013485553,0.039461666,0.055752424,0.012466621,0.046849455,0.026495708,0.006245098
XP_005464230.1,H2A.Z isoform X1,161,K,K161,255,Dimethyl,Yes,Ambic only,0,0,0,0,0,0,0,0,0
XP_005464230.1,H2A.Z isoform X1,162,T,T162,21 + 23,Phospho / Dehydrated,Yes,Napho only,9.555845102,6.25153093,1.276088408,10.6644906,5.211832643,1.165401208,11.80049669,1.516408613,0.357420938
XP_005464230.1,H2A.Z isoform X1,163,V,V163,2,Amidated,Yes,Ambic only,12.24464463,5.316537207,1.085233613,7.0153884,4.20768459,0.940866877,10.47711554,8.322830303,1.961709915
XP_013130603.1,core histone macro-H2A.1 isoform X5,98,T,T98,21 + 23,Phospho / Dehydrated,Yes,Ambic only,5.148166652,6.363924099,1.299030567,8.772688256,8.116253083,1.814849362,6.865863104,11.24152116,2.649651947
XP_019209842.1,H1-like,9,P,P9,425,Dioxidation,Yes,Ambic only,100,0,0,100,0,0,100,0,0
XP_019209842.1,H1-like,11,P,P11,425,Dioxidation,Yes,Ambic only,100,0,0,100,0,0,100,0,0
XP_019209842.1,H1-like,38,K,K38,1,Acetyl,Yes,Napho only,5.617375085,3.887222478,0.793475966,0.319491731,0.247987737,0.055451744,1.008391052,0.546514687,0.128814747
XP_019209842.1,H1-like,38,K,K38,121,GlyGly,Other,Ambic only,0.246208134,0.23167567,0.047290598,0.626509791,0.788136063,0.176232581,0.057157504,0.035777981,0.008432951
XP_019209842.1,H1-like,38,K,K38,425,Dioxidation,Yes,Ambic and Napho,3.357789599,1.431348668,0.292172823,2.080491923,1.269025205,0.283762662,3.107879623,1.10255554,0.259874833
XP_019209842.1,H1-like,43,S,S43,121,GlyGly,Other,Ambic only,0.044670139,0.120301141,0.024556368,0.092854242,0.315570279,0.070563659,0.007773183,0.009134066,0.00215292
XP_019209842.1,H1-like,44,K,K44,53,4-hydroxynonenal,Yes,Ambic and Napho,17.13398832,4.481633201,0.914809546,3.375423587,2.455637439,0.549097224,1.262845304,1.782332473,0.420099793
XP_019209842.1,H1-like,44,K,K44,121,GlyGly,Other,Ambic only,0.179014757,0.108699198,0.022188131,0.062432143,0.049452346,0.011057881,0.018620282,0.013178313,0.003106158
XP_019209842.1,H1-like,55,K,K55,3,Biotin,Yes,Napho only,0.692485597,0.496152189,0.101276641,1.660718496,2.021488628,0.452018599,2.896526442,0.969766042,0.228576048
XP_019209842.1,H1-like,55,K,K55,35,Oxidation,Yes,Ambic only,12.13584112,6.488080876,1.324373963,3.553764151,3.3709105,0.753758502,4.518981563,2.13079873,0.502234077
XP_019209842.1,H1-like,55,K,K55,53,4-hydroxynonenal,Yes,Ambic only,0.985387702,1.042972731,0.212895917,0.658566974,0.647814294,0.14485568,1.966758276,1.339418382,0.31570394
XP_019209842.1,H1-like,55,K,K55,121,GlyGly,Other,Trypsin only,33.33333333,7.25825E-15,1.48158E-15,33.33333333,0,0,33.33333333,0,0
XP_019209842.1,H1-like,55,K,K55,255,Dimethyl,Yes,Ambic and Napho,6.01278019,2.095875204,0.427818735,9.514854446,5.892701821,1.317648184,11.97423826,3.836568081,0.904287769
XP_019209842.1,H1-like,56,K,K56,1,Acetyl,Yes,Ambic and Napho,5.064737902,3.225071469,0.658314957,1.832953379,1.337423566,0.299057001,3.911661855,1.503013934,0.354263782
XP_019209842.1,H1-like,56,K,K56,34,Methyl,Yes,Ambic only,2.551607572,1.638627533,0.334483444,2.962854407,2.971474872,0.664441981,4.375460399,2.078994357,0.490023669
XP_019209842.1,H1-like,56,K,K56,255,Dimethyl,Yes,Ambic only,0.981057776,0.607337436,0.123972235,1.088850248,1.249070718,0.279300703,2.38084284,1.738438941,0.409753988
XP_019209842.1,H1-like,56,K,K56,425,Dioxidation,Yes,Napho only,3.603985814,6.611952374,1.349659127,0.983104648,0.596171672,0.133308038,3.227367432,0.626702273,0.147715142
XP_019209842.1,H1-like,63,Y,Y63,21 + 23,Phospho / Dehydrated,Yes,Napho only,7.754973631,6.979244909,1.424632401,5.30599512,3.567734628,0.797769715,9.13360824,1.927300232,0.454269021
XP_019209842.1,H1-like,64,D,D64,35,Oxidation,Yes,Ambic only,2.551607572,1.638627533,0.334483444,2.962854407,2.971474872,0.664441981,4.375460399,2.078994357,0.490023669
XP_019209842.1,H1-like,66,D,D66,2,Amidated,Yes,Napho only,31.52651228,8.495848556,1.734207824,27.48981685,5.192402716,1.161056544,23.49097749,6.264790912,1.476625379
XP_019209843.1,H1-like,1,S,S1,21 + 23,Phospho / Dehydrated,Yes,Napho only,1.503543981,3.425689443,0.699265929,0.011333169,0.03490154,0.007804222,0.335988019,0.162541742,0.038311456
XP_019209843.1,H1-like,11,P,P11,35,Oxidation,Yes,Ambic only,23.76955428,8.052122065,1.643632534,17.54558416,10.31012701,2.305414484,24.21198591,12.53171147,2.953752721
XP_019209843.1,H1-like,13,K,K13,34,Methyl,Yes,Napho only,48.49645602,3.425689443,0.699265929,49.98866683,0.034901541,0.007804222,49.66401198,0.162541742,0.038311456
XP_019209843.1,H1-like,13,K,K13,255,Dimethyl,Yes,Ambic and Napho,2.35244431,3.670713037,0.749281161,12.63989956,10.39530263,2.324460333,9.756472189,8.014210093,1.888967434
XP_019209843.1,H1-like,15,T,T15,21 + 23,Phospho / Dehydrated,Yes,Ambic only,0.93688846,1.733686919,0.35388736,6.361545938,5.722937852,1.279687807,4.614105585,9.551749564,2.251368963
XP_019209843.1,H1-like,16,K,K16,37,Trimethyl,Yes,Ambic only,0.022524845,0.04924785,0.010052675,0.126083335,0.145972496,0.032640442,0.173570609,0.245387816,0.057838463
XP_019209843.1,H1-like,16,K,K16,53,4-hydroxynonenal,Yes,Ambic only,0.348194147,0.722075194,0.147392982,0.959533641,0.910208351,0.203528775,1.895428504,2.140086423,0.504423207
XP_019209843.1,H1-like,16,K,K16,255,Dimethyl,Yes,Ambic and Napho,8.208959294,4.907797842,1.001800039,2.976656728,2.074260263,0.463818695,6.58771457,3.930656039,0.926464513
XP_019209843.1,H1-like,16,K,K16,378,Lactyl / Carboxyethyl,Yes,Ambic only,2.211379083,3.695024124,0.754243641,12.63989956,10.39530263,2.324460333,9.657010277,8.005605303,1.886939266
XP_019209843.1,H1-like,17,K,K17,37,Trimethyl,Yes,Ambic only,0.052629867,0.098534165,0.020113202,0.217269837,0.309052705,0.069106286,0.66962899,0.815458233,0.192205349
XP_019209843.1,H1-like,17,K,K17,255,Dimethyl,Yes,Ambic only,0,0,0,0,0,0,0,0,0
XP_019209843.1,H1-like,18,K,K18,255,Dimethyl,Yes,Ambic only,15.81234878,8.88372108,1.813381972,9.184759962,8.211691257,1.836189986,2.427081658,3.627692231,0.855055259
XP_019209844.1,H1-like,1,S,S1,1,Acetyl,Yes,Ambic only,100,0,0,100,0,0,100,0,0
XP_019209845.1,H1-like,1,S,S1,1,Acetyl,Yes,Ambic only,12.76035382,11.37839624,2.322605407,3.848156389,3.898820557,0.87180278,5.415306917,1.657013921,0.390561927
XP_019209845.1,H1-like,11,P,P11,425,Dioxidation,Yes,Ambic only,4.167433235,9.111863193,1.859951286,1.552040702,3.237218447,0.723864051,1.270551211,0.638095131,0.150400465
XP_019209845.1,H1-like,17,K,K17,121,GlyGly,Other,Ambic only,0,0,0,0,0,0,0,0,0
XP_019209845.1,H1-like,17,K,K17,378,Lactyl / Carboxyethyl,Yes,Napho only,33.18176798,7.203631775,1.470435179,36.90578699,4.321098069,0.966226902,30.4008613,2.336800915,0.550789258
XP_019209845.1,H1-like,17,K,K17,425,Dioxidation,Yes,Ambic only,3.260310476,2.134115728,0.435624549,1.781126718,1.746782242,0.390592384,0.819859975,0.702487463,0.165577883
XP_019209845.1,H1-like,18,K,K18,121,GlyGly,Other,Ambic only,0.453158957,0.987606879,0.20159441,4.278052974,7.9779705,1.783928436,0.880591209,1.211943183,0.285657748
XP_019209845.1,H1-like,19,K,K19,121,GlyGly,Other,Ambic only,0.013856098,0.055442971,0.011317249,0.011291315,0.024321952,0.005438554,0.019800767,0.036268399,0.008548544
XP_019209845.1,H1-like,47,S,S47,21 + 23,Phospho / Dehydrated,Yes,Napho only,100,0,0,100,0,0,100,0,0
XP_019210164.1,H1 isoform X1,1,S,S1,1,Acetyl,Yes,Ambic only,15.65328648,4.417711043,0.901761491,14.4112932,6.92092437,1.547565736,16.55252429,5.833946961,1.375074486
XP_019210164.1,H1 isoform X1,1,S,S1,21 + 23,Phospho / Dehydrated,Yes,Ambic only,1.897681632,1.137751151,0.232242481,1.197509966,0.641433475,0.143428885,2.502705835,2.122461275,0.50026892
XP_019210164.1,H1 isoform X1,5,P,P5,35,Oxidation,Yes,Ambic only,0.676947078,0.448983116,0.091648295,0.392166427,0.224970118,0.050304848,0.862929747,0.434464364,0.102404233
XP_019210164.1,H1 isoform X1,5,P,P5,425,Dioxidation,Yes,Napho only,36.51473907,8.726493614,1.78128805,39.1423433,2.486256136,0.555943773,39.52029028,1.008640837,0.237738925
XP_019210164.1,H1 isoform X1,11,P,P11,35,Oxidation,Yes,Ambic only,13.40163974,2.311066033,0.471744378,7.043383918,5.156093443,1.152937544,8.058195759,4.253157495,1.002478835
XP_019210164.1,H1 isoform X1,13,K,K13,34,Methyl,Yes,Ambic only,0.8678677,1.280294411,0.261339002,6.231402645,7.035052273,1.573085511,3.884995307,3.947066488,0.930332493
XP_019210164.1,H1 isoform X1,13,K,K13,37,Trimethyl,Yes,Napho only,1.283814595,1.195790235,0.24408966,1.673730988,0.652804876,0.145971608,2.456347933,0.317822068,0.07491138
XP_019210164.1,H1 isoform X1,13,K,K13,121,GlyGly,Other,Ambic only,0.439213888,0.339026019,0.069203396,0.501454734,0.538268589,0.120360515,0.53474022,0.352110281,0.082993189
XP_019210164.1,H1 isoform X1,13,K,K13,255,Dimethyl,Yes,Ambic only,13.40163974,2.311066033,0.471744378,7.043383918,5.156093443,1.152937544,8.058195759,4.253157495,1.002478835
XP_019210164.1,H1 isoform X1,13,K,K13,378,Lactyl / Carboxyethyl,Yes,Ambic and Napho,8.690942355,5.333956676,1.088789347,4.510520475,1.851520756,0.414012627,5.624099984,1.800809299,0.424454822
XP_019210164.1,H1 isoform X1,16,K,K16,121,GlyGly,Other,Ambic only,1.240454823,1.843382211,0.376278818,9.930486903,11.5190313,2.575733703,5.721512027,6.694176478,1.577832527
XP_019210164.1,H1 isoform X1,17,K,K17,37,Trimethyl,Yes,Napho only,0.51678755,0.357425226,0.072959119,0.814077446,0.481431128,0.107651273,1.288196087,0.1553853,0.036624666
XP_019210164.1,H1 isoform X1,17,K,K17,121,GlyGly,Other,Ambic only,0.068874936,0.070639894,0.014419308,0.041161056,0.04341818,0.0097086,0.13949013,0.095433313,0.022493847
XP_019210164.1,H1 isoform X1,18,K,K18,121,GlyGly,Other,Ambic only,0,0,0,0,0,0,8.26295E-05,0.000332484,7.83673E-05
XP_019210164.1,H1 isoform X1,19,T,T19,121,GlyGly,Other,Ambic only,0.019510653,0.020586646,0.004202232,0.014574541,0.019781242,0.00442322,0.050873633,0.091826982,0.021643827
XP_019210164.1,H1 isoform X1,22,S,S22,121,GlyGly,Other,Ambic only,0.518683227,0.307635613,0.062795857,0.328660084,0.224057411,0.05010076,0.672907465,0.34317179,0.080886367
XP_019210164.1,H1 isoform X1,23,K,K23,121,GlyGly,Other,Ambic only,0,0,0,0,0,0,0,0,0
XP_019210164.1,H1 isoform X1,25,K,K25,121,GlyGly,Other,Ambic only,0.096285382,0.100627635,0.02054053,0.049976953,0.052092711,0.011648284,0.289995958,0.196167661,0.046237161
XP_019218826.1,H1-like,5,P,P5,425,Dioxidation,Yes,Napho only,38.32711027,6.251135933,1.276007779,38.83013234,8.491066187,1.89866012,42.55246359,0.769323542,0.181331298
XP_019218826.1,H1-like,9,P,P9,35,Oxidation,Yes,Napho only,0.320634253,0.353210282,0.072098747,0.835241402,0.334577179,0.074813732,0.469657553,0.077260691,0.018210519
XP_019218826.1,H1-like,11,P,P11,35,Oxidation,Yes,Ambic and Napho,1.454574971,0.83982816,0.171429205,1.460980953,0.40079781,0.089621115,0.501386848,0.071619473,0.016880872
XP_019218826.1,H1-like,11,P,P11,425,Dioxidation,Yes,Ambic and Napho,23.42721833,3.138999866,0.640745664,23.66724425,8.193882312,1.832207785,24.65052433,10.44848734,2.462732083
XP_019218826.1,H1-like,13,K,K13,35,Oxidation,Yes,Ambic only,0.771339352,0.586315959,0.119681244,0.554658675,0.584934939,0.130795429,0.823086117,0.516470224,0.121733199
XP_019218826.1,H1-like,13,K,K13,53,4-hydroxynonenal,Yes,Napho only,1.362219104,2.614364402,0.533654899,1.145305513,1.522254752,0.34038651,2.549693749,0.584851048,0.137850714
XP_019218826.1,H1-like,13,K,K13,378,Lactyl / Carboxyethyl,Yes,Napho only,26.82693402,3.227097261,0.65872847,28.67585037,5.041972164,1.12741925,24.48653083,0.325742399,0.07677822
XP_019218826.1,H1-like,16,K,K16,425,Dioxidation,Yes,Ambic and Napho,1.457877222,2.312583756,0.472054183,0.632790623,0.348715171,0.077975083,0.459726477,0.124452624,0.029333765
XP_019218826.1,H1-like,17,K,K17,425,Dioxidation,Yes,Ambic and Napho,27.81946821,1.933877311,0.394751053,25.4849376,8.939339998,1.998897191,27.54409687,10.26853369,2.420316602
XP_019219600.2,H2B 1/2 isoform X1,94,T,T94,1,Acetyl,Yes,Napho only,12.19187977,9.046045391,1.846516283,5.529809729,5.750932909,1.285947692,9.949189611,8.359660043,1.970390768
XP_019219600.2,H2B 1/2 isoform X1,97,R,R97,36,Dimethyl,Yes,Napho only,12.19187977,9.046045391,1.846516283,5.529809729,5.750932909,1.285947692,9.949189611,8.359660043,1.970390768
XP_019219600.2,H2B 1/2 isoform X1,101,P,P101,35,Oxidation,Yes,Ambic only,11.54518514,2.278536312,0.465104277,11.30146547,4.292904401,0.959922606,13.49449761,1.207452427,0.284599266
XP_019219600.2,H2B 1/2 isoform X1,101,P,P101,425,Dioxidation,Yes,Ambic and Napho,33.14638436,8.886499444,1.813949103,31.07468656,12.26134103,2.741719204,27.662794,5.464930215,1.288096405
XP_025766508.1,"H2A, sperm-like",102,T,T102,21 + 23,Phospho / Dehydrated,Yes,Napho only,17.66482836,14.07789068,2.873637402,8.546222029,7.621707282,1.704265559,3.904620248,2.416439862,0.569560338
XP_025766508.1,"H2A, sperm-like",119,K,K119,53,4-hydroxynonenal,Yes,Napho only,3.448902732,2.125022724,0.433768447,5.861396425,2.725267978,0.609388446,6.780874339,0.836661063,0.197202904
XP_025766508.1,"H2A, sperm-like",120,K,K120,53,4-hydroxynonenal,Yes,Ambic and Napho,75.26828117,10.82725328,2.210103821,79.0421474,6.417285709,1.434948708,81.61408043,2.394212189,0.564321225
XP_025766508.1,"H2A, sperm-like",120,K,K120,378,Lactyl / Carboxyethyl,Yes,Napho only,3.448902732,2.125022724,0.433768447,5.861396425,2.725267978,0.609388446,6.780874339,0.836661063,0.197202904
XP_025766521.1,H4-like,22,K,K22,34,Methyl,Yes,Trypsin only,12.69431578,19.90732173,4.063565031,5.930295816,5.826693657,1.30288831,3.715131516,1.21514508,0.286412442
XP_025766521.1,H4-like,42,R,R42,36,Dimethyl,Yes,Trypsin only,31.75918365,31.53504115,6.437063319,4.776385133,3.127933147,0.699427115,8.431317801,7.091497542,1.671482
XP_025766521.1,H4-like,46,K,K46,1,Acetyl,Yes,Trypsin only,18.59902351,9.898830651,2.020590345,27.46242556,0.938955492,0.209956831,25.96352151,2.041170584,0.481108521
XP_025766521.1,H4-like,46,K,K46,255,Dimethyl,Yes,Trypsin only,22.64937589,11.2876907,2.304090216,30.20297336,1.03126784,0.230598499,28.97331154,2.251489689,0.530681209
XP_025766521.1,H4-like,46,K,K46,425,Dioxidation,Yes,Trypsin only,0.290697683,0.31504325,0.064307934,0.216858184,0.131522694,0.029409368,0.524885161,0.427598914,0.100786031
XP_025766521.1,H4-like,47,R,R47,34,Methyl,Yes,Trypsin only,7.999212864,4.403168226,0.89879295,12.4052723,0.570963716,0.127671368,12.13241605,1.107954166,0.261147301
XP_025766521.1,H4-like,47,R,R47,36,Dimethyl,Yes,Trypsin only,0.072336009,0.150652753,0.030751864,0.038666266,0.028595386,0.006394123,0.098718167,0.110343756,0.026008273
XP_025766521.1,H4-like,47,R,R47,425,Dioxidation,Yes,Trypsin only,18.54757719,9.00783077,1.838715756,24.88898519,0.938761535,0.209913461,23.81177481,1.74089055,0.410331838
XP_025766521.1,H4-like,49,S,S49,1,Acetyl,Yes,Trypsin only,4.713472309,4.376229394,0.893294084,6.655510558,4.380797383,0.979576074,4.672788627,4.215298839,0.993555464
XP_025766521.1,H4-like,49,S,S49,21 + 23,Phospho / Dehydrated,Yes,Trypsin only,15.25082857,3.870893453,0.790142817,20.37646423,2.199272046,0.49177218,18.93922201,1.956645993,0.461185883
XP_025766521.1,H4-like,53,Y,Y53,21 + 23,Phospho / Dehydrated,Yes,Trypsin only,0,0,0,0,0,0,0,0,0
XP_025766521.1,H4-like,56,T,T56,1,Acetyl,Yes,Ambic and Napho,3.922680767,2.064352182,0.421384125,3.519973633,1.187316304,0.265491997,3.722758116,1.302921029,0.307101432
XP_025766521.1,H4-like,56,T,T56,21 + 23,Phospho / Dehydrated,Yes,"Ambic, Napho, and Trypsin",13.06492213,5.986701454,1.222030317,16.01478814,10.97628255,2.454371392,9.642361463,1.977389591,0.466075196
XP_025766521.1,H4-like,56,T,T56,121,GlyGly,Other,Ambic only,0.07206118,0.077401299,0.015799474,0.084503549,0.215246471,0.048130574,0.039692486,0.020572999,0.004849102
XP_025766521.1,H4-like,57,R,R57,7,Deamidated,Yes,Ambic and Napho,4.742088653,2.128771806,0.434533725,3.73617522,1.336850428,0.298928843,4.835652582,1.574656678,0.371150138
XP_025766521.1,H4-like,57,R,R57,34,Methyl,Yes,"Ambic, Napho, and Trypsin",11.2702036,6.095034212,1.244143649,12.55659368,10.84188546,2.42431929,8.084156104,2.067171646,0.487237029
XP_025766521.1,H4-like,57,R,R57,35,Oxidation,Yes,"Ambic, Napho, and Trypsin",0.037654758,0.034069223,0.006954351,0.234915155,0.42646835,0.095361222,0.065074679,0.054923089,0.012945496
XP_025766521.1,H4-like,57,R,R57,425,Dioxidation,Yes,Ambic and Napho,1.108306361,1.104382916,0.225431219,0.594556832,0.560986351,0.125440362,4.572836149,2.863239361,0.674871989
XP_025766521.1,H4-like,61,K,K61,1,Acetyl,Yes,Ambic and Napho,1.568675767,1.189655186,0.242837348,0.724986633,0.662483313,0.148135772,5.034624619,3.073059585,0.724327091
XP_025766521.1,H4-like,61,K,K61,34,Methyl,Yes,Napho only,3.473189738,2.33263374,0.476146868,3.433469628,1.202592211,0.268907793,3.467270327,0.796645,0.187771027
XP_025766521.1,H4-like,61,K,K61,35,Oxidation,Yes,Ambic and Napho,11.44189921,3.563644253,0.727425837,11.6145655,5.863122562,1.311034061,7.058796601,2.680578087,0.631818314
XP_025766521.1,H4-like,61,K,K61,121,GlyGly,Other,"Ambic, Napho, and Trypsin",2.850767405,2.083202151,0.425231858,2.383287919,1.524220663,0.340826102,2.246119835,1.494819469,0.352332328
XP_025766521.1,H4-like,61,K,K61,378,Lactyl / Carboxyethyl,Yes,Napho only,0.405302902,0.3426534,0.069943832,0.851010077,0.441303133,0.09867838,1.382681176,0.474035851,0.111731321
XP_025766521.1,H4-like,61,K,K61,425,Dioxidation,Yes,Napho only,0.192037697,0.228547435,0.04665205,0.059241484,0.027146983,0.00607025,0.366721508,0.119921891,0.028265861
XP_025766521.1,H4-like,69,R,R69,7,Deamidated,Yes,Ambic and Napho,0.886047255,0.708205796,0.144561903,1.583435175,0.991720015,0.221755337,1.444218494,0.211415861,0.049831196
XP_025766521.1,H4-like,69,R,R69,34,Methyl,Yes,Ambic and Napho,2.251192213,1.028638689,0.209969993,2.253201158,0.73736174,0.164879097,2.247122867,0.42017222,0.099035542
XP_025766521.1,H4-like,69,R,R69,35,Oxidation,Yes,Ambic and Napho,2.419658688,1.153402705,0.235437341,2.624257252,1.40158117,0.313403077,2.217518156,1.034365625,0.243802316
XP_025766521.1,H4-like,73,T,T73,1,Acetyl,Yes,Ambic and Napho,3.603191449,1.151790195,0.235108189,3.342524627,0.276542158,0.061836706,3.388519902,0.699646811,0.164908335
XP_025766521.1,H4-like,73,T,T73,21 + 23,Phospho / Dehydrated,Yes,"Ambic, Napho, and Trypsin",7.213328982,2.53774996,0.518016041,12.87018267,3.439469932,0.769088857,9.077364844,3.390116971,0.799058233
XP_025766521.1,H4-like,74,Y,Y74,21 + 23,Phospho / Dehydrated,Yes,Ambic and Napho,12.22739597,2.096287232,0.427902839,12.323516,2.990351933,0.66866302,11.97378288,2.638805523,0.621972426
XP_025766521.1,H4-like,74,Y,Y74,35,Oxidation,Yes,Ambic only,0.35996884,0.194478547,0.039697767,0.655502393,2.000152746,0.447247751,0.649061714,0.279747105,0.065937025
XP_025766521.1,H4-like,74,Y,Y74,425,Dioxidation,Yes,Ambic only,0.25406981,0.155604685,0.031762673,0.358047681,0.933137299,0.208655843,0.463596946,0.159049459,0.037488317
XP_025766521.1,H4-like,75,T,T75,1,Acetyl,Yes,Ambic and Napho,4.483307255,1.17174335,0.23918111,4.590023051,2.056373835,0.459819168,5.118070796,2.693972737,0.634975463
XP_025766521.1,H4-like,75,T,T75,21 + 23,Phospho / Dehydrated,Yes,Ambic and Napho,13.20538101,3.29738826,0.67307656,13.17697073,3.17925017,0.71090195,11.10945656,3.17833388,0.74914048
XP_025766521.1,H4-like,79,K,K79,1,Acetyl,Yes,Napho only,0.172616405,0.407095507,0.083098022,0.031570559,0.012898701,0.002884237,0.088717661,0.020714076,0.004882355
XP_025766521.1,H4-like,79,K,K79,425,Dioxidation,Yes,Ambic and Napho,59.89264837,5.90838723,1.206044493,60.74604767,5.124854104,1.145952215,55.48639745,2.365079287,0.557454534
XP_025766521.1,H4-like,80,R,R80,35,Oxidation,Yes,Napho only,0.102852665,0.224666863,0.045859931,0.018391895,0.008819302,0.001972056,0.055580769,0.011478172,0.002705431
XP_025766521.1,H4-like,80,R,R80,425,Dioxidation,Yes,Napho only,0.355493582,0.465104191,0.094938995,0.384915871,0.172767833,0.038632062,1.457298568,0.382370476,0.090125586
XP_025766521.1,H4-like,81,K,K81,1,Acetyl,Yes,Napho only,0.806815717,1.133750327,0.231425817,0.839054591,0.444085648,0.09930057,2.60272295,0.652426964,0.15377851
XP_025766521.1,H4-like,81,K,K81,425,Dioxidation,Yes,Napho only,0.60712843,0.807735629,0.164878345,0.595062799,0.265306254,0.059324282,2.236826829,0.583746131,0.137590283
XP_025766521.1,H4-like,84,T,T84,21 + 23,Phospho / Dehydrated,Yes,Napho only,2.033055874,5.206165955,1.062704175,0.546737373,0.294859958,0.065932691,2.235151355,0.58712402,0.138386459
